/*
Navicat MySQL Data Transfer

Source Server         : lyt
Source Server Version : 80011
Source Host           : localhost:3306
Source Database       : ry-vue

Target Server Type    : MYSQL
Target Server Version : 80011
File Encoding         : 65001

Date: 2022-04-12 19:12:23
*/

SET FOREIGN_KEY_CHECKS=0;

-- ----------------------------
-- Table structure for gen_table
-- ----------------------------
DROP TABLE IF EXISTS `gen_table`;
CREATE TABLE `gen_table` (
  `table_id` bigint(20) NOT NULL AUTO_INCREMENT COMMENT '编号',
  `table_name` varchar(200) DEFAULT '' COMMENT '表名称',
  `table_comment` varchar(500) DEFAULT '' COMMENT '表描述',
  `sub_table_name` varchar(64) DEFAULT NULL COMMENT '关联子表的表名',
  `sub_table_fk_name` varchar(64) DEFAULT NULL COMMENT '子表关联的外键名',
  `class_name` varchar(100) DEFAULT '' COMMENT '实体类名称',
  `tpl_category` varchar(200) DEFAULT 'crud' COMMENT '使用的模板（crud单表操作 tree树表操作）',
  `package_name` varchar(100) DEFAULT NULL COMMENT '生成包路径',
  `module_name` varchar(30) DEFAULT NULL COMMENT '生成模块名',
  `business_name` varchar(30) DEFAULT NULL COMMENT '生成业务名',
  `function_name` varchar(50) DEFAULT NULL COMMENT '生成功能名',
  `function_author` varchar(50) DEFAULT NULL COMMENT '生成功能作者',
  `gen_type` char(1) DEFAULT '0' COMMENT '生成代码方式（0zip压缩包 1自定义路径）',
  `gen_path` varchar(200) DEFAULT '/' COMMENT '生成路径（不填默认项目路径）',
  `options` varchar(1000) DEFAULT NULL COMMENT '其它生成选项',
  `create_by` varchar(64) DEFAULT '' COMMENT '创建者',
  `create_time` datetime DEFAULT NULL COMMENT '创建时间',
  `update_by` varchar(64) DEFAULT '' COMMENT '更新者',
  `update_time` datetime DEFAULT NULL COMMENT '更新时间',
  `remark` varchar(500) DEFAULT NULL COMMENT '备注',
  PRIMARY KEY (`table_id`)
) ENGINE=InnoDB AUTO_INCREMENT=39 DEFAULT CHARSET=utf8mb4 COLLATE=utf8mb4_0900_ai_ci COMMENT='代码生成业务表';

-- ----------------------------
-- Records of gen_table
-- ----------------------------
INSERT INTO `gen_table` VALUES ('14', 'mms_project', '项目表', '', '', 'MmsProject', 'crud', 'com.ruoyi.project', 'project', 'project', '项目立项', 'linyuting', '0', '/', '{\"parentMenuId\":\"2099\"}', 'admin', '2022-03-16 19:11:14', '', '2022-03-16 22:37:38', null);
INSERT INTO `gen_table` VALUES ('15', 'mms_project_type', '项目类型表', null, null, 'MmsProjectType', 'crud', 'com.ruoyi.project', 'project', 'type', '项目类型', 'linyuting', '0', '/', '{\"parentMenuId\":2099}', 'admin', '2022-03-16 19:11:14', '', '2022-03-16 21:37:53', null);
INSERT INTO `gen_table` VALUES ('16', 'sys_user', '用户信息表', null, null, 'SysUser', 'crud', 'com.ruoyi.project', 'project', 'user', '用户信息', 'linyuting', '0', '/', null, 'admin', '2022-03-17 20:06:24', '', null, null);
INSERT INTO `gen_table` VALUES ('18', 'mms_supplier', '供应商表', null, null, 'MmsSupplier', 'crud', 'com.ruoyi.supplier', 'supplier', 'supplier', '供应商管理', 'linyuting', '0', '/', '{\"parentMenuId\":2133}', 'admin', '2022-03-18 14:48:42', '', '2022-03-18 14:55:31', null);
INSERT INTO `gen_table` VALUES ('19', 'mms_supplier_type', '供应商类型表', null, null, 'MmsSupplierType', 'crud', 'com.ruoyi.supplier', 'supplier', 'type', '供应商类型管理', 'linyuting', '0', '/', '{\"parentMenuId\":2133}', 'admin', '2022-03-18 14:48:42', '', '2022-03-18 14:56:09', null);
INSERT INTO `gen_table` VALUES ('20', 'mms_store', '仓库表', 'mms_store_material', 'store_id', 'MmsStore', 'sub', 'com.ruoyi.storage', 'storage', 'store', '仓库管理', 'linyuting', '0', '/', '{\"parentMenuId\":\"2118\"}', 'admin', '2022-03-23 10:57:28', '', '2022-03-26 22:43:47', null);
INSERT INTO `gen_table` VALUES ('23', 'mms_material', '材料表', null, null, 'MmsMaterial', 'crud', 'com.ruoyi.material', 'material', 'material', '材料管理', 'linyuting', '0', '/', '{\"parentMenuId\":2134}', 'admin', '2022-03-23 22:18:52', '', '2022-03-23 22:19:40', null);
INSERT INTO `gen_table` VALUES ('24', 'mms_plan', '材料总计划表', 'mms_plan_material', 'plan_id', 'MmsPlan', 'sub', 'com.ruoyi.purchase', 'purchase', 'plan', '材料总计划', 'linyuting', '0', '/', '{\"parentMenuId\":\"2131\"}', 'admin', '2022-03-23 22:34:04', '', '2022-03-23 22:38:54', null);
INSERT INTO `gen_table` VALUES ('25', 'mms_plan_material', '材料与材料总计划表', null, null, 'MmsPlanMaterial', 'crud', 'com.ruoyi.purchase', 'purchase', 'plandetail', '材料与材料总计划', 'linyuting', '0', '/', '{\"parentMenuId\":2131}', 'admin', '2022-03-23 22:34:04', '', '2022-03-24 11:24:15', null);
INSERT INTO `gen_table` VALUES ('26', 'mms_need', '材料需用计划表', 'mms_need_material', 'need_id', 'MmsNeed', 'sub', 'com.ruoyi.purchase', 'purchase', 'need', '材料需用计划', 'linyuting', '0', '/', '{\"parentMenuId\":\"2131\"}', 'admin', '2022-03-24 21:25:12', '', '2022-03-24 21:27:42', null);
INSERT INTO `gen_table` VALUES ('27', 'mms_need_material', '材料与材料需用计划表', null, null, 'MmsNeedMaterial', 'crud', 'com.ruoyi.project', 'project', 'material', '材料与材料需用计划', 'linyuting', '0', '/', null, 'admin', '2022-03-24 21:25:12', '', null, null);
INSERT INTO `gen_table` VALUES ('28', 'mms_contract', '材料合同表', 'mms_contract_material', 'con_id', 'MmsContract', 'sub', 'com.ruoyi.purchase', 'purchase', 'contract', '材料合同', 'linyuting', '0', '/', '{\"parentMenuId\":\"2131\"}', 'admin', '2022-03-25 12:41:05', '', '2022-03-25 17:01:05', null);
INSERT INTO `gen_table` VALUES ('29', 'mms_contract_material', '材料与合同关联表', null, null, 'MmsContractMaterial', 'crud', 'com.ruoyi.project', 'project', 'material', '材料与合同关联', 'linyuting', '0', '/', null, 'admin', '2022-03-25 12:41:05', '', null, null);
INSERT INTO `gen_table` VALUES ('30', 'mms_store_material', '材料与仓库关联表', null, null, 'MmsStoreMaterial', 'crud', 'com.ruoyi.project', 'project', 'material', '材料与仓库关联', 'linyuting', '0', '/', null, 'admin', '2022-03-26 20:19:20', '', null, null);
INSERT INTO `gen_table` VALUES ('31', 'mms_received', '材料入库表', 'mms_received_material', 'in_id', 'MmsReceived', 'sub', 'com.ruoyi.inventory', 'inventory', 'received', '材料入库', 'linyuting', '0', '/', '{\"parentMenuId\":2132}', 'admin', '2022-03-26 20:19:27', '', '2022-03-26 23:27:21', null);
INSERT INTO `gen_table` VALUES ('32', 'mms_received_material', '材料与材料入库关联表', null, null, 'MmsReceivedMaterial', 'crud', 'com.ruoyi.project', 'project', 'material', '材料与材料入库关联', 'linyuting', '0', '/', null, 'admin', '2022-03-26 20:19:27', '', null, null);
INSERT INTO `gen_table` VALUES ('33', 'mms_delivery', '材料出库表', 'mms_delivery_material', 'out_id', 'MmsDelivery', 'sub', 'com.ruoyi.inventory', 'inventory', 'delivery', '材料出库', 'linyuting', '0', '/', '{\"parentMenuId\":2132}', 'admin', '2022-03-28 22:03:06', '', '2022-03-28 22:04:29', null);
INSERT INTO `gen_table` VALUES ('34', 'mms_delivery_material', '材料与材料出库关联表', null, null, 'MmsDeliveryMaterial', 'crud', 'com.ruoyi.project', 'project', 'material', '材料与材料出库关联', 'linyuting', '0', '/', null, 'admin', '2022-03-28 22:03:07', '', null, null);
INSERT INTO `gen_table` VALUES ('35', 'mms_back', '材料退库表', 'mms_back_material', 'back_id', 'MmsBack', 'sub', 'com.ruoyi.inventory', 'inventory', 'back', '材料退库', 'linyuting', '0', '/', '{\"parentMenuId\":2132}', 'admin', '2022-03-28 22:10:01', '', '2022-03-28 22:11:10', null);
INSERT INTO `gen_table` VALUES ('36', 'mms_back_material', '材料与材料退库关联表', null, null, 'MmsBackMaterial', 'crud', 'com.ruoyi.project', 'project', 'material', '材料与材料退库关联', 'linyuting', '0', '/', null, 'admin', '2022-03-28 22:10:01', '', null, null);
INSERT INTO `gen_table` VALUES ('37', 'mms_check', '材料盘点表', 'mms_check_material', 'che_id', 'MmsCheck', 'sub', 'com.ruoyi.inventory', 'inventory', 'check', '材料盘点', 'linyuting', '0', '/', '{\"parentMenuId\":2132}', 'admin', '2022-03-28 22:15:29', '', '2022-03-28 22:16:27', null);
INSERT INTO `gen_table` VALUES ('38', 'mms_check_material', '材料与材料盘点关联表', null, null, 'MmsCheckMaterial', 'crud', 'com.ruoyi.project', 'project', 'material', '材料与材料盘点关联', 'linyuting', '0', '/', null, 'admin', '2022-03-28 22:15:29', '', null, null);

-- ----------------------------
-- Table structure for gen_table_column
-- ----------------------------
DROP TABLE IF EXISTS `gen_table_column`;
CREATE TABLE `gen_table_column` (
  `column_id` bigint(20) NOT NULL AUTO_INCREMENT COMMENT '编号',
  `table_id` varchar(64) DEFAULT NULL COMMENT '归属表编号',
  `column_name` varchar(200) DEFAULT NULL COMMENT '列名称',
  `column_comment` varchar(500) DEFAULT NULL COMMENT '列描述',
  `column_type` varchar(100) DEFAULT NULL COMMENT '列类型',
  `java_type` varchar(500) DEFAULT NULL COMMENT 'JAVA类型',
  `java_field` varchar(200) DEFAULT NULL COMMENT 'JAVA字段名',
  `is_pk` char(1) DEFAULT NULL COMMENT '是否主键（1是）',
  `is_increment` char(1) DEFAULT NULL COMMENT '是否自增（1是）',
  `is_required` char(1) DEFAULT NULL COMMENT '是否必填（1是）',
  `is_insert` char(1) DEFAULT NULL COMMENT '是否为插入字段（1是）',
  `is_edit` char(1) DEFAULT NULL COMMENT '是否编辑字段（1是）',
  `is_list` char(1) DEFAULT NULL COMMENT '是否列表字段（1是）',
  `is_query` char(1) DEFAULT NULL COMMENT '是否查询字段（1是）',
  `query_type` varchar(200) DEFAULT 'EQ' COMMENT '查询方式（等于、不等于、大于、小于、范围）',
  `html_type` varchar(200) DEFAULT NULL COMMENT '显示类型（文本框、文本域、下拉框、复选框、单选框、日期控件）',
  `dict_type` varchar(200) DEFAULT '' COMMENT '字典类型',
  `sort` int(11) DEFAULT NULL COMMENT '排序',
  `create_by` varchar(64) DEFAULT '' COMMENT '创建者',
  `create_time` datetime DEFAULT NULL COMMENT '创建时间',
  `update_by` varchar(64) DEFAULT '' COMMENT '更新者',
  `update_time` datetime DEFAULT NULL COMMENT '更新时间',
  PRIMARY KEY (`column_id`)
) ENGINE=InnoDB AUTO_INCREMENT=383 DEFAULT CHARSET=utf8mb4 COLLATE=utf8mb4_0900_ai_ci COMMENT='代码生成业务表字段';

-- ----------------------------
-- Records of gen_table_column
-- ----------------------------
INSERT INTO `gen_table_column` VALUES ('115', '14', 'pro_id', '项目ID', 'int(11)', 'Long', 'proId', '1', '1', null, '1', null, null, null, 'EQ', 'input', '', '1', 'admin', '2022-03-16 19:11:14', '', '2022-03-16 22:37:38');
INSERT INTO `gen_table_column` VALUES ('116', '14', 'pro_name', '项目名称', 'varchar(50)', 'String', 'proName', '0', '0', '1', '1', '1', '1', '1', 'LIKE', 'input', '', '2', 'admin', '2022-03-16 19:11:14', '', '2022-03-16 22:37:38');
INSERT INTO `gen_table_column` VALUES ('117', '14', 'ptype_id', '工程类型ID', 'int(11)', 'Long', 'ptypeId', '0', '0', '1', '1', '1', '1', '1', 'EQ', 'select', '', '3', 'admin', '2022-03-16 19:11:14', '', '2022-03-16 22:37:38');
INSERT INTO `gen_table_column` VALUES ('118', '14', 'pro_area', '工程面积', 'double', 'Long', 'proArea', '0', '0', '1', '1', '1', '1', '1', 'EQ', 'input', '', '4', 'admin', '2022-03-16 19:11:14', '', '2022-03-16 22:37:38');
INSERT INTO `gen_table_column` VALUES ('119', '14', 'pro_unit', '建设单位', 'varchar(255)', 'String', 'proUnit', '0', '0', null, '1', '1', '1', '1', 'EQ', 'input', '', '5', 'admin', '2022-03-16 19:11:14', '', '2022-03-16 22:37:38');
INSERT INTO `gen_table_column` VALUES ('120', '14', 'supervision_unit', '监督单位', 'varchar(255)', 'String', 'supervisionUnit', '0', '0', null, '1', '1', '1', '1', 'EQ', 'input', '', '6', 'admin', '2022-03-16 19:11:14', '', '2022-03-16 22:37:38');
INSERT INTO `gen_table_column` VALUES ('121', '14', 'pro_address', '工程地点', 'varchar(255)', 'String', 'proAddress', '0', '0', '1', '1', '1', '1', '1', 'EQ', 'input', '', '7', 'admin', '2022-03-16 19:11:14', '', '2022-03-16 22:37:38');
INSERT INTO `gen_table_column` VALUES ('122', '14', 'pro_phone', '工程电话', 'varchar(40)', 'String', 'proPhone', '0', '0', null, '1', '1', '1', '1', 'EQ', 'input', '', '8', 'admin', '2022-03-16 19:11:14', '', '2022-03-16 22:37:38');
INSERT INTO `gen_table_column` VALUES ('123', '14', 'user_id', '用户ID', 'bigint(20)', 'Long', 'userId', '0', '0', '1', '1', '1', '1', '1', 'EQ', 'input', '', '9', 'admin', '2022-03-16 19:11:14', '', '2022-03-16 22:37:38');
INSERT INTO `gen_table_column` VALUES ('124', '14', 'status', '工程状态（0筹备 1在建 2竣工 3结算）', 'char(1)', 'String', 'status', '0', '0', null, '1', '1', '1', '1', 'EQ', 'select', 'mms_pro_status', '10', 'admin', '2022-03-16 19:11:14', '', '2022-03-16 22:37:38');
INSERT INTO `gen_table_column` VALUES ('125', '14', 'start_date', '开工日期', 'timestamp', 'Date', 'startDate', '0', '0', null, '1', '1', '1', '1', 'EQ', 'datetime', '', '11', 'admin', '2022-03-16 19:11:14', '', '2022-03-16 22:37:38');
INSERT INTO `gen_table_column` VALUES ('126', '14', 'end_date', '竣工日期', 'timestamp', 'Date', 'endDate', '0', '0', null, '1', '1', '1', '1', 'EQ', 'datetime', '', '12', 'admin', '2022-03-16 19:11:14', '', '2022-03-16 22:37:38');
INSERT INTO `gen_table_column` VALUES ('127', '14', 'pro_note', '项目备注', 'varchar(255)', 'String', 'proNote', '0', '0', null, '1', '1', '1', '1', 'EQ', 'input', '', '13', 'admin', '2022-03-16 19:11:14', '', '2022-03-16 22:37:38');
INSERT INTO `gen_table_column` VALUES ('128', '14', 'tax_way', '计税方式（0一般征税 1简易征税）', 'char(1)', 'String', 'taxWay', '0', '0', null, '1', '1', '1', '1', 'EQ', 'radio', 'mms_tax_way', '14', 'admin', '2022-03-16 19:11:14', '', '2022-03-16 22:37:38');
INSERT INTO `gen_table_column` VALUES ('129', '14', 'create_by', '创建者', 'varchar(64)', 'String', 'createBy', '0', '0', null, '1', null, null, null, 'EQ', 'input', '', '15', 'admin', '2022-03-16 19:11:14', '', '2022-03-16 22:37:38');
INSERT INTO `gen_table_column` VALUES ('130', '14', 'create_time', '创建时间', 'datetime', 'Date', 'createTime', '0', '0', null, '1', null, null, null, 'EQ', 'datetime', '', '16', 'admin', '2022-03-16 19:11:14', '', '2022-03-16 22:37:38');
INSERT INTO `gen_table_column` VALUES ('131', '14', 'update_by', '更新者', 'varchar(64)', 'String', 'updateBy', '0', '0', null, '1', '1', null, null, 'EQ', 'input', '', '17', 'admin', '2022-03-16 19:11:14', '', '2022-03-16 22:37:38');
INSERT INTO `gen_table_column` VALUES ('132', '14', 'update_time', '更新时间', 'datetime', 'Date', 'updateTime', '0', '0', null, '1', '1', null, null, 'EQ', 'datetime', '', '18', 'admin', '2022-03-16 19:11:14', '', '2022-03-16 22:37:38');
INSERT INTO `gen_table_column` VALUES ('133', '15', 'id', '项目类型ID', 'int(11)', 'Long', 'id', '1', '1', null, '1', null, null, null, 'EQ', 'input', '', '1', 'admin', '2022-03-16 19:11:14', '', '2022-03-16 21:37:53');
INSERT INTO `gen_table_column` VALUES ('134', '15', 'type_name', '类别名称', 'varchar(50)', 'String', 'typeName', '0', '0', '1', '1', '1', '1', '1', 'LIKE', 'input', '', '2', 'admin', '2022-03-16 19:11:14', '', '2022-03-16 21:37:53');
INSERT INTO `gen_table_column` VALUES ('135', '16', 'user_id', '用户ID', 'bigint(20)', 'Long', 'userId', '1', '1', null, '1', null, null, null, 'EQ', 'input', '', '1', 'admin', '2022-03-17 20:06:24', '', null);
INSERT INTO `gen_table_column` VALUES ('136', '16', 'dept_id', '部门ID', 'bigint(20)', 'Long', 'deptId', '0', '0', null, '1', '1', '1', '1', 'EQ', 'input', '', '2', 'admin', '2022-03-17 20:06:25', '', null);
INSERT INTO `gen_table_column` VALUES ('137', '16', 'user_name', '用户账号', 'varchar(30)', 'String', 'userName', '0', '0', '1', '1', '1', '1', '1', 'LIKE', 'input', '', '3', 'admin', '2022-03-17 20:06:25', '', null);
INSERT INTO `gen_table_column` VALUES ('138', '16', 'nick_name', '用户昵称', 'varchar(30)', 'String', 'nickName', '0', '0', '1', '1', '1', '1', '1', 'LIKE', 'input', '', '4', 'admin', '2022-03-17 20:06:25', '', null);
INSERT INTO `gen_table_column` VALUES ('139', '16', 'user_type', '用户类型（00系统用户）', 'varchar(2)', 'String', 'userType', '0', '0', null, '1', '1', '1', '1', 'EQ', 'select', '', '5', 'admin', '2022-03-17 20:06:25', '', null);
INSERT INTO `gen_table_column` VALUES ('140', '16', 'email', '用户邮箱', 'varchar(50)', 'String', 'email', '0', '0', null, '1', '1', '1', '1', 'EQ', 'input', '', '6', 'admin', '2022-03-17 20:06:25', '', null);
INSERT INTO `gen_table_column` VALUES ('141', '16', 'phonenumber', '手机号码', 'varchar(11)', 'String', 'phonenumber', '0', '0', null, '1', '1', '1', '1', 'EQ', 'input', '', '7', 'admin', '2022-03-17 20:06:25', '', null);
INSERT INTO `gen_table_column` VALUES ('142', '16', 'sex', '用户性别（0男 1女 2未知）', 'char(1)', 'String', 'sex', '0', '0', null, '1', '1', '1', '1', 'EQ', 'select', '', '8', 'admin', '2022-03-17 20:06:25', '', null);
INSERT INTO `gen_table_column` VALUES ('143', '16', 'avatar', '头像地址', 'varchar(100)', 'String', 'avatar', '0', '0', null, '1', '1', '1', '1', 'EQ', 'input', '', '9', 'admin', '2022-03-17 20:06:25', '', null);
INSERT INTO `gen_table_column` VALUES ('144', '16', 'password', '密码', 'varchar(100)', 'String', 'password', '0', '0', null, '1', '1', '1', '1', 'EQ', 'input', '', '10', 'admin', '2022-03-17 20:06:25', '', null);
INSERT INTO `gen_table_column` VALUES ('145', '16', 'status', '帐号状态（0正常 1停用）', 'char(1)', 'String', 'status', '0', '0', null, '1', '1', '1', '1', 'EQ', 'radio', '', '11', 'admin', '2022-03-17 20:06:25', '', null);
INSERT INTO `gen_table_column` VALUES ('146', '16', 'del_flag', '删除标志（0代表存在 2代表删除）', 'char(1)', 'String', 'delFlag', '0', '0', null, '1', null, null, null, 'EQ', 'input', '', '12', 'admin', '2022-03-17 20:06:25', '', null);
INSERT INTO `gen_table_column` VALUES ('147', '16', 'login_ip', '最后登录IP', 'varchar(128)', 'String', 'loginIp', '0', '0', null, '1', '1', '1', '1', 'EQ', 'input', '', '13', 'admin', '2022-03-17 20:06:25', '', null);
INSERT INTO `gen_table_column` VALUES ('148', '16', 'login_date', '最后登录时间', 'datetime', 'Date', 'loginDate', '0', '0', null, '1', '1', '1', '1', 'EQ', 'datetime', '', '14', 'admin', '2022-03-17 20:06:25', '', null);
INSERT INTO `gen_table_column` VALUES ('149', '16', 'create_by', '创建者', 'varchar(64)', 'String', 'createBy', '0', '0', null, '1', null, null, null, 'EQ', 'input', '', '15', 'admin', '2022-03-17 20:06:25', '', null);
INSERT INTO `gen_table_column` VALUES ('150', '16', 'create_time', '创建时间', 'datetime', 'Date', 'createTime', '0', '0', null, '1', null, null, null, 'EQ', 'datetime', '', '16', 'admin', '2022-03-17 20:06:25', '', null);
INSERT INTO `gen_table_column` VALUES ('151', '16', 'update_by', '更新者', 'varchar(64)', 'String', 'updateBy', '0', '0', null, '1', '1', null, null, 'EQ', 'input', '', '17', 'admin', '2022-03-17 20:06:25', '', null);
INSERT INTO `gen_table_column` VALUES ('152', '16', 'update_time', '更新时间', 'datetime', 'Date', 'updateTime', '0', '0', null, '1', '1', null, null, 'EQ', 'datetime', '', '18', 'admin', '2022-03-17 20:06:25', '', null);
INSERT INTO `gen_table_column` VALUES ('153', '16', 'remark', '备注', 'varchar(500)', 'String', 'remark', '0', '0', null, '1', '1', '1', null, 'EQ', 'textarea', '', '19', 'admin', '2022-03-17 20:06:25', '', null);
INSERT INTO `gen_table_column` VALUES ('165', '18', 'supplier_id', '供应商ID', 'int(11)', 'Long', 'supplierId', '1', '1', null, '1', null, null, null, 'EQ', 'input', '', '1', 'admin', '2022-03-18 14:48:42', '', '2022-03-18 14:55:31');
INSERT INTO `gen_table_column` VALUES ('166', '18', 'supplier_name', '供应商名称', 'varchar(50)', 'String', 'supplierName', '0', '0', '1', '1', '1', '1', '1', 'LIKE', 'input', '', '2', 'admin', '2022-03-18 14:48:42', '', '2022-03-18 14:55:31');
INSERT INTO `gen_table_column` VALUES ('167', '18', 'supplier_bank', '供应商开户行', 'varchar(50)', 'String', 'supplierBank', '0', '0', '1', '1', '1', '1', '1', 'EQ', 'input', '', '3', 'admin', '2022-03-18 14:48:42', '', '2022-03-18 14:55:31');
INSERT INTO `gen_table_column` VALUES ('168', '18', 'supplier_card', '供应商银行账号', 'varchar(50)', 'String', 'supplierCard', '0', '0', null, '1', '1', '1', '1', 'EQ', 'input', '', '4', 'admin', '2022-03-18 14:48:42', '', '2022-03-18 14:55:31');
INSERT INTO `gen_table_column` VALUES ('169', '18', 'card_name', '卡号户头', 'varchar(50)', 'String', 'cardName', '0', '0', '1', '1', '1', '1', '1', 'LIKE', 'input', '', '5', 'admin', '2022-03-18 14:48:42', '', '2022-03-18 14:55:31');
INSERT INTO `gen_table_column` VALUES ('170', '18', 'supplier_phone', '供应商电话', 'varchar(50)', 'String', 'supplierPhone', '0', '0', null, '1', '1', '1', '1', 'EQ', 'input', '', '6', 'admin', '2022-03-18 14:48:42', '', '2022-03-18 14:55:31');
INSERT INTO `gen_table_column` VALUES ('171', '18', 'supplier_address', '供应商地址', 'varchar(255)', 'String', 'supplierAddress', '0', '0', null, '1', '1', '1', '1', 'EQ', 'input', '', '7', 'admin', '2022-03-18 14:48:42', '', '2022-03-18 14:55:31');
INSERT INTO `gen_table_column` VALUES ('172', '18', 'stype_id', '供应商类型ID', 'int(11)', 'Long', 'stypeId', '0', '0', '1', '1', '1', '1', '1', 'EQ', 'select', '', '8', 'admin', '2022-03-18 14:48:42', '', '2022-03-18 14:55:31');
INSERT INTO `gen_table_column` VALUES ('173', '18', 'create_by', '创建者', 'varchar(64)', 'String', 'createBy', '0', '0', null, '1', null, null, null, 'EQ', 'input', '', '9', 'admin', '2022-03-18 14:48:42', '', '2022-03-18 14:55:31');
INSERT INTO `gen_table_column` VALUES ('174', '18', 'create_time', '创建时间', 'datetime', 'Date', 'createTime', '0', '0', null, '1', null, null, null, 'EQ', 'datetime', '', '10', 'admin', '2022-03-18 14:48:42', '', '2022-03-18 14:55:31');
INSERT INTO `gen_table_column` VALUES ('175', '18', 'update_by', '更新者', 'varchar(64)', 'String', 'updateBy', '0', '0', null, '1', '1', null, null, 'EQ', 'input', '', '11', 'admin', '2022-03-18 14:48:42', '', '2022-03-18 14:55:31');
INSERT INTO `gen_table_column` VALUES ('176', '18', 'update_time', '更新时间', 'datetime', 'Date', 'updateTime', '0', '0', null, '1', '1', null, null, 'EQ', 'datetime', '', '12', 'admin', '2022-03-18 14:48:42', '', '2022-03-18 14:55:31');
INSERT INTO `gen_table_column` VALUES ('177', '19', 'id', '供应商类型ID', 'int(11)', 'Long', 'id', '1', '1', null, '1', null, null, null, 'EQ', 'input', '', '1', 'admin', '2022-03-18 14:48:42', '', '2022-03-18 14:56:09');
INSERT INTO `gen_table_column` VALUES ('178', '19', 'type_name', '类别名称', 'varchar(50)', 'String', 'typeName', '0', '0', '1', '1', '1', '1', '1', 'LIKE', 'input', '', '2', 'admin', '2022-03-18 14:48:42', '', '2022-03-18 14:56:09');
INSERT INTO `gen_table_column` VALUES ('179', '19', 'create_by', '创建者', 'varchar(64)', 'String', 'createBy', '0', '0', null, '1', null, null, null, 'EQ', 'input', '', '3', 'admin', '2022-03-18 14:48:42', '', '2022-03-18 14:56:09');
INSERT INTO `gen_table_column` VALUES ('180', '19', 'create_time', '创建时间', 'datetime', 'Date', 'createTime', '0', '0', null, '1', null, null, null, 'EQ', 'datetime', '', '4', 'admin', '2022-03-18 14:48:42', '', '2022-03-18 14:56:09');
INSERT INTO `gen_table_column` VALUES ('181', '19', 'update_by', '更新者', 'varchar(64)', 'String', 'updateBy', '0', '0', null, '1', '1', null, null, 'EQ', 'input', '', '5', 'admin', '2022-03-18 14:48:42', '', '2022-03-18 14:56:09');
INSERT INTO `gen_table_column` VALUES ('182', '19', 'update_time', '更新时间', 'datetime', 'Date', 'updateTime', '0', '0', null, '1', '1', null, null, 'EQ', 'datetime', '', '6', 'admin', '2022-03-18 14:48:42', '', '2022-03-18 14:56:09');
INSERT INTO `gen_table_column` VALUES ('183', '20', 'store_id', '仓库ID', 'int(11)', 'Long', 'storeId', '1', '1', null, '1', null, null, null, 'EQ', 'input', '', '1', 'admin', '2022-03-23 10:57:28', '', '2022-03-26 22:43:47');
INSERT INTO `gen_table_column` VALUES ('184', '20', 'pro_id', '项目ID', 'int(11)', 'Long', 'proId', '0', '0', '1', '1', '1', '1', '1', 'EQ', 'input', '', '2', 'admin', '2022-03-23 10:57:28', '', '2022-03-26 22:43:47');
INSERT INTO `gen_table_column` VALUES ('185', '20', 'store_name', '仓库名称', 'varchar(50)', 'String', 'storeName', '0', '0', '1', '1', '1', '1', '1', 'LIKE', 'input', '', '3', 'admin', '2022-03-23 10:57:28', '', '2022-03-26 22:43:47');
INSERT INTO `gen_table_column` VALUES ('186', '20', 'user_id', '用户ID', 'bigint(20)', 'Long', 'userId', '0', '0', '1', '1', '1', '1', '1', 'EQ', 'input', '', '4', 'admin', '2022-03-23 10:57:28', '', '2022-03-26 22:43:47');
INSERT INTO `gen_table_column` VALUES ('187', '20', 'store_phone', '仓库电话', 'varchar(50)', 'String', 'storePhone', '0', '0', null, '1', '1', '1', '1', 'EQ', 'input', '', '5', 'admin', '2022-03-23 10:57:28', '', '2022-03-26 22:43:47');
INSERT INTO `gen_table_column` VALUES ('188', '20', 'store_address', '仓库地址', 'varchar(255)', 'String', 'storeAddress', '0', '0', null, '1', '1', '1', '1', 'EQ', 'input', '', '6', 'admin', '2022-03-23 10:57:28', '', '2022-03-26 22:43:47');
INSERT INTO `gen_table_column` VALUES ('189', '20', 'status', '仓库状态（0正常 1停用）', 'char(1)', 'String', 'status', '0', '0', null, '1', '1', '1', '1', 'EQ', 'radio', 'mms_store_status', '7', 'admin', '2022-03-23 10:57:28', '', '2022-03-26 22:43:47');
INSERT INTO `gen_table_column` VALUES ('190', '20', 'create_by', '创建者', 'varchar(64)', 'String', 'createBy', '0', '0', null, '1', null, null, null, 'EQ', 'input', '', '8', 'admin', '2022-03-23 10:57:28', '', '2022-03-26 22:43:47');
INSERT INTO `gen_table_column` VALUES ('191', '20', 'create_time', '创建时间', 'datetime', 'Date', 'createTime', '0', '0', null, '1', null, null, null, 'EQ', 'datetime', '', '9', 'admin', '2022-03-23 10:57:28', '', '2022-03-26 22:43:47');
INSERT INTO `gen_table_column` VALUES ('192', '20', 'update_by', '更新者', 'varchar(64)', 'String', 'updateBy', '0', '0', null, '1', '1', null, null, 'EQ', 'input', '', '10', 'admin', '2022-03-23 10:57:28', '', '2022-03-26 22:43:47');
INSERT INTO `gen_table_column` VALUES ('193', '20', 'update_time', '更新时间', 'datetime', 'Date', 'updateTime', '0', '0', null, '1', '1', null, null, 'EQ', 'datetime', '', '11', 'admin', '2022-03-23 10:57:28', '', '2022-03-26 22:43:47');
INSERT INTO `gen_table_column` VALUES ('209', '23', 'mat_id', '材料ID', 'int(11)', 'Long', 'matId', '1', '1', null, '1', null, null, null, 'EQ', 'input', '', '1', 'admin', '2022-03-23 22:18:52', '', '2022-03-23 22:19:40');
INSERT INTO `gen_table_column` VALUES ('210', '23', 'mat_name', '材料名称', 'varchar(50)', 'String', 'matName', '0', '0', '1', '1', '1', '1', '1', 'LIKE', 'input', '', '2', 'admin', '2022-03-23 22:18:52', '', '2022-03-23 22:19:40');
INSERT INTO `gen_table_column` VALUES ('211', '23', 'mat_size', '材料规格', 'double', 'Long', 'matSize', '0', '0', '1', '1', '1', '1', '1', 'EQ', 'input', '', '3', 'admin', '2022-03-23 22:18:52', '', '2022-03-23 22:19:40');
INSERT INTO `gen_table_column` VALUES ('212', '23', 'mat_unit', '材料单位', 'varchar(255)', 'String', 'matUnit', '0', '0', null, '1', '1', '1', '1', 'EQ', 'input', '', '4', 'admin', '2022-03-23 22:18:52', '', '2022-03-23 22:19:40');
INSERT INTO `gen_table_column` VALUES ('213', '23', 'mat_type', '材料类型', 'char(1)', 'String', 'matType', '0', '0', null, '1', '1', '1', '1', 'EQ', 'select', 'mms_material_type', '5', 'admin', '2022-03-23 22:18:52', '', '2022-03-23 22:19:40');
INSERT INTO `gen_table_column` VALUES ('214', '23', 'create_by', '创建者', 'varchar(64)', 'String', 'createBy', '0', '0', null, '1', null, null, null, 'EQ', 'input', '', '6', 'admin', '2022-03-23 22:18:52', '', '2022-03-23 22:19:40');
INSERT INTO `gen_table_column` VALUES ('215', '23', 'create_time', '创建时间', 'datetime', 'Date', 'createTime', '0', '0', null, '1', null, null, null, 'EQ', 'datetime', '', '7', 'admin', '2022-03-23 22:18:52', '', '2022-03-23 22:19:40');
INSERT INTO `gen_table_column` VALUES ('216', '23', 'update_by', '更新者', 'varchar(64)', 'String', 'updateBy', '0', '0', null, '1', '1', null, null, 'EQ', 'input', '', '8', 'admin', '2022-03-23 22:18:52', '', '2022-03-23 22:19:40');
INSERT INTO `gen_table_column` VALUES ('217', '23', 'update_time', '更新时间', 'datetime', 'Date', 'updateTime', '0', '0', null, '1', '1', null, null, 'EQ', 'datetime', '', '9', 'admin', '2022-03-23 22:18:52', '', '2022-03-23 22:19:40');
INSERT INTO `gen_table_column` VALUES ('218', '24', 'plan_id', '计划ID', 'int(11)', 'Long', 'planId', '1', '1', null, '1', null, null, null, 'EQ', 'input', '', '1', 'admin', '2022-03-23 22:34:04', '', '2022-03-23 22:38:54');
INSERT INTO `gen_table_column` VALUES ('219', '24', 'plan_name', '计划名称', 'varchar(50)', 'String', 'planName', '0', '0', '1', '1', '1', '1', '1', 'LIKE', 'input', '', '2', 'admin', '2022-03-23 22:34:04', '', '2022-03-23 22:38:54');
INSERT INTO `gen_table_column` VALUES ('220', '24', 'pro_id', '项目ID', 'int(11)', 'Long', 'proId', '0', '0', '1', '1', '1', '1', '1', 'EQ', 'input', '', '3', 'admin', '2022-03-23 22:34:04', '', '2022-03-23 22:38:54');
INSERT INTO `gen_table_column` VALUES ('221', '24', 'status', '材料总计划状态（0待审核 1已通过 2未通过）', 'char(1)', 'String', 'status', '0', '0', null, '1', '1', '1', '1', 'EQ', 'select', 'mms_pur_status', '4', 'admin', '2022-03-23 22:34:04', '', '2022-03-23 22:38:54');
INSERT INTO `gen_table_column` VALUES ('222', '24', 'user_id', '审核人ID（只有审核人才能改计划状态）', 'int(11)', 'Long', 'userId', '0', '0', '1', '1', '1', '1', '1', 'EQ', 'select', '', '5', 'admin', '2022-03-23 22:34:04', '', '2022-03-23 22:38:54');
INSERT INTO `gen_table_column` VALUES ('223', '24', 'create_by', '创建者', 'varchar(64)', 'String', 'createBy', '0', '0', null, '1', null, null, null, 'EQ', 'input', '', '6', 'admin', '2022-03-23 22:34:04', '', '2022-03-23 22:38:54');
INSERT INTO `gen_table_column` VALUES ('224', '24', 'create_time', '创建时间', 'datetime', 'Date', 'createTime', '0', '0', null, '1', null, null, null, 'EQ', 'datetime', '', '7', 'admin', '2022-03-23 22:34:04', '', '2022-03-23 22:38:54');
INSERT INTO `gen_table_column` VALUES ('225', '24', 'update_by', '更新者', 'varchar(64)', 'String', 'updateBy', '0', '0', null, '1', '1', null, null, 'EQ', 'input', '', '8', 'admin', '2022-03-23 22:34:04', '', '2022-03-23 22:38:54');
INSERT INTO `gen_table_column` VALUES ('226', '24', 'update_time', '更新时间', 'datetime', 'Date', 'updateTime', '0', '0', null, '1', '1', null, null, 'EQ', 'datetime', '', '9', 'admin', '2022-03-23 22:34:04', '', '2022-03-23 22:38:54');
INSERT INTO `gen_table_column` VALUES ('227', '24', 'remark', '备注', 'varchar(500)', 'String', 'remark', '0', '0', null, '1', '1', '1', null, 'EQ', 'textarea', '', '10', 'admin', '2022-03-23 22:34:04', '', '2022-03-23 22:38:54');
INSERT INTO `gen_table_column` VALUES ('228', '25', 'id', '材料与材料总计划表ID', 'int(11)', 'Long', 'id', '1', '1', null, '1', null, null, null, 'EQ', 'input', '', '1', 'admin', '2022-03-23 22:34:04', '', '2022-03-24 11:24:15');
INSERT INTO `gen_table_column` VALUES ('229', '25', 'mat_id', '材料ID', 'int(11)', 'Long', 'matId', '0', '0', '1', '1', '1', '1', '1', 'EQ', 'input', '', '2', 'admin', '2022-03-23 22:34:04', '', '2022-03-24 11:24:15');
INSERT INTO `gen_table_column` VALUES ('230', '25', 'plan_id', '计划ID', 'int(11)', 'Long', 'planId', '0', '0', null, null, null, '1', '1', 'EQ', 'input', '', '3', 'admin', '2022-03-23 22:34:04', '', '2022-03-24 11:24:15');
INSERT INTO `gen_table_column` VALUES ('231', '25', 'plan_num', '计划数量', 'bigint(20)', 'Long', 'planNum', '0', '0', null, '1', '1', '1', '1', 'EQ', 'input', '', '4', 'admin', '2022-03-23 22:34:04', '', '2022-03-24 11:24:15');
INSERT INTO `gen_table_column` VALUES ('232', '25', 'create_by', '创建者', 'varchar(64)', 'String', 'createBy', '0', '0', null, '1', null, null, null, 'EQ', 'input', '', '5', 'admin', '2022-03-23 22:34:04', '', '2022-03-24 11:24:15');
INSERT INTO `gen_table_column` VALUES ('233', '25', 'create_time', '创建时间', 'datetime', 'Date', 'createTime', '0', '0', null, '1', null, null, null, 'EQ', 'datetime', '', '6', 'admin', '2022-03-23 22:34:04', '', '2022-03-24 11:24:15');
INSERT INTO `gen_table_column` VALUES ('234', '25', 'update_by', '更新者', 'varchar(64)', 'String', 'updateBy', '0', '0', null, '1', '1', null, null, 'EQ', 'input', '', '7', 'admin', '2022-03-23 22:34:04', '', '2022-03-24 11:24:15');
INSERT INTO `gen_table_column` VALUES ('235', '25', 'update_time', '更新时间', 'datetime', 'Date', 'updateTime', '0', '0', null, '1', '1', null, null, 'EQ', 'datetime', '', '8', 'admin', '2022-03-23 22:34:04', '', '2022-03-24 11:24:15');
INSERT INTO `gen_table_column` VALUES ('236', '25', 'remark', '备注', 'varchar(500)', 'String', 'remark', '0', '0', null, '1', '1', '1', null, 'EQ', 'textarea', '', '9', 'admin', '2022-03-23 22:34:04', '', '2022-03-24 11:24:15');
INSERT INTO `gen_table_column` VALUES ('237', '26', 'need_id', '需用计划ID', 'int(11)', 'Long', 'needId', '1', '1', null, '1', null, null, null, 'EQ', 'input', '', '1', 'admin', '2022-03-24 21:25:12', '', '2022-03-24 21:27:42');
INSERT INTO `gen_table_column` VALUES ('238', '26', 'need_name', '需用计划名称', 'varchar(50)', 'String', 'needName', '0', '0', '1', '1', '1', '1', '1', 'LIKE', 'input', '', '2', 'admin', '2022-03-24 21:25:12', '', '2022-03-24 21:27:42');
INSERT INTO `gen_table_column` VALUES ('239', '26', 'plan_id', '原计划ID', 'int(11)', 'Long', 'planId', '0', '0', '1', '1', '1', '1', '1', 'EQ', 'input', '', '3', 'admin', '2022-03-24 21:25:12', '', '2022-03-24 21:27:42');
INSERT INTO `gen_table_column` VALUES ('240', '26', 'pro_id', '项目ID', 'int(11)', 'Long', 'proId', '0', '0', '1', '1', '1', '1', '1', 'EQ', 'input', '', '4', 'admin', '2022-03-24 21:25:12', '', '2022-03-24 21:27:42');
INSERT INTO `gen_table_column` VALUES ('241', '26', 'status', '材料总计划状态（0待审核 1已通过 2未通过）', 'char(1)', 'String', 'status', '0', '0', null, '1', '1', '1', '1', 'EQ', 'select', 'mms_material_type', '5', 'admin', '2022-03-24 21:25:12', '', '2022-03-24 21:27:42');
INSERT INTO `gen_table_column` VALUES ('242', '26', 'user_id', '审核人ID（只有审核人才能改计划状态）', 'int(11)', 'Long', 'userId', '0', '0', '1', '1', '1', '1', '1', 'EQ', 'input', '', '6', 'admin', '2022-03-24 21:25:12', '', '2022-03-24 21:27:42');
INSERT INTO `gen_table_column` VALUES ('243', '26', 'create_by', '创建者', 'varchar(64)', 'String', 'createBy', '0', '0', null, '1', null, null, null, 'EQ', 'input', '', '7', 'admin', '2022-03-24 21:25:12', '', '2022-03-24 21:27:42');
INSERT INTO `gen_table_column` VALUES ('244', '26', 'create_time', '创建时间', 'datetime', 'Date', 'createTime', '0', '0', null, '1', null, null, null, 'EQ', 'datetime', '', '8', 'admin', '2022-03-24 21:25:12', '', '2022-03-24 21:27:42');
INSERT INTO `gen_table_column` VALUES ('245', '26', 'update_by', '更新者', 'varchar(64)', 'String', 'updateBy', '0', '0', null, '1', '1', null, null, 'EQ', 'input', '', '9', 'admin', '2022-03-24 21:25:12', '', '2022-03-24 21:27:42');
INSERT INTO `gen_table_column` VALUES ('246', '26', 'update_time', '更新时间', 'datetime', 'Date', 'updateTime', '0', '0', null, '1', '1', null, null, 'EQ', 'datetime', '', '10', 'admin', '2022-03-24 21:25:12', '', '2022-03-24 21:27:42');
INSERT INTO `gen_table_column` VALUES ('247', '26', 'remark', '备注', 'varchar(500)', 'String', 'remark', '0', '0', null, '1', '1', '1', null, 'EQ', 'textarea', '', '11', 'admin', '2022-03-24 21:25:12', '', '2022-03-24 21:27:42');
INSERT INTO `gen_table_column` VALUES ('248', '27', 'id', '材料与材料需用计划表ID', 'int(11)', 'Long', 'id', '1', '1', null, '1', null, null, null, 'EQ', 'input', '', '1', 'admin', '2022-03-24 21:25:12', '', null);
INSERT INTO `gen_table_column` VALUES ('249', '27', 'mat_id', '材料ID', 'int(11)', 'Long', 'matId', '0', '0', '1', '1', '1', '1', '1', 'EQ', 'input', '', '2', 'admin', '2022-03-24 21:25:12', '', null);
INSERT INTO `gen_table_column` VALUES ('250', '27', 'need_id', '需用计划ID', 'int(11)', 'Long', 'needId', '0', '0', '1', '1', '1', '1', '1', 'EQ', 'input', '', '3', 'admin', '2022-03-24 21:25:12', '', null);
INSERT INTO `gen_table_column` VALUES ('251', '27', 'mat_uprice', '材料单价', 'double', 'Long', 'matUprice', '0', '0', null, '1', '1', '1', '1', 'EQ', 'input', '', '4', 'admin', '2022-03-24 21:25:12', '', null);
INSERT INTO `gen_table_column` VALUES ('252', '27', 'create_by', '创建者', 'varchar(64)', 'String', 'createBy', '0', '0', null, '1', null, null, null, 'EQ', 'input', '', '5', 'admin', '2022-03-24 21:25:12', '', null);
INSERT INTO `gen_table_column` VALUES ('253', '27', 'create_time', '创建时间', 'datetime', 'Date', 'createTime', '0', '0', null, '1', null, null, null, 'EQ', 'datetime', '', '6', 'admin', '2022-03-24 21:25:12', '', null);
INSERT INTO `gen_table_column` VALUES ('254', '27', 'update_by', '更新者', 'varchar(64)', 'String', 'updateBy', '0', '0', null, '1', '1', null, null, 'EQ', 'input', '', '7', 'admin', '2022-03-24 21:25:12', '', null);
INSERT INTO `gen_table_column` VALUES ('255', '27', 'update_time', '更新时间', 'datetime', 'Date', 'updateTime', '0', '0', null, '1', '1', null, null, 'EQ', 'datetime', '', '8', 'admin', '2022-03-24 21:25:12', '', null);
INSERT INTO `gen_table_column` VALUES ('256', '27', 'remark', '备注', 'varchar(500)', 'String', 'remark', '0', '0', null, '1', '1', '1', null, 'EQ', 'textarea', '', '9', 'admin', '2022-03-24 21:25:12', '', null);
INSERT INTO `gen_table_column` VALUES ('257', '28', 'con_id', '合同ID', 'int(11)', 'Long', 'conId', '1', '1', null, '1', null, null, null, 'EQ', 'input', '', '1', 'admin', '2022-03-25 12:41:05', '', '2022-03-25 17:01:05');
INSERT INTO `gen_table_column` VALUES ('258', '28', 'con_name', '合同名称', 'varchar(255)', 'String', 'conName', '0', '0', '1', '1', '1', '1', '1', 'LIKE', 'input', '', '2', 'admin', '2022-03-25 12:41:05', '', '2022-03-25 17:01:05');
INSERT INTO `gen_table_column` VALUES ('259', '28', 'pro_id', '项目ID', 'int(11)', 'Long', 'proId', '0', '0', '1', '1', '1', '1', '1', 'EQ', 'select', '', '3', 'admin', '2022-03-25 12:41:05', '', '2022-03-25 17:01:05');
INSERT INTO `gen_table_column` VALUES ('260', '28', 'need_id', '需用计划ID', 'int(11)', 'Long', 'needId', '0', '0', '1', '1', '1', '1', '1', 'EQ', 'select', '', '4', 'admin', '2022-03-25 12:41:05', '', '2022-03-25 17:01:05');
INSERT INTO `gen_table_column` VALUES ('261', '28', 'supplier_id', '供应商ID', 'int(11)', 'Long', 'supplierId', '0', '0', '1', '1', '1', '1', '1', 'EQ', 'select', '', '5', 'admin', '2022-03-25 12:41:05', '', '2022-03-25 17:01:05');
INSERT INTO `gen_table_column` VALUES ('262', '28', 'user_id', '录入人ID', 'int(11)', 'Long', 'userId', '0', '0', '1', '1', '1', '1', '1', 'EQ', 'select', '', '6', 'admin', '2022-03-25 12:41:05', '', '2022-03-25 17:01:05');
INSERT INTO `gen_table_column` VALUES ('263', '28', 'payment_way', '支付方式 1现金 2转账 3支票 4微信）', 'char(1)', 'String', 'paymentWay', '0', '0', null, '1', '1', '1', '1', 'EQ', 'select', 'mms_payment', '7', 'admin', '2022-03-25 12:41:05', '', '2022-03-25 17:01:05');
INSERT INTO `gen_table_column` VALUES ('264', '28', 'delivery_way', '交货方式 1一次性交货 2分批交货）', 'char(1)', 'String', 'deliveryWay', '0', '0', null, '1', '1', '1', '1', 'EQ', 'select', 'mms_delivery', '8', 'admin', '2022-03-25 12:41:05', '', '2022-03-25 17:01:05');
INSERT INTO `gen_table_column` VALUES ('265', '28', 'clearing_form', '结算方式 1分段结算 2合同结算 3竣工后一次结算）', 'char(1)', 'String', 'clearingForm', '0', '0', null, '1', '1', '1', '1', 'EQ', 'select', 'mms_clear', '9', 'admin', '2022-03-25 12:41:05', '', '2022-03-25 17:01:05');
INSERT INTO `gen_table_column` VALUES ('266', '28', 'start_date', '开工日期', 'timestamp', 'Date', 'startDate', '0', '0', null, '1', '1', '1', '1', 'EQ', 'datetime', '', '10', 'admin', '2022-03-25 12:41:05', '', '2022-03-25 17:01:05');
INSERT INTO `gen_table_column` VALUES ('267', '28', 'end_date', '竣工日期', 'timestamp', 'Date', 'endDate', '0', '0', null, '1', '1', '1', '1', 'EQ', 'datetime', '', '11', 'admin', '2022-03-25 12:41:05', '', '2022-03-25 17:01:05');
INSERT INTO `gen_table_column` VALUES ('268', '28', 'create_by', '创建者', 'varchar(64)', 'String', 'createBy', '0', '0', null, '1', null, null, null, 'EQ', 'input', '', '12', 'admin', '2022-03-25 12:41:05', '', '2022-03-25 17:01:05');
INSERT INTO `gen_table_column` VALUES ('269', '28', 'create_time', '创建时间', 'datetime', 'Date', 'createTime', '0', '0', null, '1', null, null, null, 'EQ', 'datetime', '', '13', 'admin', '2022-03-25 12:41:05', '', '2022-03-25 17:01:05');
INSERT INTO `gen_table_column` VALUES ('270', '28', 'update_by', '更新者', 'varchar(64)', 'String', 'updateBy', '0', '0', null, '1', '1', null, null, 'EQ', 'input', '', '14', 'admin', '2022-03-25 12:41:05', '', '2022-03-25 17:01:05');
INSERT INTO `gen_table_column` VALUES ('271', '28', 'update_time', '更新时间', 'datetime', 'Date', 'updateTime', '0', '0', null, '1', '1', null, null, 'EQ', 'datetime', '', '15', 'admin', '2022-03-25 12:41:05', '', '2022-03-25 17:01:05');
INSERT INTO `gen_table_column` VALUES ('272', '28', 'remark', '备注', 'varchar(500)', 'String', 'remark', '0', '0', null, '1', '1', '1', null, 'EQ', 'textarea', '', '16', 'admin', '2022-03-25 12:41:05', '', '2022-03-25 17:01:05');
INSERT INTO `gen_table_column` VALUES ('273', '29', 'id', '材料与合同表ID', 'int(11)', 'Long', 'id', '1', '1', null, '1', null, null, null, 'EQ', 'input', '', '1', 'admin', '2022-03-25 12:41:05', '', null);
INSERT INTO `gen_table_column` VALUES ('274', '29', 'mat_id', '材料ID', 'int(11)', 'Long', 'matId', '0', '0', '1', '1', '1', '1', '1', 'EQ', 'input', '', '2', 'admin', '2022-03-25 12:41:05', '', null);
INSERT INTO `gen_table_column` VALUES ('275', '29', 'con_id', '合同ID', 'int(11)', 'Long', 'conId', '0', '0', '1', '1', '1', '1', '1', 'EQ', 'input', '', '3', 'admin', '2022-03-25 12:41:05', '', null);
INSERT INTO `gen_table_column` VALUES ('276', '29', 'con_uprice', '材料单价', 'double', 'Long', 'conUprice', '0', '0', null, '1', '1', '1', '1', 'EQ', 'input', '', '4', 'admin', '2022-03-25 12:41:05', '', null);
INSERT INTO `gen_table_column` VALUES ('277', '29', 'con_num', '材料数量', 'bigint(20)', 'Long', 'conNum', '0', '0', '1', '1', '1', '1', '1', 'EQ', 'input', '', '5', 'admin', '2022-03-25 12:41:05', '', null);
INSERT INTO `gen_table_column` VALUES ('278', '29', 'con_tax', '税率', 'double', 'Long', 'conTax', '0', '0', null, '1', '1', '1', '1', 'EQ', 'input', '', '6', 'admin', '2022-03-25 12:41:05', '', null);
INSERT INTO `gen_table_column` VALUES ('279', '29', 'con_tprice', '含税金额（单价）', 'double', 'Long', 'conTprice', '0', '0', null, '1', '1', '1', '1', 'EQ', 'input', '', '7', 'admin', '2022-03-25 12:41:05', '', null);
INSERT INTO `gen_table_column` VALUES ('280', '29', 'create_by', '创建者', 'varchar(64)', 'String', 'createBy', '0', '0', null, '1', null, null, null, 'EQ', 'input', '', '8', 'admin', '2022-03-25 12:41:05', '', null);
INSERT INTO `gen_table_column` VALUES ('281', '29', 'create_time', '创建时间', 'datetime', 'Date', 'createTime', '0', '0', null, '1', null, null, null, 'EQ', 'datetime', '', '9', 'admin', '2022-03-25 12:41:05', '', null);
INSERT INTO `gen_table_column` VALUES ('282', '29', 'update_by', '更新者', 'varchar(64)', 'String', 'updateBy', '0', '0', null, '1', '1', null, null, 'EQ', 'input', '', '10', 'admin', '2022-03-25 12:41:05', '', null);
INSERT INTO `gen_table_column` VALUES ('283', '29', 'update_time', '更新时间', 'datetime', 'Date', 'updateTime', '0', '0', null, '1', '1', null, null, 'EQ', 'datetime', '', '11', 'admin', '2022-03-25 12:41:05', '', null);
INSERT INTO `gen_table_column` VALUES ('284', '29', 'remark', '备注', 'varchar(500)', 'String', 'remark', '0', '0', null, '1', '1', '1', null, 'EQ', 'textarea', '', '12', 'admin', '2022-03-25 12:41:05', '', null);
INSERT INTO `gen_table_column` VALUES ('285', '30', 'id', '材料与仓库表ID', 'int(11)', 'Long', 'id', '1', '1', null, '1', null, null, null, 'EQ', 'input', '', '1', 'admin', '2022-03-26 20:19:21', '', null);
INSERT INTO `gen_table_column` VALUES ('286', '30', 'mat_id', '材料ID', 'int(11)', 'Long', 'matId', '0', '0', '1', '1', '1', '1', '1', 'EQ', 'input', '', '2', 'admin', '2022-03-26 20:19:21', '', null);
INSERT INTO `gen_table_column` VALUES ('287', '30', 'store_id', '仓库ID', 'int(11)', 'Long', 'storeId', '0', '0', '1', '1', '1', '1', '1', 'EQ', 'input', '', '3', 'admin', '2022-03-26 20:19:21', '', null);
INSERT INTO `gen_table_column` VALUES ('288', '30', 'mat_uprice', '材料单价', 'double', 'Long', 'matUprice', '0', '0', null, '1', '1', '1', '1', 'EQ', 'input', '', '4', 'admin', '2022-03-26 20:19:21', '', null);
INSERT INTO `gen_table_column` VALUES ('289', '30', 'mat_num', '材料数量', 'bigint(20)', 'Long', 'matNum', '0', '0', '1', '1', '1', '1', '1', 'EQ', 'input', '', '5', 'admin', '2022-03-26 20:19:21', '', null);
INSERT INTO `gen_table_column` VALUES ('290', '30', 'mat_tprice', '材料总价', 'double', 'Long', 'matTprice', '0', '0', null, '1', '1', '1', '1', 'EQ', 'input', '', '6', 'admin', '2022-03-26 20:19:21', '', null);
INSERT INTO `gen_table_column` VALUES ('291', '30', 'create_by', '创建者', 'varchar(64)', 'String', 'createBy', '0', '0', null, '1', null, null, null, 'EQ', 'input', '', '7', 'admin', '2022-03-26 20:19:21', '', null);
INSERT INTO `gen_table_column` VALUES ('292', '30', 'create_time', '创建时间', 'datetime', 'Date', 'createTime', '0', '0', null, '1', null, null, null, 'EQ', 'datetime', '', '8', 'admin', '2022-03-26 20:19:21', '', null);
INSERT INTO `gen_table_column` VALUES ('293', '30', 'update_by', '更新者', 'varchar(64)', 'String', 'updateBy', '0', '0', null, '1', '1', null, null, 'EQ', 'input', '', '9', 'admin', '2022-03-26 20:19:21', '', null);
INSERT INTO `gen_table_column` VALUES ('294', '30', 'update_time', '更新时间', 'datetime', 'Date', 'updateTime', '0', '0', null, '1', '1', null, null, 'EQ', 'datetime', '', '10', 'admin', '2022-03-26 20:19:21', '', null);
INSERT INTO `gen_table_column` VALUES ('295', '30', 'remark', '备注', 'varchar(500)', 'String', 'remark', '0', '0', null, '1', '1', '1', null, 'EQ', 'textarea', '', '11', 'admin', '2022-03-26 20:19:21', '', null);
INSERT INTO `gen_table_column` VALUES ('296', '31', 'in_id', '材料入库ID', 'int(11)', 'Long', 'inId', '1', '1', null, '1', null, null, null, 'EQ', 'input', '', '1', 'admin', '2022-03-26 20:19:27', '', '2022-03-26 23:27:21');
INSERT INTO `gen_table_column` VALUES ('297', '31', 'in_name', '材料入库名称', 'varchar(50)', 'String', 'inName', '0', '0', '1', '1', '1', '1', '1', 'LIKE', 'input', '', '2', 'admin', '2022-03-26 20:19:27', '', '2022-03-26 23:27:21');
INSERT INTO `gen_table_column` VALUES ('298', '31', 'con_id', '材料合同ID', 'int(11)', 'Long', 'conId', '0', '0', '1', '1', '1', '1', '1', 'EQ', 'input', '', '3', 'admin', '2022-03-26 20:19:27', '', '2022-03-26 23:27:21');
INSERT INTO `gen_table_column` VALUES ('299', '31', 'pro_id', '项目ID', 'int(11)', 'Long', 'proId', '0', '0', '1', '1', '1', '1', '1', 'EQ', 'input', '', '4', 'admin', '2022-03-26 20:19:27', '', '2022-03-26 23:27:21');
INSERT INTO `gen_table_column` VALUES ('300', '31', 'supplier_id', '供应商ID', 'int(11)', 'Long', 'supplierId', '0', '0', '1', '1', '1', '1', '1', 'EQ', 'input', '', '5', 'admin', '2022-03-26 20:19:27', '', '2022-03-26 23:27:21');
INSERT INTO `gen_table_column` VALUES ('301', '31', 'store_id', '仓库ID', 'int(11)', 'Long', 'storeId', '0', '0', '1', '1', '1', '1', '1', 'EQ', 'input', '', '6', 'admin', '2022-03-26 20:19:27', '', '2022-03-26 23:27:21');
INSERT INTO `gen_table_column` VALUES ('302', '31', 'status', '材料入库状态', 'char(1)', 'String', 'status', '0', '0', null, '1', '1', '1', '1', 'EQ', 'radio', 'mms_pur_status', '7', 'admin', '2022-03-26 20:19:27', '', '2022-03-26 23:27:21');
INSERT INTO `gen_table_column` VALUES ('303', '31', 'user_id', '审核人ID（只有审核人才能改计划状态）', 'int(11)', 'Long', 'userId', '0', '0', '1', '1', '1', '1', '1', 'EQ', 'input', '', '8', 'admin', '2022-03-26 20:19:27', '', '2022-03-26 23:27:21');
INSERT INTO `gen_table_column` VALUES ('304', '31', 'create_by', '创建者', 'varchar(64)', 'String', 'createBy', '0', '0', null, '1', null, null, null, 'EQ', 'input', '', '9', 'admin', '2022-03-26 20:19:27', '', '2022-03-26 23:27:21');
INSERT INTO `gen_table_column` VALUES ('305', '31', 'create_time', '创建时间', 'datetime', 'Date', 'createTime', '0', '0', null, '1', null, null, null, 'EQ', 'datetime', '', '10', 'admin', '2022-03-26 20:19:27', '', '2022-03-26 23:27:21');
INSERT INTO `gen_table_column` VALUES ('306', '31', 'update_by', '更新者', 'varchar(64)', 'String', 'updateBy', '0', '0', null, '1', '1', null, null, 'EQ', 'input', '', '11', 'admin', '2022-03-26 20:19:27', '', '2022-03-26 23:27:21');
INSERT INTO `gen_table_column` VALUES ('307', '31', 'update_time', '更新时间', 'datetime', 'Date', 'updateTime', '0', '0', null, '1', '1', null, null, 'EQ', 'datetime', '', '12', 'admin', '2022-03-26 20:19:27', '', '2022-03-26 23:27:21');
INSERT INTO `gen_table_column` VALUES ('308', '31', 'remark', '备注', 'varchar(500)', 'String', 'remark', '0', '0', null, '1', '1', '1', null, 'EQ', 'textarea', '', '13', 'admin', '2022-03-26 20:19:27', '', '2022-03-26 23:27:21');
INSERT INTO `gen_table_column` VALUES ('309', '32', 'id', '材料与材料入库关联表ID', 'int(11)', 'Long', 'id', '1', '1', null, '1', null, null, null, 'EQ', 'input', '', '1', 'admin', '2022-03-26 20:19:27', '', null);
INSERT INTO `gen_table_column` VALUES ('310', '32', 'mat_id', '材料ID', 'int(11)', 'Long', 'matId', '0', '0', '1', '1', '1', '1', '1', 'EQ', 'input', '', '2', 'admin', '2022-03-26 20:19:27', '', null);
INSERT INTO `gen_table_column` VALUES ('311', '32', 'in_id', '材料入库ID', 'int(11)', 'Long', 'inId', '0', '0', '1', '1', '1', '1', '1', 'EQ', 'input', '', '3', 'admin', '2022-03-26 20:19:27', '', null);
INSERT INTO `gen_table_column` VALUES ('312', '32', 'con_uprice', '材料单价', 'double', 'Long', 'conUprice', '0', '0', null, '1', '1', '1', '1', 'EQ', 'input', '', '4', 'admin', '2022-03-26 20:19:27', '', null);
INSERT INTO `gen_table_column` VALUES ('313', '32', 'in_num', '入库数量', 'bigint(20)', 'Long', 'inNum', '0', '0', '1', '1', '1', '1', '1', 'EQ', 'input', '', '5', 'admin', '2022-03-26 20:19:27', '', null);
INSERT INTO `gen_table_column` VALUES ('314', '32', 'con_tax', '税率', 'double', 'Long', 'conTax', '0', '0', null, '1', '1', '1', '1', 'EQ', 'input', '', '6', 'admin', '2022-03-26 20:19:27', '', null);
INSERT INTO `gen_table_column` VALUES ('315', '32', 'con_tprice', '含税金额（单价）', 'double', 'Long', 'conTprice', '0', '0', null, '1', '1', '1', '1', 'EQ', 'input', '', '7', 'admin', '2022-03-26 20:19:27', '', null);
INSERT INTO `gen_table_column` VALUES ('316', '32', 'create_by', '创建者', 'varchar(64)', 'String', 'createBy', '0', '0', null, '1', null, null, null, 'EQ', 'input', '', '8', 'admin', '2022-03-26 20:19:27', '', null);
INSERT INTO `gen_table_column` VALUES ('317', '32', 'create_time', '创建时间', 'datetime', 'Date', 'createTime', '0', '0', null, '1', null, null, null, 'EQ', 'datetime', '', '9', 'admin', '2022-03-26 20:19:27', '', null);
INSERT INTO `gen_table_column` VALUES ('318', '32', 'update_by', '更新者', 'varchar(64)', 'String', 'updateBy', '0', '0', null, '1', '1', null, null, 'EQ', 'input', '', '10', 'admin', '2022-03-26 20:19:27', '', null);
INSERT INTO `gen_table_column` VALUES ('319', '32', 'update_time', '更新时间', 'datetime', 'Date', 'updateTime', '0', '0', null, '1', '1', null, null, 'EQ', 'datetime', '', '11', 'admin', '2022-03-26 20:19:27', '', null);
INSERT INTO `gen_table_column` VALUES ('320', '32', 'remark', '备注', 'varchar(500)', 'String', 'remark', '0', '0', null, '1', '1', '1', null, 'EQ', 'textarea', '', '12', 'admin', '2022-03-26 20:19:27', '', null);
INSERT INTO `gen_table_column` VALUES ('321', '33', 'out_id', '材料出库ID', 'int(11)', 'Long', 'outId', '1', '1', null, '1', null, null, null, 'EQ', 'input', '', '1', 'admin', '2022-03-28 22:03:06', '', '2022-03-28 22:04:29');
INSERT INTO `gen_table_column` VALUES ('322', '33', 'out_name', '材料出库名称', 'varchar(50)', 'String', 'outName', '0', '0', '1', '1', '1', '1', '1', 'LIKE', 'input', '', '2', 'admin', '2022-03-28 22:03:06', '', '2022-03-28 22:04:29');
INSERT INTO `gen_table_column` VALUES ('323', '33', 'in_id', '材料入库ID', 'int(11)', 'Long', 'inId', '0', '0', '1', '1', '1', '1', '1', 'EQ', 'input', '', '3', 'admin', '2022-03-28 22:03:06', '', '2022-03-28 22:04:29');
INSERT INTO `gen_table_column` VALUES ('324', '33', 'pro_id', '项目ID', 'int(11)', 'Long', 'proId', '0', '0', '1', '1', '1', '1', '1', 'EQ', 'input', '', '4', 'admin', '2022-03-28 22:03:06', '', '2022-03-28 22:04:29');
INSERT INTO `gen_table_column` VALUES ('325', '33', 'store_id', '仓库ID', 'int(11)', 'Long', 'storeId', '0', '0', '1', '1', '1', '1', '1', 'EQ', 'input', '', '5', 'admin', '2022-03-28 22:03:07', '', '2022-03-28 22:04:29');
INSERT INTO `gen_table_column` VALUES ('326', '33', 'status', '材料出库状态', 'char(1)', 'String', 'status', '0', '0', null, '1', '1', '1', '1', 'EQ', 'radio', 'mms_pur_status', '6', 'admin', '2022-03-28 22:03:07', '', '2022-03-28 22:04:29');
INSERT INTO `gen_table_column` VALUES ('327', '33', 'user_id', '审核人ID（只有审核人才能改计划状态）', 'int(11)', 'Long', 'userId', '0', '0', '1', '1', '1', '1', '1', 'EQ', 'input', '', '7', 'admin', '2022-03-28 22:03:07', '', '2022-03-28 22:04:29');
INSERT INTO `gen_table_column` VALUES ('328', '33', 'create_by', '创建者', 'varchar(64)', 'String', 'createBy', '0', '0', null, '1', null, null, null, 'EQ', 'input', '', '8', 'admin', '2022-03-28 22:03:07', '', '2022-03-28 22:04:29');
INSERT INTO `gen_table_column` VALUES ('329', '33', 'create_time', '创建时间', 'datetime', 'Date', 'createTime', '0', '0', null, '1', null, null, null, 'EQ', 'datetime', '', '9', 'admin', '2022-03-28 22:03:07', '', '2022-03-28 22:04:29');
INSERT INTO `gen_table_column` VALUES ('330', '33', 'update_by', '更新者', 'varchar(64)', 'String', 'updateBy', '0', '0', null, '1', '1', null, null, 'EQ', 'input', '', '10', 'admin', '2022-03-28 22:03:07', '', '2022-03-28 22:04:29');
INSERT INTO `gen_table_column` VALUES ('331', '33', 'update_time', '更新时间', 'datetime', 'Date', 'updateTime', '0', '0', null, '1', '1', null, null, 'EQ', 'datetime', '', '11', 'admin', '2022-03-28 22:03:07', '', '2022-03-28 22:04:29');
INSERT INTO `gen_table_column` VALUES ('332', '33', 'remark', '备注', 'varchar(500)', 'String', 'remark', '0', '0', null, '1', '1', '1', null, 'EQ', 'textarea', '', '12', 'admin', '2022-03-28 22:03:07', '', '2022-03-28 22:04:29');
INSERT INTO `gen_table_column` VALUES ('333', '34', 'id', '材料与材料出库关联表ID', 'int(11)', 'Long', 'id', '1', '1', null, '1', null, null, null, 'EQ', 'input', '', '1', 'admin', '2022-03-28 22:03:07', '', null);
INSERT INTO `gen_table_column` VALUES ('334', '34', 'mat_id', '材料ID', 'int(11)', 'Long', 'matId', '0', '0', '1', '1', '1', '1', '1', 'EQ', 'input', '', '2', 'admin', '2022-03-28 22:03:07', '', null);
INSERT INTO `gen_table_column` VALUES ('335', '34', 'out_id', '材料出库ID', 'int(11)', 'Long', 'outId', '0', '0', '1', '1', '1', '1', '1', 'EQ', 'input', '', '3', 'admin', '2022-03-28 22:03:07', '', null);
INSERT INTO `gen_table_column` VALUES ('336', '34', 'out_num', '出库数量', 'bigint(20)', 'Long', 'outNum', '0', '0', '1', '1', '1', '1', '1', 'EQ', 'input', '', '4', 'admin', '2022-03-28 22:03:07', '', null);
INSERT INTO `gen_table_column` VALUES ('337', '34', 'create_by', '创建者', 'varchar(64)', 'String', 'createBy', '0', '0', null, '1', null, null, null, 'EQ', 'input', '', '5', 'admin', '2022-03-28 22:03:07', '', null);
INSERT INTO `gen_table_column` VALUES ('338', '34', 'create_time', '创建时间', 'datetime', 'Date', 'createTime', '0', '0', null, '1', null, null, null, 'EQ', 'datetime', '', '6', 'admin', '2022-03-28 22:03:07', '', null);
INSERT INTO `gen_table_column` VALUES ('339', '34', 'update_by', '更新者', 'varchar(64)', 'String', 'updateBy', '0', '0', null, '1', '1', null, null, 'EQ', 'input', '', '7', 'admin', '2022-03-28 22:03:07', '', null);
INSERT INTO `gen_table_column` VALUES ('340', '34', 'update_time', '更新时间', 'datetime', 'Date', 'updateTime', '0', '0', null, '1', '1', null, null, 'EQ', 'datetime', '', '8', 'admin', '2022-03-28 22:03:07', '', null);
INSERT INTO `gen_table_column` VALUES ('341', '34', 'remark', '备注', 'varchar(500)', 'String', 'remark', '0', '0', null, '1', '1', '1', null, 'EQ', 'textarea', '', '9', 'admin', '2022-03-28 22:03:07', '', null);
INSERT INTO `gen_table_column` VALUES ('342', '35', 'back_id', '材料退库ID', 'int(11)', 'Long', 'backId', '1', '1', null, '1', null, null, null, 'EQ', 'input', '', '1', 'admin', '2022-03-28 22:10:01', '', '2022-03-28 22:11:10');
INSERT INTO `gen_table_column` VALUES ('343', '35', 'back_name', '材料退库名称', 'varchar(50)', 'String', 'backName', '0', '0', '1', '1', '1', '1', '1', 'LIKE', 'input', '', '2', 'admin', '2022-03-28 22:10:01', '', '2022-03-28 22:11:10');
INSERT INTO `gen_table_column` VALUES ('344', '35', 'pro_id', '项目ID', 'int(11)', 'Long', 'proId', '0', '0', '1', '1', '1', '1', '1', 'EQ', 'input', '', '3', 'admin', '2022-03-28 22:10:01', '', '2022-03-28 22:11:10');
INSERT INTO `gen_table_column` VALUES ('345', '35', 'store_id', '仓库ID', 'int(11)', 'Long', 'storeId', '0', '0', '1', '1', '1', '1', '1', 'EQ', 'input', '', '4', 'admin', '2022-03-28 22:10:01', '', '2022-03-28 22:11:10');
INSERT INTO `gen_table_column` VALUES ('346', '35', 'status', '材料退库状态', 'char(1)', 'String', 'status', '0', '0', null, '1', '1', '1', '1', 'EQ', 'radio', 'mms_pur_status', '5', 'admin', '2022-03-28 22:10:01', '', '2022-03-28 22:11:10');
INSERT INTO `gen_table_column` VALUES ('347', '35', 'user_id', '审核人ID（只有审核人才能改计划状态）', 'int(11)', 'Long', 'userId', '0', '0', '1', '1', '1', '1', '1', 'EQ', 'input', '', '6', 'admin', '2022-03-28 22:10:01', '', '2022-03-28 22:11:10');
INSERT INTO `gen_table_column` VALUES ('348', '35', 'create_by', '创建者', 'varchar(64)', 'String', 'createBy', '0', '0', null, '1', null, null, null, 'EQ', 'input', '', '7', 'admin', '2022-03-28 22:10:01', '', '2022-03-28 22:11:10');
INSERT INTO `gen_table_column` VALUES ('349', '35', 'create_time', '创建时间', 'datetime', 'Date', 'createTime', '0', '0', null, '1', null, null, null, 'EQ', 'datetime', '', '8', 'admin', '2022-03-28 22:10:01', '', '2022-03-28 22:11:10');
INSERT INTO `gen_table_column` VALUES ('350', '35', 'update_by', '更新者', 'varchar(64)', 'String', 'updateBy', '0', '0', null, '1', '1', null, null, 'EQ', 'input', '', '9', 'admin', '2022-03-28 22:10:01', '', '2022-03-28 22:11:10');
INSERT INTO `gen_table_column` VALUES ('351', '35', 'update_time', '更新时间', 'datetime', 'Date', 'updateTime', '0', '0', null, '1', '1', null, null, 'EQ', 'datetime', '', '10', 'admin', '2022-03-28 22:10:01', '', '2022-03-28 22:11:10');
INSERT INTO `gen_table_column` VALUES ('352', '35', 'remark', '备注', 'varchar(500)', 'String', 'remark', '0', '0', null, '1', '1', '1', null, 'EQ', 'textarea', '', '11', 'admin', '2022-03-28 22:10:01', '', '2022-03-28 22:11:10');
INSERT INTO `gen_table_column` VALUES ('353', '36', 'id', '材料与材料退库关联表ID', 'int(11)', 'Long', 'id', '1', '1', null, '1', null, null, null, 'EQ', 'input', '', '1', 'admin', '2022-03-28 22:10:01', '', null);
INSERT INTO `gen_table_column` VALUES ('354', '36', 'mat_id', '材料ID', 'int(11)', 'Long', 'matId', '0', '0', '1', '1', '1', '1', '1', 'EQ', 'input', '', '2', 'admin', '2022-03-28 22:10:01', '', null);
INSERT INTO `gen_table_column` VALUES ('355', '36', 'back_id', '材料出库ID', 'int(11)', 'Long', 'backId', '0', '0', '1', '1', '1', '1', '1', 'EQ', 'input', '', '3', 'admin', '2022-03-28 22:10:01', '', null);
INSERT INTO `gen_table_column` VALUES ('356', '36', 'back_num', '出库数量', 'bigint(20)', 'Long', 'backNum', '0', '0', '1', '1', '1', '1', '1', 'EQ', 'input', '', '4', 'admin', '2022-03-28 22:10:01', '', null);
INSERT INTO `gen_table_column` VALUES ('357', '36', 'create_by', '创建者', 'varchar(64)', 'String', 'createBy', '0', '0', null, '1', null, null, null, 'EQ', 'input', '', '5', 'admin', '2022-03-28 22:10:01', '', null);
INSERT INTO `gen_table_column` VALUES ('358', '36', 'create_time', '创建时间', 'datetime', 'Date', 'createTime', '0', '0', null, '1', null, null, null, 'EQ', 'datetime', '', '6', 'admin', '2022-03-28 22:10:01', '', null);
INSERT INTO `gen_table_column` VALUES ('359', '36', 'update_by', '更新者', 'varchar(64)', 'String', 'updateBy', '0', '0', null, '1', '1', null, null, 'EQ', 'input', '', '7', 'admin', '2022-03-28 22:10:01', '', null);
INSERT INTO `gen_table_column` VALUES ('360', '36', 'update_time', '更新时间', 'datetime', 'Date', 'updateTime', '0', '0', null, '1', '1', null, null, 'EQ', 'datetime', '', '8', 'admin', '2022-03-28 22:10:01', '', null);
INSERT INTO `gen_table_column` VALUES ('361', '36', 'remark', '备注', 'varchar(500)', 'String', 'remark', '0', '0', null, '1', '1', '1', null, 'EQ', 'textarea', '', '9', 'admin', '2022-03-28 22:10:01', '', null);
INSERT INTO `gen_table_column` VALUES ('362', '37', 'che_id', '材料盘点ID', 'int(11)', 'Long', 'cheId', '1', '1', null, '1', null, null, null, 'EQ', 'input', '', '1', 'admin', '2022-03-28 22:15:29', '', '2022-03-28 22:16:27');
INSERT INTO `gen_table_column` VALUES ('363', '37', 'che_name', '材料盘点名称', 'varchar(50)', 'String', 'cheName', '0', '0', '1', '1', '1', '1', '1', 'LIKE', 'input', '', '2', 'admin', '2022-03-28 22:15:29', '', '2022-03-28 22:16:27');
INSERT INTO `gen_table_column` VALUES ('364', '37', 'pro_id', '项目ID', 'int(11)', 'Long', 'proId', '0', '0', '1', '1', '1', '1', '1', 'EQ', 'input', '', '3', 'admin', '2022-03-28 22:15:29', '', '2022-03-28 22:16:27');
INSERT INTO `gen_table_column` VALUES ('365', '37', 'store_id', '仓库ID', 'int(11)', 'Long', 'storeId', '0', '0', '1', '1', '1', '1', '1', 'EQ', 'input', '', '4', 'admin', '2022-03-28 22:15:29', '', '2022-03-28 22:16:27');
INSERT INTO `gen_table_column` VALUES ('366', '37', 'status', '材料盘点状态', 'char(1)', 'String', 'status', '0', '0', null, '1', '1', '1', '1', 'EQ', 'radio', 'mms_pur_status', '5', 'admin', '2022-03-28 22:15:29', '', '2022-03-28 22:16:27');
INSERT INTO `gen_table_column` VALUES ('367', '37', 'user_id', '审核人ID（只有审核人才能改计划状态）', 'int(11)', 'Long', 'userId', '0', '0', '1', '1', '1', '1', '1', 'EQ', 'input', '', '6', 'admin', '2022-03-28 22:15:29', '', '2022-03-28 22:16:27');
INSERT INTO `gen_table_column` VALUES ('368', '37', 'create_by', '创建者', 'varchar(64)', 'String', 'createBy', '0', '0', null, '1', null, null, null, 'EQ', 'input', '', '7', 'admin', '2022-03-28 22:15:29', '', '2022-03-28 22:16:27');
INSERT INTO `gen_table_column` VALUES ('369', '37', 'create_time', '创建时间', 'datetime', 'Date', 'createTime', '0', '0', null, '1', null, null, null, 'EQ', 'datetime', '', '8', 'admin', '2022-03-28 22:15:29', '', '2022-03-28 22:16:27');
INSERT INTO `gen_table_column` VALUES ('370', '37', 'update_by', '更新者', 'varchar(64)', 'String', 'updateBy', '0', '0', null, '1', '1', null, null, 'EQ', 'input', '', '9', 'admin', '2022-03-28 22:15:29', '', '2022-03-28 22:16:27');
INSERT INTO `gen_table_column` VALUES ('371', '37', 'update_time', '更新时间', 'datetime', 'Date', 'updateTime', '0', '0', null, '1', '1', null, null, 'EQ', 'datetime', '', '10', 'admin', '2022-03-28 22:15:29', '', '2022-03-28 22:16:27');
INSERT INTO `gen_table_column` VALUES ('372', '37', 'remark', '备注', 'varchar(500)', 'String', 'remark', '0', '0', null, '1', '1', '1', null, 'EQ', 'textarea', '', '11', 'admin', '2022-03-28 22:15:29', '', '2022-03-28 22:16:27');
INSERT INTO `gen_table_column` VALUES ('373', '38', 'id', '材料与材料盘点关联表ID', 'int(11)', 'Long', 'id', '1', '1', null, '1', null, null, null, 'EQ', 'input', '', '1', 'admin', '2022-03-28 22:15:29', '', null);
INSERT INTO `gen_table_column` VALUES ('374', '38', 'mat_id', '材料ID', 'int(11)', 'Long', 'matId', '0', '0', '1', '1', '1', '1', '1', 'EQ', 'input', '', '2', 'admin', '2022-03-28 22:15:29', '', null);
INSERT INTO `gen_table_column` VALUES ('375', '38', 'che_id', '材料盘点ID', 'int(11)', 'Long', 'cheId', '0', '0', '1', '1', '1', '1', '1', 'EQ', 'input', '', '3', 'admin', '2022-03-28 22:15:29', '', null);
INSERT INTO `gen_table_column` VALUES ('376', '38', 'num', '账存数量', 'bigint(20)', 'Long', 'num', '0', '0', '1', '1', '1', '1', '1', 'EQ', 'input', '', '4', 'admin', '2022-03-28 22:15:29', '', null);
INSERT INTO `gen_table_column` VALUES ('377', '38', 'che_num', '盘点数量', 'bigint(20)', 'Long', 'cheNum', '0', '0', '1', '1', '1', '1', '1', 'EQ', 'input', '', '5', 'admin', '2022-03-28 22:15:29', '', null);
INSERT INTO `gen_table_column` VALUES ('378', '38', 'create_by', '创建者', 'varchar(64)', 'String', 'createBy', '0', '0', null, '1', null, null, null, 'EQ', 'input', '', '6', 'admin', '2022-03-28 22:15:29', '', null);
INSERT INTO `gen_table_column` VALUES ('379', '38', 'create_time', '创建时间', 'datetime', 'Date', 'createTime', '0', '0', null, '1', null, null, null, 'EQ', 'datetime', '', '7', 'admin', '2022-03-28 22:15:29', '', null);
INSERT INTO `gen_table_column` VALUES ('380', '38', 'update_by', '更新者', 'varchar(64)', 'String', 'updateBy', '0', '0', null, '1', '1', null, null, 'EQ', 'input', '', '8', 'admin', '2022-03-28 22:15:29', '', null);
INSERT INTO `gen_table_column` VALUES ('381', '38', 'update_time', '更新时间', 'datetime', 'Date', 'updateTime', '0', '0', null, '1', '1', null, null, 'EQ', 'datetime', '', '9', 'admin', '2022-03-28 22:15:29', '', null);
INSERT INTO `gen_table_column` VALUES ('382', '38', 'remark', '备注', 'varchar(500)', 'String', 'remark', '0', '0', null, '1', '1', '1', null, 'EQ', 'textarea', '', '10', 'admin', '2022-03-28 22:15:29', '', null);

-- ----------------------------
-- Table structure for mms_back
-- ----------------------------
DROP TABLE IF EXISTS `mms_back`;
CREATE TABLE `mms_back` (
  `back_id` int(11) NOT NULL AUTO_INCREMENT COMMENT '材料退库ID',
  `back_name` varchar(50) NOT NULL DEFAULT '' COMMENT '材料退库名称',
  `pro_id` int(11) NOT NULL COMMENT '项目ID',
  `store_id` int(11) NOT NULL COMMENT '仓库ID',
  `status` char(1) DEFAULT '0' COMMENT '材料退库状态（0待审核 1已通过 2未通过）',
  `user_id` int(11) NOT NULL COMMENT '审核人ID（只有审核人才能改计划状态）',
  `create_by` varchar(64) DEFAULT '' COMMENT '创建者',
  `create_time` datetime DEFAULT NULL COMMENT '创建时间',
  `update_by` varchar(64) DEFAULT '' COMMENT '更新者',
  `update_time` datetime DEFAULT NULL COMMENT '更新时间',
  `remark` varchar(500) DEFAULT NULL COMMENT '备注',
  PRIMARY KEY (`back_id`)
) ENGINE=InnoDB DEFAULT CHARSET=utf8 ROW_FORMAT=COMPACT COMMENT='材料退库表';

-- ----------------------------
-- Records of mms_back
-- ----------------------------

-- ----------------------------
-- Table structure for mms_back_material
-- ----------------------------
DROP TABLE IF EXISTS `mms_back_material`;
CREATE TABLE `mms_back_material` (
  `id` int(11) NOT NULL AUTO_INCREMENT COMMENT '材料与材料退库关联表ID',
  `mat_id` int(11) NOT NULL COMMENT '材料ID',
  `back_id` int(11) NOT NULL COMMENT '材料出库ID',
  `back_num` bigint(20) NOT NULL COMMENT '出库数量',
  `create_by` varchar(64) DEFAULT '' COMMENT '创建者',
  `create_time` datetime DEFAULT NULL COMMENT '创建时间',
  `update_by` varchar(64) DEFAULT '' COMMENT '更新者',
  `update_time` datetime DEFAULT NULL COMMENT '更新时间',
  `remark` varchar(500) DEFAULT NULL COMMENT '备注',
  PRIMARY KEY (`id`)
) ENGINE=InnoDB DEFAULT CHARSET=utf8 ROW_FORMAT=COMPACT COMMENT='材料与材料退库关联表';

-- ----------------------------
-- Records of mms_back_material
-- ----------------------------

-- ----------------------------
-- Table structure for mms_check
-- ----------------------------
DROP TABLE IF EXISTS `mms_check`;
CREATE TABLE `mms_check` (
  `che_id` int(11) NOT NULL AUTO_INCREMENT COMMENT '材料盘点ID',
  `che_name` varchar(50) NOT NULL DEFAULT '' COMMENT '材料盘点名称',
  `pro_id` int(11) NOT NULL COMMENT '项目ID',
  `store_id` int(11) NOT NULL COMMENT '仓库ID',
  `status` char(1) DEFAULT '0' COMMENT '材料盘点状态（0待审核 1已通过 2未通过）',
  `user_id` int(11) NOT NULL COMMENT '审核人ID（只有审核人才能改计划状态）',
  `create_by` varchar(64) DEFAULT '' COMMENT '创建者',
  `create_time` datetime DEFAULT NULL COMMENT '创建时间',
  `update_by` varchar(64) DEFAULT '' COMMENT '更新者',
  `update_time` datetime DEFAULT NULL COMMENT '更新时间',
  `remark` varchar(500) DEFAULT NULL COMMENT '备注',
  PRIMARY KEY (`che_id`)
) ENGINE=InnoDB DEFAULT CHARSET=utf8 ROW_FORMAT=COMPACT COMMENT='材料盘点表';

-- ----------------------------
-- Records of mms_check
-- ----------------------------

-- ----------------------------
-- Table structure for mms_check_material
-- ----------------------------
DROP TABLE IF EXISTS `mms_check_material`;
CREATE TABLE `mms_check_material` (
  `id` int(11) NOT NULL AUTO_INCREMENT COMMENT '材料与材料盘点关联表ID',
  `mat_id` int(11) NOT NULL COMMENT '材料ID',
  `che_id` int(11) NOT NULL COMMENT '材料盘点ID',
  `num` bigint(20) NOT NULL COMMENT '账存数量',
  `che_num` bigint(20) NOT NULL COMMENT '盘点数量',
  `create_by` varchar(64) DEFAULT '' COMMENT '创建者',
  `create_time` datetime DEFAULT NULL COMMENT '创建时间',
  `update_by` varchar(64) DEFAULT '' COMMENT '更新者',
  `update_time` datetime DEFAULT NULL COMMENT '更新时间',
  `remark` varchar(500) DEFAULT NULL COMMENT '备注',
  PRIMARY KEY (`id`)
) ENGINE=InnoDB DEFAULT CHARSET=utf8 ROW_FORMAT=COMPACT COMMENT='材料与材料盘点关联表';

-- ----------------------------
-- Records of mms_check_material
-- ----------------------------

-- ----------------------------
-- Table structure for mms_contract
-- ----------------------------
DROP TABLE IF EXISTS `mms_contract`;
CREATE TABLE `mms_contract` (
  `con_id` int(11) NOT NULL AUTO_INCREMENT COMMENT '合同ID',
  `con_name` varchar(255) NOT NULL DEFAULT '' COMMENT '合同名称',
  `pro_id` int(11) NOT NULL COMMENT '项目ID',
  `need_id` int(11) NOT NULL COMMENT '需用计划ID',
  `supplier_id` int(11) NOT NULL COMMENT '供应商ID',
  `user_id` int(11) NOT NULL COMMENT '录入人ID',
  `payment_way` char(1) DEFAULT '0' COMMENT '支付方式 1现金 2转账 3支票 4微信）',
  `delivery_way` char(1) DEFAULT '0' COMMENT '交货方式 1一次性交货 2分批交货）',
  `clearing_form` char(1) DEFAULT '0' COMMENT '结算方式 1分段结算 2合同结算 3竣工后一次结算）',
  `start_date` timestamp NULL DEFAULT NULL COMMENT '开工日期',
  `end_date` timestamp NULL DEFAULT NULL COMMENT '竣工日期',
  `create_by` varchar(64) DEFAULT '' COMMENT '创建者',
  `create_time` datetime DEFAULT NULL COMMENT '创建时间',
  `update_by` varchar(64) DEFAULT '' COMMENT '更新者',
  `update_time` datetime DEFAULT NULL COMMENT '更新时间',
  `remark` varchar(500) DEFAULT NULL COMMENT '备注',
  PRIMARY KEY (`con_id`)
) ENGINE=InnoDB AUTO_INCREMENT=3 DEFAULT CHARSET=utf8 ROW_FORMAT=COMPACT COMMENT='材料合同表';

-- ----------------------------
-- Records of mms_contract
-- ----------------------------
INSERT INTO `mms_contract` VALUES ('1', '正经合同', '1', '2', '1', '1', '0', '1', '0', '2022-03-26 00:00:00', '2022-04-15 00:00:00', '', '2022-03-26 19:46:17', '', null, null);
INSERT INTO `mms_contract` VALUES ('2', '测试合同', '4', '1', '1', '1', '1', '0', '0', null, null, '', '2022-03-27 15:30:52', '', null, null);

-- ----------------------------
-- Table structure for mms_contract_material
-- ----------------------------
DROP TABLE IF EXISTS `mms_contract_material`;
CREATE TABLE `mms_contract_material` (
  `id` int(11) NOT NULL AUTO_INCREMENT COMMENT '材料与合同表ID',
  `mat_id` int(11) NOT NULL COMMENT '材料ID',
  `con_id` int(11) NOT NULL COMMENT '合同ID',
  `con_uprice` double DEFAULT '0' COMMENT '材料单价',
  `con_num` bigint(20) NOT NULL COMMENT '材料数量',
  `con_tax` double DEFAULT '0' COMMENT '税率',
  `con_tprice` double DEFAULT '0' COMMENT '含税金额（单价）',
  `create_by` varchar(64) DEFAULT '' COMMENT '创建者',
  `create_time` datetime DEFAULT NULL COMMENT '创建时间',
  `update_by` varchar(64) DEFAULT '' COMMENT '更新者',
  `update_time` datetime DEFAULT NULL COMMENT '更新时间',
  `remark` varchar(500) DEFAULT NULL COMMENT '备注',
  PRIMARY KEY (`id`)
) ENGINE=InnoDB AUTO_INCREMENT=8 DEFAULT CHARSET=utf8 ROW_FORMAT=COMPACT COMMENT='材料与合同关联表';

-- ----------------------------
-- Records of mms_contract_material
-- ----------------------------
INSERT INTO `mms_contract_material` VALUES ('1', '10000', '1', '10', '1000', '0.2', '12', null, null, null, null, '');
INSERT INTO `mms_contract_material` VALUES ('2', '10001', '1', '9', '1000', '0.2', '10.8', null, null, null, null, '');
INSERT INTO `mms_contract_material` VALUES ('4', '10000', '2', '1', '1', '0.1', '1.1', null, null, null, null, '');
INSERT INTO `mms_contract_material` VALUES ('5', '10002', '2', '1', '1', '0.1', '1.1', null, null, null, null, '');
INSERT INTO `mms_contract_material` VALUES ('7', '10002', '1', '11', '1000', '0.2', '13.2', null, null, null, null, '');

-- ----------------------------
-- Table structure for mms_delivery
-- ----------------------------
DROP TABLE IF EXISTS `mms_delivery`;
CREATE TABLE `mms_delivery` (
  `out_id` int(11) NOT NULL AUTO_INCREMENT COMMENT '材料出库ID',
  `out_name` varchar(50) NOT NULL DEFAULT '' COMMENT '材料出库名称',
  `in_id` int(11) NOT NULL COMMENT '材料入库ID',
  `pro_id` int(11) NOT NULL COMMENT '项目ID',
  `store_id` int(11) NOT NULL COMMENT '仓库ID',
  `status` char(1) DEFAULT '0' COMMENT '材料出库状态（0待审核 1已通过 2未通过）',
  `user_id` int(11) NOT NULL COMMENT '审核人ID（只有审核人才能改计划状态）',
  `create_by` varchar(64) DEFAULT '' COMMENT '创建者',
  `create_time` datetime DEFAULT NULL COMMENT '创建时间',
  `update_by` varchar(64) DEFAULT '' COMMENT '更新者',
  `update_time` datetime DEFAULT NULL COMMENT '更新时间',
  `remark` varchar(500) DEFAULT NULL COMMENT '备注',
  PRIMARY KEY (`out_id`)
) ENGINE=InnoDB DEFAULT CHARSET=utf8 ROW_FORMAT=COMPACT COMMENT='材料出库表';

-- ----------------------------
-- Records of mms_delivery
-- ----------------------------

-- ----------------------------
-- Table structure for mms_delivery_material
-- ----------------------------
DROP TABLE IF EXISTS `mms_delivery_material`;
CREATE TABLE `mms_delivery_material` (
  `id` int(11) NOT NULL AUTO_INCREMENT COMMENT '材料与材料出库关联表ID',
  `mat_id` int(11) NOT NULL COMMENT '材料ID',
  `out_id` int(11) NOT NULL COMMENT '材料出库ID',
  `out_num` bigint(20) NOT NULL COMMENT '出库数量',
  `create_by` varchar(64) DEFAULT '' COMMENT '创建者',
  `create_time` datetime DEFAULT NULL COMMENT '创建时间',
  `update_by` varchar(64) DEFAULT '' COMMENT '更新者',
  `update_time` datetime DEFAULT NULL COMMENT '更新时间',
  `remark` varchar(500) DEFAULT NULL COMMENT '备注',
  PRIMARY KEY (`id`)
) ENGINE=InnoDB DEFAULT CHARSET=utf8 ROW_FORMAT=COMPACT COMMENT='材料与材料出库关联表';

-- ----------------------------
-- Records of mms_delivery_material
-- ----------------------------

-- ----------------------------
-- Table structure for mms_material
-- ----------------------------
DROP TABLE IF EXISTS `mms_material`;
CREATE TABLE `mms_material` (
  `mat_id` int(11) NOT NULL AUTO_INCREMENT COMMENT '材料ID',
  `mat_name` varchar(50) NOT NULL DEFAULT '' COMMENT '材料名称',
  `mat_size` double NOT NULL DEFAULT '1' COMMENT '材料规格',
  `mat_unit` varchar(255) DEFAULT '' COMMENT '材料单位',
  `mat_type` char(1) DEFAULT '0' COMMENT '材料类型',
  `create_by` varchar(64) DEFAULT '' COMMENT '创建者',
  `create_time` datetime DEFAULT NULL COMMENT '创建时间',
  `update_by` varchar(64) DEFAULT '' COMMENT '更新者',
  `update_time` datetime DEFAULT NULL COMMENT '更新时间',
  PRIMARY KEY (`mat_id`)
) ENGINE=InnoDB AUTO_INCREMENT=10003 DEFAULT CHARSET=utf8 ROW_FORMAT=COMPACT COMMENT='材料表';

-- ----------------------------
-- Records of mms_material
-- ----------------------------
INSERT INTO `mms_material` VALUES ('10000', '白水泥', '12', '吨', '0', '', '2022-03-23 22:24:07', '', null);
INSERT INTO `mms_material` VALUES ('10001', '灰水泥', '10', '吨', '0', '', '2022-03-23 22:24:25', '', null);
INSERT INTO `mms_material` VALUES ('10002', '钢筋', '1', '捆', '0', '', '2022-03-25 12:36:43', '', null);

-- ----------------------------
-- Table structure for mms_need
-- ----------------------------
DROP TABLE IF EXISTS `mms_need`;
CREATE TABLE `mms_need` (
  `need_id` int(11) NOT NULL AUTO_INCREMENT COMMENT '需用计划ID',
  `need_name` varchar(50) NOT NULL DEFAULT '' COMMENT '需用计划名称',
  `plan_id` int(11) NOT NULL COMMENT '原计划ID',
  `pro_id` int(11) NOT NULL COMMENT '项目ID',
  `status` char(1) DEFAULT '0' COMMENT '材料总计划状态（0待审核 1已通过 2未通过）',
  `user_id` int(11) NOT NULL COMMENT '审核人ID（只有审核人才能改计划状态）',
  `create_by` varchar(64) DEFAULT '' COMMENT '创建者',
  `create_time` datetime DEFAULT NULL COMMENT '创建时间',
  `update_by` varchar(64) DEFAULT '' COMMENT '更新者',
  `update_time` datetime DEFAULT NULL COMMENT '更新时间',
  `remark` varchar(500) DEFAULT NULL COMMENT '备注',
  PRIMARY KEY (`need_id`)
) ENGINE=InnoDB AUTO_INCREMENT=3 DEFAULT CHARSET=utf8 ROW_FORMAT=COMPACT COMMENT='材料需用计划表';

-- ----------------------------
-- Records of mms_need
-- ----------------------------
INSERT INTO `mms_need` VALUES ('1', '3号', '3', '4', '0', '1', '', '2022-03-25 12:34:27', '', '2022-03-25 12:37:21', null);
INSERT INTO `mms_need` VALUES ('2', '测试需用计划', '1', '1', '0', '1', '', '2022-03-25 12:35:17', '', '2022-03-25 12:38:35', null);

-- ----------------------------
-- Table structure for mms_need_material
-- ----------------------------
DROP TABLE IF EXISTS `mms_need_material`;
CREATE TABLE `mms_need_material` (
  `id` int(11) NOT NULL AUTO_INCREMENT COMMENT '材料与材料需用计划表ID',
  `mat_id` int(11) NOT NULL COMMENT '材料ID',
  `need_id` int(11) NOT NULL COMMENT '需用计划ID',
  `mat_uprice` double DEFAULT '0' COMMENT '材料单价',
  `create_by` varchar(64) DEFAULT '' COMMENT '创建者',
  `create_time` datetime DEFAULT NULL COMMENT '创建时间',
  `update_by` varchar(64) DEFAULT '' COMMENT '更新者',
  `update_time` datetime DEFAULT NULL COMMENT '更新时间',
  `remark` varchar(500) DEFAULT NULL COMMENT '备注',
  PRIMARY KEY (`id`)
) ENGINE=InnoDB AUTO_INCREMENT=8 DEFAULT CHARSET=utf8 ROW_FORMAT=COMPACT COMMENT='材料与材料需用计划表';

-- ----------------------------
-- Records of mms_need_material
-- ----------------------------
INSERT INTO `mms_need_material` VALUES ('1', '10000', '2', '10', null, null, null, null, '');
INSERT INTO `mms_need_material` VALUES ('2', '10001', '2', '12', null, null, null, null, '');
INSERT INTO `mms_need_material` VALUES ('4', '10000', '1', '10', null, null, null, null, '');
INSERT INTO `mms_need_material` VALUES ('5', '10002', '1', '100', null, null, null, null, '');
INSERT INTO `mms_need_material` VALUES ('7', '10002', '2', '100', null, null, null, null, '');

-- ----------------------------
-- Table structure for mms_plan
-- ----------------------------
DROP TABLE IF EXISTS `mms_plan`;
CREATE TABLE `mms_plan` (
  `plan_id` int(11) NOT NULL AUTO_INCREMENT COMMENT '计划ID',
  `plan_name` varchar(50) NOT NULL DEFAULT '' COMMENT '计划名称',
  `pro_id` int(11) NOT NULL COMMENT '项目ID',
  `status` char(1) DEFAULT '0' COMMENT '材料总计划状态（0待审核 1已通过 2未通过）',
  `user_id` int(11) NOT NULL COMMENT '审核人ID（只有审核人才能改计划状态）',
  `create_by` varchar(64) DEFAULT '' COMMENT '创建者',
  `create_time` datetime DEFAULT NULL COMMENT '创建时间',
  `update_by` varchar(64) DEFAULT '' COMMENT '更新者',
  `update_time` datetime DEFAULT NULL COMMENT '更新时间',
  `remark` varchar(500) DEFAULT NULL COMMENT '备注',
  PRIMARY KEY (`plan_id`)
) ENGINE=InnoDB AUTO_INCREMENT=4 DEFAULT CHARSET=utf8 ROW_FORMAT=COMPACT COMMENT='材料总计划表';

-- ----------------------------
-- Records of mms_plan
-- ----------------------------
INSERT INTO `mms_plan` VALUES ('1', '1号计划', '1', '1', '1', '', '2022-03-24 10:01:18', '', '2022-03-24 11:05:09', null);
INSERT INTO `mms_plan` VALUES ('2', '2号计划', '2', '0', '1', '', '2022-03-24 10:04:55', '', null, null);
INSERT INTO `mms_plan` VALUES ('3', '3', '4', '0', '1', '', '2022-03-24 11:18:03', '', null, null);

-- ----------------------------
-- Table structure for mms_plan_material
-- ----------------------------
DROP TABLE IF EXISTS `mms_plan_material`;
CREATE TABLE `mms_plan_material` (
  `id` int(11) NOT NULL AUTO_INCREMENT COMMENT '材料与材料总计划表ID',
  `mat_id` int(11) NOT NULL COMMENT '材料ID',
  `plan_id` int(11) NOT NULL COMMENT '计划ID',
  `plan_num` bigint(20) NOT NULL COMMENT '计划数量',
  `create_by` varchar(64) DEFAULT '' COMMENT '创建者',
  `create_time` datetime DEFAULT NULL COMMENT '创建时间',
  `update_by` varchar(64) DEFAULT '' COMMENT '更新者',
  `update_time` datetime DEFAULT NULL COMMENT '更新时间',
  `remark` varchar(500) DEFAULT NULL COMMENT '备注',
  PRIMARY KEY (`id`)
) ENGINE=InnoDB AUTO_INCREMENT=5 DEFAULT CHARSET=utf8 ROW_FORMAT=COMPACT COMMENT='材料与材料总计划表';

-- ----------------------------
-- Records of mms_plan_material
-- ----------------------------
INSERT INTO `mms_plan_material` VALUES ('1', '10000', '1', '2', null, null, null, null, '');
INSERT INTO `mms_plan_material` VALUES ('2', '10001', '1', '3', null, null, null, null, '');
INSERT INTO `mms_plan_material` VALUES ('3', '10000', '2', '12', null, null, null, null, '');
INSERT INTO `mms_plan_material` VALUES ('4', '10000', '3', '1', null, null, null, null, '');

-- ----------------------------
-- Table structure for mms_project
-- ----------------------------
DROP TABLE IF EXISTS `mms_project`;
CREATE TABLE `mms_project` (
  `pro_id` int(11) NOT NULL AUTO_INCREMENT COMMENT '项目ID',
  `pro_name` varchar(50) NOT NULL COMMENT '项目名称',
  `ptype_id` int(11) NOT NULL DEFAULT '0' COMMENT '工程类型ID',
  `pro_area` double NOT NULL COMMENT '工程面积',
  `pro_unit` varchar(255) DEFAULT '' COMMENT '建设单位',
  `supervision_unit` varchar(255) DEFAULT '' COMMENT '监督单位',
  `pro_address` varchar(255) NOT NULL DEFAULT '' COMMENT '工程地点',
  `pro_phone` varchar(40) DEFAULT '' COMMENT '工程电话',
  `user_id` bigint(20) NOT NULL COMMENT '用户ID',
  `status` char(1) DEFAULT '0' COMMENT '工程状态（0筹备 1在建 2竣工 3结算）',
  `start_date` timestamp NULL DEFAULT NULL COMMENT '开工日期',
  `end_date` timestamp NULL DEFAULT NULL COMMENT '竣工日期',
  `pro_note` varchar(255) DEFAULT '' COMMENT '项目备注',
  `tax_way` char(1) DEFAULT '0' COMMENT '计税方式（0一般征税 1简易征税）',
  `create_by` varchar(64) DEFAULT '' COMMENT '创建者',
  `create_time` datetime DEFAULT NULL COMMENT '创建时间',
  `update_by` varchar(64) DEFAULT '' COMMENT '更新者',
  `update_time` datetime DEFAULT NULL COMMENT '更新时间',
  PRIMARY KEY (`pro_id`),
  KEY `ptype_id` (`ptype_id`),
  CONSTRAINT `mms_project_ibfk_1` FOREIGN KEY (`ptype_id`) REFERENCES `mms_project_type` (`id`)
) ENGINE=InnoDB AUTO_INCREMENT=5 DEFAULT CHARSET=utf8 ROW_FORMAT=COMPACT COMMENT='项目表';

-- ----------------------------
-- Records of mms_project
-- ----------------------------
INSERT INTO `mms_project` VALUES ('1', '宜昌1号水利水电工程', '1', '1000000', '湖北省水电局', '', '湖北省宜昌市西陵区', '', '1', '0', '2022-03-02 00:00:00', '2022-04-08 00:00:00', '', '0', '', null, '', '2022-03-17 19:44:03');
INSERT INTO `mms_project` VALUES ('2', '宜昌2号水电工程', '2', '200000', '湖北水电局', '', '湖北省宜昌市', '', '1', '0', '2022-03-17 00:00:00', '2022-03-23 00:00:00', '暂无', '0', '', '2022-03-17 17:52:40', '', '2022-03-17 19:42:41');
INSERT INTO `mms_project` VALUES ('4', '宜昌3号水利水电工程', '2', '300000', '', '', '湖北宜昌', '', '1', '2', '2022-03-08 00:00:00', '2022-03-17 00:00:00', '', '0', '', '2022-03-17 19:59:49', '', null);

-- ----------------------------
-- Table structure for mms_project_type
-- ----------------------------
DROP TABLE IF EXISTS `mms_project_type`;
CREATE TABLE `mms_project_type` (
  `id` int(11) NOT NULL AUTO_INCREMENT COMMENT '项目类型ID',
  `type_name` varchar(50) NOT NULL DEFAULT '' COMMENT '类别名称',
  PRIMARY KEY (`id`)
) ENGINE=InnoDB AUTO_INCREMENT=4 DEFAULT CHARSET=utf8 ROW_FORMAT=COMPACT COMMENT='项目类型表';

-- ----------------------------
-- Records of mms_project_type
-- ----------------------------
INSERT INTO `mms_project_type` VALUES ('1', '水利水电工程');
INSERT INTO `mms_project_type` VALUES ('2', '水电站工程');
INSERT INTO `mms_project_type` VALUES ('3', '桥梁工程');

-- ----------------------------
-- Table structure for mms_received
-- ----------------------------
DROP TABLE IF EXISTS `mms_received`;
CREATE TABLE `mms_received` (
  `in_id` int(11) NOT NULL AUTO_INCREMENT COMMENT '材料入库ID',
  `in_name` varchar(50) NOT NULL DEFAULT '' COMMENT '材料入库名称',
  `con_id` int(11) NOT NULL COMMENT '材料合同ID',
  `pro_id` int(11) NOT NULL COMMENT '项目ID',
  `supplier_id` int(11) NOT NULL COMMENT '供应商ID',
  `store_id` int(11) NOT NULL COMMENT '仓库ID',
  `status` char(1) DEFAULT '0' COMMENT '材料入库状态（0待审核 1已通过 2未通过）',
  `user_id` int(11) NOT NULL COMMENT '审核人ID（只有审核人才能改计划状态）',
  `create_by` varchar(64) DEFAULT '' COMMENT '创建者',
  `create_time` datetime DEFAULT NULL COMMENT '创建时间',
  `update_by` varchar(64) DEFAULT '' COMMENT '更新者',
  `update_time` datetime DEFAULT NULL COMMENT '更新时间',
  `remark` varchar(500) DEFAULT NULL COMMENT '备注',
  PRIMARY KEY (`in_id`)
) ENGINE=InnoDB AUTO_INCREMENT=15 DEFAULT CHARSET=utf8 ROW_FORMAT=COMPACT COMMENT='材料入库表';

-- ----------------------------
-- Records of mms_received
-- ----------------------------
INSERT INTO `mms_received` VALUES ('2', '1号入库材料', '1', '1', '1', '1', '2', '1', '', '2022-03-27 15:01:50', '', '2022-04-02 20:04:52', null);
INSERT INTO `mms_received` VALUES ('4', '2号入库材料', '2', '4', '1', '3', '2', '1', '', '2022-03-27 15:32:52', '', '2022-04-02 17:01:01', null);

-- ----------------------------
-- Table structure for mms_received_material
-- ----------------------------
DROP TABLE IF EXISTS `mms_received_material`;
CREATE TABLE `mms_received_material` (
  `id` int(11) NOT NULL AUTO_INCREMENT COMMENT '材料与材料入库关联表ID',
  `mat_id` int(11) NOT NULL COMMENT '材料ID',
  `in_id` int(11) NOT NULL COMMENT '材料入库ID',
  `con_uprice` double DEFAULT '0' COMMENT '材料单价',
  `in_num` bigint(20) NOT NULL COMMENT '入库数量',
  `con_tax` double DEFAULT '0' COMMENT '税率',
  `con_tprice` double DEFAULT '0' COMMENT '含税金额（单价）',
  `create_by` varchar(64) DEFAULT '' COMMENT '创建者',
  `create_time` datetime DEFAULT NULL COMMENT '创建时间',
  `update_by` varchar(64) DEFAULT '' COMMENT '更新者',
  `update_time` datetime DEFAULT NULL COMMENT '更新时间',
  `remark` varchar(500) DEFAULT NULL COMMENT '备注',
  PRIMARY KEY (`id`)
) ENGINE=InnoDB AUTO_INCREMENT=8 DEFAULT CHARSET=utf8 ROW_FORMAT=COMPACT COMMENT='材料与材料入库关联表';

-- ----------------------------
-- Records of mms_received_material
-- ----------------------------
INSERT INTO `mms_received_material` VALUES ('1', '10000', '2', '10', '1000', '0.2', '12', null, null, null, null, '');
INSERT INTO `mms_received_material` VALUES ('2', '10001', '2', '9', '1000', '0.2', '10.8', null, null, null, null, '');
INSERT INTO `mms_received_material` VALUES ('4', '10000', '4', '1', '1', '0.1', '1.1', null, null, null, null, '');
INSERT INTO `mms_received_material` VALUES ('5', '10002', '4', '1', '1', '0.1', '1.1', null, null, null, null, '');
INSERT INTO `mms_received_material` VALUES ('7', '10002', '2', '11', '1000', '0.2', '13.2', null, null, null, null, '');

-- ----------------------------
-- Table structure for mms_store
-- ----------------------------
DROP TABLE IF EXISTS `mms_store`;
CREATE TABLE `mms_store` (
  `store_id` int(11) NOT NULL AUTO_INCREMENT COMMENT '仓库ID',
  `pro_id` int(11) NOT NULL COMMENT '项目ID',
  `store_name` varchar(50) NOT NULL DEFAULT '' COMMENT '仓库名称',
  `user_id` bigint(20) NOT NULL COMMENT '用户ID',
  `store_phone` varchar(50) DEFAULT NULL COMMENT '仓库电话',
  `store_address` varchar(255) DEFAULT NULL COMMENT '仓库地址',
  `status` char(1) DEFAULT '0' COMMENT '仓库状态（0正常 1停用）',
  `create_by` varchar(64) DEFAULT '' COMMENT '创建者',
  `create_time` datetime DEFAULT NULL COMMENT '创建时间',
  `update_by` varchar(64) DEFAULT '' COMMENT '更新者',
  `update_time` datetime DEFAULT NULL COMMENT '更新时间',
  PRIMARY KEY (`store_id`)
) ENGINE=InnoDB AUTO_INCREMENT=4 DEFAULT CHARSET=utf8 ROW_FORMAT=COMPACT COMMENT='仓库表';

-- ----------------------------
-- Records of mms_store
-- ----------------------------
INSERT INTO `mms_store` VALUES ('1', '1', '1号仓库', '1', '15888888888', '湖北宜昌', '0', '', '2022-03-26 23:19:42', '', '2022-04-02 20:04:53');
INSERT INTO `mms_store` VALUES ('2', '1', '2号仓库', '1', '16888888888', null, '0', '', '2022-03-27 15:29:35', '', '2022-03-27 17:32:32');
INSERT INTO `mms_store` VALUES ('3', '4', '随便仓库', '1', '212121212', null, '0', '', '2022-03-27 15:33:54', '', '2022-03-27 15:55:04');

-- ----------------------------
-- Table structure for mms_store_material
-- ----------------------------
DROP TABLE IF EXISTS `mms_store_material`;
CREATE TABLE `mms_store_material` (
  `id` int(11) NOT NULL AUTO_INCREMENT COMMENT '材料与仓库表ID',
  `mat_id` int(11) NOT NULL COMMENT '材料ID',
  `store_id` int(11) NOT NULL COMMENT '仓库ID',
  `mat_uprice` double DEFAULT '0' COMMENT '材料单价',
  `mat_num` bigint(20) NOT NULL COMMENT '材料数量',
  `mat_tprice` double DEFAULT '0' COMMENT '材料总价',
  `create_by` varchar(64) DEFAULT '' COMMENT '创建者',
  `create_time` datetime DEFAULT NULL COMMENT '创建时间',
  `update_by` varchar(64) DEFAULT '' COMMENT '更新者',
  `update_time` datetime DEFAULT NULL COMMENT '更新时间',
  `remark` varchar(500) DEFAULT NULL COMMENT '备注',
  PRIMARY KEY (`id`)
) ENGINE=InnoDB AUTO_INCREMENT=6 DEFAULT CHARSET=utf8 ROW_FORMAT=COMPACT COMMENT='材料与仓库关联表';

-- ----------------------------
-- Records of mms_store_material
-- ----------------------------

-- ----------------------------
-- Table structure for mms_supplier
-- ----------------------------
DROP TABLE IF EXISTS `mms_supplier`;
CREATE TABLE `mms_supplier` (
  `supplier_id` int(11) NOT NULL AUTO_INCREMENT COMMENT '供应商ID',
  `supplier_name` varchar(50) NOT NULL DEFAULT '' COMMENT '供应商名称',
  `supplier_bank` varchar(50) NOT NULL DEFAULT '' COMMENT '供应商开户行',
  `supplier_card` varchar(50) DEFAULT NULL COMMENT '供应商银行账号',
  `card_name` varchar(50) NOT NULL DEFAULT '' COMMENT '卡号户头',
  `supplier_phone` varchar(50) DEFAULT NULL COMMENT '供应商电话',
  `supplier_address` varchar(255) DEFAULT NULL COMMENT '供应商地址',
  `stype_id` int(11) NOT NULL COMMENT '供应商类型ID',
  `create_by` varchar(64) DEFAULT '' COMMENT '创建者',
  `create_time` datetime DEFAULT NULL COMMENT '创建时间',
  `update_by` varchar(64) DEFAULT '' COMMENT '更新者',
  `update_time` datetime DEFAULT NULL COMMENT '更新时间',
  PRIMARY KEY (`supplier_id`),
  KEY `stype_id` (`stype_id`),
  CONSTRAINT `mms_supplier_ibfk_1` FOREIGN KEY (`stype_id`) REFERENCES `mms_supplier_type` (`id`)
) ENGINE=InnoDB AUTO_INCREMENT=2 DEFAULT CHARSET=utf8 ROW_FORMAT=COMPACT COMMENT='供应商表';

-- ----------------------------
-- Records of mms_supplier
-- ----------------------------
INSERT INTO `mms_supplier` VALUES ('1', '宜昌市第一建材公司', '中国农业银行三峡支行', null, '曹亚丞', null, null, '1', '', '2022-03-18 22:53:40', '', '2022-03-18 23:28:50');

-- ----------------------------
-- Table structure for mms_supplier_type
-- ----------------------------
DROP TABLE IF EXISTS `mms_supplier_type`;
CREATE TABLE `mms_supplier_type` (
  `id` int(11) NOT NULL AUTO_INCREMENT COMMENT '供应商类型ID',
  `type_name` varchar(50) NOT NULL DEFAULT '' COMMENT '类别名称',
  `create_by` varchar(64) DEFAULT '' COMMENT '创建者',
  `create_time` datetime DEFAULT NULL COMMENT '创建时间',
  `update_by` varchar(64) DEFAULT '' COMMENT '更新者',
  `update_time` datetime DEFAULT NULL COMMENT '更新时间',
  PRIMARY KEY (`id`)
) ENGINE=InnoDB AUTO_INCREMENT=4 DEFAULT CHARSET=utf8 ROW_FORMAT=COMPACT COMMENT='供应商类型表';

-- ----------------------------
-- Records of mms_supplier_type
-- ----------------------------
INSERT INTO `mms_supplier_type` VALUES ('1', '建材类', '', '2022-03-18 22:39:03', '', null);
INSERT INTO `mms_supplier_type` VALUES ('2', '桥梁类', '', '2022-03-18 22:39:25', '', null);
INSERT INTO `mms_supplier_type` VALUES ('3', '水工类', '', '2022-03-18 22:39:39', '', null);

-- ----------------------------
-- Table structure for qrtz_blob_triggers
-- ----------------------------
DROP TABLE IF EXISTS `qrtz_blob_triggers`;
CREATE TABLE `qrtz_blob_triggers` (
  `sched_name` varchar(120) NOT NULL COMMENT '调度名称',
  `trigger_name` varchar(200) NOT NULL COMMENT 'qrtz_triggers表trigger_name的外键',
  `trigger_group` varchar(200) NOT NULL COMMENT 'qrtz_triggers表trigger_group的外键',
  `blob_data` blob COMMENT '存放持久化Trigger对象',
  PRIMARY KEY (`sched_name`,`trigger_name`,`trigger_group`),
  CONSTRAINT `qrtz_blob_triggers_ibfk_1` FOREIGN KEY (`sched_name`, `trigger_name`, `trigger_group`) REFERENCES `qrtz_triggers` (`sched_name`, `trigger_name`, `trigger_group`)
) ENGINE=InnoDB DEFAULT CHARSET=utf8mb4 COLLATE=utf8mb4_0900_ai_ci COMMENT='Blob类型的触发器表';

-- ----------------------------
-- Records of qrtz_blob_triggers
-- ----------------------------

-- ----------------------------
-- Table structure for qrtz_calendars
-- ----------------------------
DROP TABLE IF EXISTS `qrtz_calendars`;
CREATE TABLE `qrtz_calendars` (
  `sched_name` varchar(120) NOT NULL COMMENT '调度名称',
  `calendar_name` varchar(200) NOT NULL COMMENT '日历名称',
  `calendar` blob NOT NULL COMMENT '存放持久化calendar对象',
  PRIMARY KEY (`sched_name`,`calendar_name`)
) ENGINE=InnoDB DEFAULT CHARSET=utf8mb4 COLLATE=utf8mb4_0900_ai_ci COMMENT='日历信息表';

-- ----------------------------
-- Records of qrtz_calendars
-- ----------------------------

-- ----------------------------
-- Table structure for qrtz_cron_triggers
-- ----------------------------
DROP TABLE IF EXISTS `qrtz_cron_triggers`;
CREATE TABLE `qrtz_cron_triggers` (
  `sched_name` varchar(120) NOT NULL COMMENT '调度名称',
  `trigger_name` varchar(200) NOT NULL COMMENT 'qrtz_triggers表trigger_name的外键',
  `trigger_group` varchar(200) NOT NULL COMMENT 'qrtz_triggers表trigger_group的外键',
  `cron_expression` varchar(200) NOT NULL COMMENT 'cron表达式',
  `time_zone_id` varchar(80) DEFAULT NULL COMMENT '时区',
  PRIMARY KEY (`sched_name`,`trigger_name`,`trigger_group`),
  CONSTRAINT `qrtz_cron_triggers_ibfk_1` FOREIGN KEY (`sched_name`, `trigger_name`, `trigger_group`) REFERENCES `qrtz_triggers` (`sched_name`, `trigger_name`, `trigger_group`)
) ENGINE=InnoDB DEFAULT CHARSET=utf8mb4 COLLATE=utf8mb4_0900_ai_ci COMMENT='Cron类型的触发器表';

-- ----------------------------
-- Records of qrtz_cron_triggers
-- ----------------------------

-- ----------------------------
-- Table structure for qrtz_fired_triggers
-- ----------------------------
DROP TABLE IF EXISTS `qrtz_fired_triggers`;
CREATE TABLE `qrtz_fired_triggers` (
  `sched_name` varchar(120) NOT NULL COMMENT '调度名称',
  `entry_id` varchar(95) NOT NULL COMMENT '调度器实例id',
  `trigger_name` varchar(200) NOT NULL COMMENT 'qrtz_triggers表trigger_name的外键',
  `trigger_group` varchar(200) NOT NULL COMMENT 'qrtz_triggers表trigger_group的外键',
  `instance_name` varchar(200) NOT NULL COMMENT '调度器实例名',
  `fired_time` bigint(13) NOT NULL COMMENT '触发的时间',
  `sched_time` bigint(13) NOT NULL COMMENT '定时器制定的时间',
  `priority` int(11) NOT NULL COMMENT '优先级',
  `state` varchar(16) NOT NULL COMMENT '状态',
  `job_name` varchar(200) DEFAULT NULL COMMENT '任务名称',
  `job_group` varchar(200) DEFAULT NULL COMMENT '任务组名',
  `is_nonconcurrent` varchar(1) DEFAULT NULL COMMENT '是否并发',
  `requests_recovery` varchar(1) DEFAULT NULL COMMENT '是否接受恢复执行',
  PRIMARY KEY (`sched_name`,`entry_id`)
) ENGINE=InnoDB DEFAULT CHARSET=utf8mb4 COLLATE=utf8mb4_0900_ai_ci COMMENT='已触发的触发器表';

-- ----------------------------
-- Records of qrtz_fired_triggers
-- ----------------------------

-- ----------------------------
-- Table structure for qrtz_job_details
-- ----------------------------
DROP TABLE IF EXISTS `qrtz_job_details`;
CREATE TABLE `qrtz_job_details` (
  `sched_name` varchar(120) NOT NULL COMMENT '调度名称',
  `job_name` varchar(200) NOT NULL COMMENT '任务名称',
  `job_group` varchar(200) NOT NULL COMMENT '任务组名',
  `description` varchar(250) DEFAULT NULL COMMENT '相关介绍',
  `job_class_name` varchar(250) NOT NULL COMMENT '执行任务类名称',
  `is_durable` varchar(1) NOT NULL COMMENT '是否持久化',
  `is_nonconcurrent` varchar(1) NOT NULL COMMENT '是否并发',
  `is_update_data` varchar(1) NOT NULL COMMENT '是否更新数据',
  `requests_recovery` varchar(1) NOT NULL COMMENT '是否接受恢复执行',
  `job_data` blob COMMENT '存放持久化job对象',
  PRIMARY KEY (`sched_name`,`job_name`,`job_group`)
) ENGINE=InnoDB DEFAULT CHARSET=utf8mb4 COLLATE=utf8mb4_0900_ai_ci COMMENT='任务详细信息表';

-- ----------------------------
-- Records of qrtz_job_details
-- ----------------------------

-- ----------------------------
-- Table structure for qrtz_locks
-- ----------------------------
DROP TABLE IF EXISTS `qrtz_locks`;
CREATE TABLE `qrtz_locks` (
  `sched_name` varchar(120) NOT NULL COMMENT '调度名称',
  `lock_name` varchar(40) NOT NULL COMMENT '悲观锁名称',
  PRIMARY KEY (`sched_name`,`lock_name`)
) ENGINE=InnoDB DEFAULT CHARSET=utf8mb4 COLLATE=utf8mb4_0900_ai_ci COMMENT='存储的悲观锁信息表';

-- ----------------------------
-- Records of qrtz_locks
-- ----------------------------

-- ----------------------------
-- Table structure for qrtz_paused_trigger_grps
-- ----------------------------
DROP TABLE IF EXISTS `qrtz_paused_trigger_grps`;
CREATE TABLE `qrtz_paused_trigger_grps` (
  `sched_name` varchar(120) NOT NULL COMMENT '调度名称',
  `trigger_group` varchar(200) NOT NULL COMMENT 'qrtz_triggers表trigger_group的外键',
  PRIMARY KEY (`sched_name`,`trigger_group`)
) ENGINE=InnoDB DEFAULT CHARSET=utf8mb4 COLLATE=utf8mb4_0900_ai_ci COMMENT='暂停的触发器表';

-- ----------------------------
-- Records of qrtz_paused_trigger_grps
-- ----------------------------

-- ----------------------------
-- Table structure for qrtz_scheduler_state
-- ----------------------------
DROP TABLE IF EXISTS `qrtz_scheduler_state`;
CREATE TABLE `qrtz_scheduler_state` (
  `sched_name` varchar(120) NOT NULL COMMENT '调度名称',
  `instance_name` varchar(200) NOT NULL COMMENT '实例名称',
  `last_checkin_time` bigint(13) NOT NULL COMMENT '上次检查时间',
  `checkin_interval` bigint(13) NOT NULL COMMENT '检查间隔时间',
  PRIMARY KEY (`sched_name`,`instance_name`)
) ENGINE=InnoDB DEFAULT CHARSET=utf8mb4 COLLATE=utf8mb4_0900_ai_ci COMMENT='调度器状态表';

-- ----------------------------
-- Records of qrtz_scheduler_state
-- ----------------------------

-- ----------------------------
-- Table structure for qrtz_simple_triggers
-- ----------------------------
DROP TABLE IF EXISTS `qrtz_simple_triggers`;
CREATE TABLE `qrtz_simple_triggers` (
  `sched_name` varchar(120) NOT NULL COMMENT '调度名称',
  `trigger_name` varchar(200) NOT NULL COMMENT 'qrtz_triggers表trigger_name的外键',
  `trigger_group` varchar(200) NOT NULL COMMENT 'qrtz_triggers表trigger_group的外键',
  `repeat_count` bigint(7) NOT NULL COMMENT '重复的次数统计',
  `repeat_interval` bigint(12) NOT NULL COMMENT '重复的间隔时间',
  `times_triggered` bigint(10) NOT NULL COMMENT '已经触发的次数',
  PRIMARY KEY (`sched_name`,`trigger_name`,`trigger_group`),
  CONSTRAINT `qrtz_simple_triggers_ibfk_1` FOREIGN KEY (`sched_name`, `trigger_name`, `trigger_group`) REFERENCES `qrtz_triggers` (`sched_name`, `trigger_name`, `trigger_group`)
) ENGINE=InnoDB DEFAULT CHARSET=utf8mb4 COLLATE=utf8mb4_0900_ai_ci COMMENT='简单触发器的信息表';

-- ----------------------------
-- Records of qrtz_simple_triggers
-- ----------------------------

-- ----------------------------
-- Table structure for qrtz_simprop_triggers
-- ----------------------------
DROP TABLE IF EXISTS `qrtz_simprop_triggers`;
CREATE TABLE `qrtz_simprop_triggers` (
  `sched_name` varchar(120) NOT NULL COMMENT '调度名称',
  `trigger_name` varchar(200) NOT NULL COMMENT 'qrtz_triggers表trigger_name的外键',
  `trigger_group` varchar(200) NOT NULL COMMENT 'qrtz_triggers表trigger_group的外键',
  `str_prop_1` varchar(512) DEFAULT NULL COMMENT 'String类型的trigger的第一个参数',
  `str_prop_2` varchar(512) DEFAULT NULL COMMENT 'String类型的trigger的第二个参数',
  `str_prop_3` varchar(512) DEFAULT NULL COMMENT 'String类型的trigger的第三个参数',
  `int_prop_1` int(11) DEFAULT NULL COMMENT 'int类型的trigger的第一个参数',
  `int_prop_2` int(11) DEFAULT NULL COMMENT 'int类型的trigger的第二个参数',
  `long_prop_1` bigint(20) DEFAULT NULL COMMENT 'long类型的trigger的第一个参数',
  `long_prop_2` bigint(20) DEFAULT NULL COMMENT 'long类型的trigger的第二个参数',
  `dec_prop_1` decimal(13,4) DEFAULT NULL COMMENT 'decimal类型的trigger的第一个参数',
  `dec_prop_2` decimal(13,4) DEFAULT NULL COMMENT 'decimal类型的trigger的第二个参数',
  `bool_prop_1` varchar(1) DEFAULT NULL COMMENT 'Boolean类型的trigger的第一个参数',
  `bool_prop_2` varchar(1) DEFAULT NULL COMMENT 'Boolean类型的trigger的第二个参数',
  PRIMARY KEY (`sched_name`,`trigger_name`,`trigger_group`),
  CONSTRAINT `qrtz_simprop_triggers_ibfk_1` FOREIGN KEY (`sched_name`, `trigger_name`, `trigger_group`) REFERENCES `qrtz_triggers` (`sched_name`, `trigger_name`, `trigger_group`)
) ENGINE=InnoDB DEFAULT CHARSET=utf8mb4 COLLATE=utf8mb4_0900_ai_ci COMMENT='同步机制的行锁表';

-- ----------------------------
-- Records of qrtz_simprop_triggers
-- ----------------------------

-- ----------------------------
-- Table structure for qrtz_triggers
-- ----------------------------
DROP TABLE IF EXISTS `qrtz_triggers`;
CREATE TABLE `qrtz_triggers` (
  `sched_name` varchar(120) NOT NULL COMMENT '调度名称',
  `trigger_name` varchar(200) NOT NULL COMMENT '触发器的名字',
  `trigger_group` varchar(200) NOT NULL COMMENT '触发器所属组的名字',
  `job_name` varchar(200) NOT NULL COMMENT 'qrtz_job_details表job_name的外键',
  `job_group` varchar(200) NOT NULL COMMENT 'qrtz_job_details表job_group的外键',
  `description` varchar(250) DEFAULT NULL COMMENT '相关介绍',
  `next_fire_time` bigint(13) DEFAULT NULL COMMENT '上一次触发时间（毫秒）',
  `prev_fire_time` bigint(13) DEFAULT NULL COMMENT '下一次触发时间（默认为-1表示不触发）',
  `priority` int(11) DEFAULT NULL COMMENT '优先级',
  `trigger_state` varchar(16) NOT NULL COMMENT '触发器状态',
  `trigger_type` varchar(8) NOT NULL COMMENT '触发器的类型',
  `start_time` bigint(13) NOT NULL COMMENT '开始时间',
  `end_time` bigint(13) DEFAULT NULL COMMENT '结束时间',
  `calendar_name` varchar(200) DEFAULT NULL COMMENT '日程表名称',
  `misfire_instr` smallint(2) DEFAULT NULL COMMENT '补偿执行的策略',
  `job_data` blob COMMENT '存放持久化job对象',
  PRIMARY KEY (`sched_name`,`trigger_name`,`trigger_group`),
  KEY `sched_name` (`sched_name`,`job_name`,`job_group`),
  CONSTRAINT `qrtz_triggers_ibfk_1` FOREIGN KEY (`sched_name`, `job_name`, `job_group`) REFERENCES `qrtz_job_details` (`sched_name`, `job_name`, `job_group`)
) ENGINE=InnoDB DEFAULT CHARSET=utf8mb4 COLLATE=utf8mb4_0900_ai_ci COMMENT='触发器详细信息表';

-- ----------------------------
-- Records of qrtz_triggers
-- ----------------------------

-- ----------------------------
-- Table structure for sys_config
-- ----------------------------
DROP TABLE IF EXISTS `sys_config`;
CREATE TABLE `sys_config` (
  `config_id` int(5) NOT NULL AUTO_INCREMENT COMMENT '参数主键',
  `config_name` varchar(100) DEFAULT '' COMMENT '参数名称',
  `config_key` varchar(100) DEFAULT '' COMMENT '参数键名',
  `config_value` varchar(500) DEFAULT '' COMMENT '参数键值',
  `config_type` char(1) DEFAULT 'N' COMMENT '系统内置（Y是 N否）',
  `create_by` varchar(64) DEFAULT '' COMMENT '创建者',
  `create_time` datetime DEFAULT NULL COMMENT '创建时间',
  `update_by` varchar(64) DEFAULT '' COMMENT '更新者',
  `update_time` datetime DEFAULT NULL COMMENT '更新时间',
  `remark` varchar(500) DEFAULT NULL COMMENT '备注',
  PRIMARY KEY (`config_id`)
) ENGINE=InnoDB AUTO_INCREMENT=100 DEFAULT CHARSET=utf8mb4 COLLATE=utf8mb4_0900_ai_ci COMMENT='参数配置表';

-- ----------------------------
-- Records of sys_config
-- ----------------------------
INSERT INTO `sys_config` VALUES ('1', '主框架页-默认皮肤样式名称', 'sys.index.skinName', 'skin-purple', 'Y', 'admin', '2022-03-04 13:38:21', 'admin', '2022-03-09 16:04:43', '蓝色 skin-blue、绿色 skin-green、紫色 skin-purple、红色 skin-red、黄色 skin-yellow');
INSERT INTO `sys_config` VALUES ('2', '用户管理-账号初始密码', 'sys.user.initPassword', '123456', 'Y', 'admin', '2022-03-04 13:38:21', '', null, '初始化密码 123456');
INSERT INTO `sys_config` VALUES ('3', '主框架页-侧边栏主题', 'sys.index.sideTheme', 'theme-dark', 'Y', 'admin', '2022-03-04 13:38:21', '', null, '深色主题theme-dark，浅色主题theme-light');
INSERT INTO `sys_config` VALUES ('4', '账号自助-验证码开关', 'sys.account.captchaOnOff', 'true', 'Y', 'admin', '2022-03-04 13:38:22', '', null, '是否开启验证码功能（true开启，false关闭）');
INSERT INTO `sys_config` VALUES ('5', '账号自助-是否开启用户注册功能', 'sys.account.registerUser', 'false', 'Y', 'admin', '2022-03-04 13:38:22', '', null, '是否开启注册用户功能（true开启，false关闭）');

-- ----------------------------
-- Table structure for sys_dept
-- ----------------------------
DROP TABLE IF EXISTS `sys_dept`;
CREATE TABLE `sys_dept` (
  `dept_id` bigint(20) NOT NULL AUTO_INCREMENT COMMENT '部门id',
  `parent_id` bigint(20) DEFAULT '0' COMMENT '父部门id',
  `ancestors` varchar(50) DEFAULT '' COMMENT '祖级列表',
  `dept_name` varchar(30) DEFAULT '' COMMENT '部门名称',
  `order_num` int(4) DEFAULT '0' COMMENT '显示顺序',
  `leader` varchar(20) DEFAULT NULL COMMENT '负责人',
  `phone` varchar(11) DEFAULT NULL COMMENT '联系电话',
  `email` varchar(50) DEFAULT NULL COMMENT '邮箱',
  `status` char(1) DEFAULT '0' COMMENT '部门状态（0正常 1停用）',
  `del_flag` char(1) DEFAULT '0' COMMENT '删除标志（0代表存在 2代表删除）',
  `create_by` varchar(64) DEFAULT '' COMMENT '创建者',
  `create_time` datetime DEFAULT NULL COMMENT '创建时间',
  `update_by` varchar(64) DEFAULT '' COMMENT '更新者',
  `update_time` datetime DEFAULT NULL COMMENT '更新时间',
  PRIMARY KEY (`dept_id`)
) ENGINE=InnoDB AUTO_INCREMENT=200 DEFAULT CHARSET=utf8mb4 COLLATE=utf8mb4_0900_ai_ci COMMENT='部门表';

-- ----------------------------
-- Records of sys_dept
-- ----------------------------
INSERT INTO `sys_dept` VALUES ('100', '0', '0', '水利水电工程局', '0', '若依', '15888888888', 'ry@qq.com', '0', '0', 'admin', '2022-03-04 13:37:43', '', null);
INSERT INTO `sys_dept` VALUES ('101', '100', '0,100', '宜昌子公司', '1', '若依', '15888888888', 'ry@qq.com', '0', '0', 'admin', '2022-03-04 13:37:43', '', null);
INSERT INTO `sys_dept` VALUES ('103', '101', '0,100,101', '管理部门', '1', '若依', '15888888888', 'ry@qq.com', '0', '0', 'admin', '2022-03-04 13:37:43', '', null);
INSERT INTO `sys_dept` VALUES ('104', '101', '0,100,101', '采购部门', '2', '若依', '15888888888', 'ry@qq.com', '0', '0', 'admin', '2022-03-04 13:37:44', '', null);
INSERT INTO `sys_dept` VALUES ('105', '101', '0,100,101', '仓管部门', '3', '若依', '15888888888', 'ry@qq.com', '0', '0', 'admin', '2022-03-04 13:37:44', '', null);
INSERT INTO `sys_dept` VALUES ('106', '101', '0,100,101', '施工部门', '4', '若依', '15888888888', 'ry@qq.com', '0', '0', 'admin', '2022-03-04 13:37:44', '', null);
INSERT INTO `sys_dept` VALUES ('107', '101', '0,100,101', '财务部门', '5', '若依', '15888888888', 'ry@qq.com', '0', '0', 'admin', '2022-03-04 13:37:44', '', null);
INSERT INTO `sys_dept` VALUES ('108', '101', '0,100,101', '其他部门', '6', '若依', '15888888888', 'ry@qq.com', '0', '0', 'admin', '2022-03-09 20:36:14', '', null);

-- ----------------------------
-- Table structure for sys_dict_data
-- ----------------------------
DROP TABLE IF EXISTS `sys_dict_data`;
CREATE TABLE `sys_dict_data` (
  `dict_code` bigint(20) NOT NULL AUTO_INCREMENT COMMENT '字典编码',
  `dict_sort` int(4) DEFAULT '0' COMMENT '字典排序',
  `dict_label` varchar(100) DEFAULT '' COMMENT '字典标签',
  `dict_value` varchar(100) DEFAULT '' COMMENT '字典键值',
  `dict_type` varchar(100) DEFAULT '' COMMENT '字典类型',
  `css_class` varchar(100) DEFAULT NULL COMMENT '样式属性（其他样式扩展）',
  `list_class` varchar(100) DEFAULT NULL COMMENT '表格回显样式',
  `is_default` char(1) DEFAULT 'N' COMMENT '是否默认（Y是 N否）',
  `status` char(1) DEFAULT '0' COMMENT '状态（0正常 1停用）',
  `create_by` varchar(64) DEFAULT '' COMMENT '创建者',
  `create_time` datetime DEFAULT NULL COMMENT '创建时间',
  `update_by` varchar(64) DEFAULT '' COMMENT '更新者',
  `update_time` datetime DEFAULT NULL COMMENT '更新时间',
  `remark` varchar(500) DEFAULT NULL COMMENT '备注',
  PRIMARY KEY (`dict_code`)
) ENGINE=InnoDB AUTO_INCREMENT=122 DEFAULT CHARSET=utf8mb4 COLLATE=utf8mb4_0900_ai_ci COMMENT='字典数据表';

-- ----------------------------
-- Records of sys_dict_data
-- ----------------------------
INSERT INTO `sys_dict_data` VALUES ('1', '1', '男', '0', 'sys_user_sex', '', '', 'Y', '0', 'admin', '2022-03-04 13:38:17', '', null, '性别男');
INSERT INTO `sys_dict_data` VALUES ('2', '2', '女', '1', 'sys_user_sex', '', '', 'N', '0', 'admin', '2022-03-04 13:38:17', '', null, '性别女');
INSERT INTO `sys_dict_data` VALUES ('3', '3', '未知', '2', 'sys_user_sex', '', '', 'N', '0', 'admin', '2022-03-04 13:38:17', '', null, '性别未知');
INSERT INTO `sys_dict_data` VALUES ('4', '1', '显示', '0', 'sys_show_hide', '', 'primary', 'Y', '0', 'admin', '2022-03-04 13:38:17', '', null, '显示菜单');
INSERT INTO `sys_dict_data` VALUES ('5', '2', '隐藏', '1', 'sys_show_hide', '', 'danger', 'N', '0', 'admin', '2022-03-04 13:38:17', '', null, '隐藏菜单');
INSERT INTO `sys_dict_data` VALUES ('6', '1', '正常', '0', 'sys_normal_disable', '', 'primary', 'Y', '0', 'admin', '2022-03-04 13:38:17', '', null, '正常状态');
INSERT INTO `sys_dict_data` VALUES ('7', '2', '停用', '1', 'sys_normal_disable', '', 'danger', 'N', '0', 'admin', '2022-03-04 13:38:18', '', null, '停用状态');
INSERT INTO `sys_dict_data` VALUES ('8', '1', '正常', '0', 'sys_job_status', '', 'primary', 'Y', '0', 'admin', '2022-03-04 13:38:18', '', null, '正常状态');
INSERT INTO `sys_dict_data` VALUES ('9', '2', '暂停', '1', 'sys_job_status', '', 'danger', 'N', '0', 'admin', '2022-03-04 13:38:18', '', null, '停用状态');
INSERT INTO `sys_dict_data` VALUES ('10', '1', '默认', 'DEFAULT', 'sys_job_group', '', '', 'Y', '0', 'admin', '2022-03-04 13:38:18', '', null, '默认分组');
INSERT INTO `sys_dict_data` VALUES ('11', '2', '系统', 'SYSTEM', 'sys_job_group', '', '', 'N', '0', 'admin', '2022-03-04 13:38:19', '', null, '系统分组');
INSERT INTO `sys_dict_data` VALUES ('12', '1', '是', 'Y', 'sys_yes_no', '', 'primary', 'Y', '0', 'admin', '2022-03-04 13:38:19', '', null, '系统默认是');
INSERT INTO `sys_dict_data` VALUES ('13', '2', '否', 'N', 'sys_yes_no', '', 'danger', 'N', '0', 'admin', '2022-03-04 13:38:19', '', null, '系统默认否');
INSERT INTO `sys_dict_data` VALUES ('14', '1', '通知', '1', 'sys_notice_type', '', 'warning', 'Y', '0', 'admin', '2022-03-04 13:38:19', '', null, '通知');
INSERT INTO `sys_dict_data` VALUES ('15', '2', '公告', '2', 'sys_notice_type', '', 'success', 'N', '0', 'admin', '2022-03-04 13:38:19', '', null, '公告');
INSERT INTO `sys_dict_data` VALUES ('16', '1', '正常', '0', 'sys_notice_status', '', 'primary', 'Y', '0', 'admin', '2022-03-04 13:38:19', '', null, '正常状态');
INSERT INTO `sys_dict_data` VALUES ('17', '2', '关闭', '1', 'sys_notice_status', '', 'danger', 'N', '0', 'admin', '2022-03-04 13:38:19', '', null, '关闭状态');
INSERT INTO `sys_dict_data` VALUES ('18', '1', '新增', '1', 'sys_oper_type', '', 'info', 'N', '0', 'admin', '2022-03-04 13:38:19', '', null, '新增操作');
INSERT INTO `sys_dict_data` VALUES ('19', '2', '修改', '2', 'sys_oper_type', '', 'info', 'N', '0', 'admin', '2022-03-04 13:38:19', '', null, '修改操作');
INSERT INTO `sys_dict_data` VALUES ('20', '3', '删除', '3', 'sys_oper_type', '', 'danger', 'N', '0', 'admin', '2022-03-04 13:38:20', '', null, '删除操作');
INSERT INTO `sys_dict_data` VALUES ('21', '4', '授权', '4', 'sys_oper_type', '', 'primary', 'N', '0', 'admin', '2022-03-04 13:38:20', '', null, '授权操作');
INSERT INTO `sys_dict_data` VALUES ('22', '5', '导出', '5', 'sys_oper_type', '', 'warning', 'N', '0', 'admin', '2022-03-04 13:38:20', '', null, '导出操作');
INSERT INTO `sys_dict_data` VALUES ('23', '6', '导入', '6', 'sys_oper_type', '', 'warning', 'N', '0', 'admin', '2022-03-04 13:38:20', '', null, '导入操作');
INSERT INTO `sys_dict_data` VALUES ('24', '7', '强退', '7', 'sys_oper_type', '', 'danger', 'N', '0', 'admin', '2022-03-04 13:38:20', '', null, '强退操作');
INSERT INTO `sys_dict_data` VALUES ('25', '8', '生成代码', '8', 'sys_oper_type', '', 'warning', 'N', '0', 'admin', '2022-03-04 13:38:20', '', null, '生成操作');
INSERT INTO `sys_dict_data` VALUES ('26', '9', '清空数据', '9', 'sys_oper_type', '', 'danger', 'N', '0', 'admin', '2022-03-04 13:38:20', '', null, '清空操作');
INSERT INTO `sys_dict_data` VALUES ('27', '1', '成功', '0', 'sys_common_status', '', 'primary', 'N', '0', 'admin', '2022-03-04 13:38:20', '', null, '正常状态');
INSERT INTO `sys_dict_data` VALUES ('28', '2', '失败', '1', 'sys_common_status', '', 'danger', 'N', '0', 'admin', '2022-03-04 13:38:21', '', null, '停用状态');
INSERT INTO `sys_dict_data` VALUES ('100', '1', '待审核', '0', 'mms_pur_status', null, null, 'Y', '0', '', null, '', null, '正常状态');
INSERT INTO `sys_dict_data` VALUES ('101', '2', '已通过', '1', 'mms_pur_status', null, null, 'N', '0', '', null, '', null, '');
INSERT INTO `sys_dict_data` VALUES ('102', '1', '一般征税', '0', 'mms_tax_way', null, null, 'Y', '0', '', null, '', null, null);
INSERT INTO `sys_dict_data` VALUES ('103', '2', '简易征税', '1', 'mms_tax_way', null, null, 'N', '0', '', null, '', null, null);
INSERT INTO `sys_dict_data` VALUES ('104', '1', '筹备', '0', 'mms_pro_status', null, null, 'Y', '0', '', null, '', null, null);
INSERT INTO `sys_dict_data` VALUES ('105', '2', '在建', '1', 'mms_pro_status', null, null, 'N', '0', '', null, '', null, null);
INSERT INTO `sys_dict_data` VALUES ('106', '3', '竣工', '2', 'mms_pro_status', null, null, 'N', '0', '', null, '', null, null);
INSERT INTO `sys_dict_data` VALUES ('107', '4', '结算', '3', 'mms_pro_status', null, null, 'N', '0', '', null, '', null, null);
INSERT INTO `sys_dict_data` VALUES ('108', '1', '正常', '0', 'mms_store_status', null, null, 'Y', '0', '', null, '', null, null);
INSERT INTO `sys_dict_data` VALUES ('109', '2', '停用', '1', 'mms_store_status', null, null, 'N', '0', '', null, '', null, null);
INSERT INTO `sys_dict_data` VALUES ('110', '1', '建筑类', '0', 'mms_material_type', null, null, 'Y', '0', '', null, '', null, null);
INSERT INTO `sys_dict_data` VALUES ('111', '2', '巩固类', '1', 'mms_material_type', null, null, 'N', '0', '', null, '', null, null);
INSERT INTO `sys_dict_data` VALUES ('112', '3', '未通过', '2', 'mms_pur_status', null, null, 'N', '0', '', null, '', null, null);
INSERT INTO `sys_dict_data` VALUES ('113', '1', '现金', '0', 'mms_payment', null, null, 'Y', '0', '', null, '', null, null);
INSERT INTO `sys_dict_data` VALUES ('114', '2', '转账', '1', 'mms_payment', null, null, 'N', '0', '', null, '', null, null);
INSERT INTO `sys_dict_data` VALUES ('115', '3', '支票', '2', 'mms_payment', null, null, 'N', '0', '', null, '', null, null);
INSERT INTO `sys_dict_data` VALUES ('116', '4', '微信', '3', 'mms_payment', null, null, 'N', '0', '', null, '', null, null);
INSERT INTO `sys_dict_data` VALUES ('117', '1', '一次性交货', '0', 'mms_delivery', null, null, 'Y', '0', '', null, '', null, null);
INSERT INTO `sys_dict_data` VALUES ('118', '2', '分批次交货', '1', 'mms_delivery', null, null, 'N', '0', '', null, '', null, null);
INSERT INTO `sys_dict_data` VALUES ('119', '1', '分段结算', '0', 'mms_clear', null, null, 'Y', '0', '', null, '', null, null);
INSERT INTO `sys_dict_data` VALUES ('120', '2', '合同结算', '1', 'mms_clear', null, null, 'N', '0', '', null, '', null, null);
INSERT INTO `sys_dict_data` VALUES ('121', '3', '竣工后一次结算', '2', 'mms_clear', null, null, 'N', '0', '', null, '', null, null);

-- ----------------------------
-- Table structure for sys_dict_type
-- ----------------------------
DROP TABLE IF EXISTS `sys_dict_type`;
CREATE TABLE `sys_dict_type` (
  `dict_id` bigint(20) NOT NULL AUTO_INCREMENT COMMENT '字典主键',
  `dict_name` varchar(100) DEFAULT '' COMMENT '字典名称',
  `dict_type` varchar(100) DEFAULT '' COMMENT '字典类型',
  `status` char(1) DEFAULT '0' COMMENT '状态（0正常 1停用）',
  `create_by` varchar(64) DEFAULT '' COMMENT '创建者',
  `create_time` datetime DEFAULT NULL COMMENT '创建时间',
  `update_by` varchar(64) DEFAULT '' COMMENT '更新者',
  `update_time` datetime DEFAULT NULL COMMENT '更新时间',
  `remark` varchar(500) DEFAULT NULL COMMENT '备注',
  PRIMARY KEY (`dict_id`),
  UNIQUE KEY `dict_type` (`dict_type`)
) ENGINE=InnoDB AUTO_INCREMENT=108 DEFAULT CHARSET=utf8mb4 COLLATE=utf8mb4_0900_ai_ci COMMENT='字典类型表';

-- ----------------------------
-- Records of sys_dict_type
-- ----------------------------
INSERT INTO `sys_dict_type` VALUES ('1', '用户性别', 'sys_user_sex', '0', 'admin', '2022-03-04 13:38:15', '', null, '用户性别列表');
INSERT INTO `sys_dict_type` VALUES ('2', '菜单状态', 'sys_show_hide', '0', 'admin', '2022-03-04 13:38:15', '', null, '菜单状态列表');
INSERT INTO `sys_dict_type` VALUES ('3', '系统开关', 'sys_normal_disable', '0', 'admin', '2022-03-04 13:38:15', '', null, '系统开关列表');
INSERT INTO `sys_dict_type` VALUES ('4', '任务状态', 'sys_job_status', '0', 'admin', '2022-03-04 13:38:15', '', null, '任务状态列表');
INSERT INTO `sys_dict_type` VALUES ('5', '任务分组', 'sys_job_group', '0', 'admin', '2022-03-04 13:38:15', '', null, '任务分组列表');
INSERT INTO `sys_dict_type` VALUES ('6', '系统是否', 'sys_yes_no', '0', 'admin', '2022-03-04 13:38:15', '', null, '系统是否列表');
INSERT INTO `sys_dict_type` VALUES ('7', '通知类型', 'sys_notice_type', '0', 'admin', '2022-03-04 13:38:15', '', null, '通知类型列表');
INSERT INTO `sys_dict_type` VALUES ('8', '通知状态', 'sys_notice_status', '0', 'admin', '2022-03-04 13:38:16', '', null, '通知状态列表');
INSERT INTO `sys_dict_type` VALUES ('9', '操作类型', 'sys_oper_type', '0', 'admin', '2022-03-04 13:38:16', '', null, '操作类型列表');
INSERT INTO `sys_dict_type` VALUES ('10', '系统状态', 'sys_common_status', '0', 'admin', '2022-03-04 13:38:16', '', null, '登录状态列表');
INSERT INTO `sys_dict_type` VALUES ('100', '计税方式', 'mms_tax_way', '0', 'admin', '2022-03-09 14:30:42', 'admin', '2022-03-09 14:31:03', '计税方式列表');
INSERT INTO `sys_dict_type` VALUES ('101', '工程状态', 'mms_pro_status', '0', 'admin', '2022-03-09 16:01:25', '', null, '工程状态列表');
INSERT INTO `sys_dict_type` VALUES ('102', '采购状态', 'mms_pur_status', '0', 'admin', '2022-03-09 16:02:16', '', null, '采购状态列表\n');
INSERT INTO `sys_dict_type` VALUES ('103', '仓库状态', 'mms_store_status', '0', '', null, '', null, '仓库状态列表');
INSERT INTO `sys_dict_type` VALUES ('104', '材料类型', 'mms_material_type', '0', 'admin', '2022-03-23 22:13:44', 'admin', '2022-03-23 22:14:01', '材料类型列表');
INSERT INTO `sys_dict_type` VALUES ('105', '支付方式', 'mms_payment', '0', '', null, '', null, '支付方式列表');
INSERT INTO `sys_dict_type` VALUES ('106', '交货方式', 'mms_delivery', '0', '', null, 'admin', '2022-03-25 16:55:09', '交货方式列表');
INSERT INTO `sys_dict_type` VALUES ('107', '结算方式', 'mms_clear', '0', '', null, 'admin', '2022-03-25 16:55:19', '结算方式列表');

-- ----------------------------
-- Table structure for sys_job
-- ----------------------------
DROP TABLE IF EXISTS `sys_job`;
CREATE TABLE `sys_job` (
  `job_id` bigint(20) NOT NULL AUTO_INCREMENT COMMENT '任务ID',
  `job_name` varchar(64) NOT NULL DEFAULT '' COMMENT '任务名称',
  `job_group` varchar(64) NOT NULL DEFAULT 'DEFAULT' COMMENT '任务组名',
  `invoke_target` varchar(500) NOT NULL COMMENT '调用目标字符串',
  `cron_expression` varchar(255) DEFAULT '' COMMENT 'cron执行表达式',
  `misfire_policy` varchar(20) DEFAULT '3' COMMENT '计划执行错误策略（1立即执行 2执行一次 3放弃执行）',
  `concurrent` char(1) DEFAULT '1' COMMENT '是否并发执行（0允许 1禁止）',
  `status` char(1) DEFAULT '0' COMMENT '状态（0正常 1暂停）',
  `create_by` varchar(64) DEFAULT '' COMMENT '创建者',
  `create_time` datetime DEFAULT NULL COMMENT '创建时间',
  `update_by` varchar(64) DEFAULT '' COMMENT '更新者',
  `update_time` datetime DEFAULT NULL COMMENT '更新时间',
  `remark` varchar(500) DEFAULT '' COMMENT '备注信息',
  PRIMARY KEY (`job_id`,`job_name`,`job_group`)
) ENGINE=InnoDB AUTO_INCREMENT=100 DEFAULT CHARSET=utf8mb4 COLLATE=utf8mb4_0900_ai_ci COMMENT='定时任务调度表';

-- ----------------------------
-- Records of sys_job
-- ----------------------------
INSERT INTO `sys_job` VALUES ('1', '系统默认（无参）', 'DEFAULT', 'ryTask.ryNoParams', '0/10 * * * * ?', '3', '1', '1', 'admin', '2022-03-04 13:38:23', '', null, '');
INSERT INTO `sys_job` VALUES ('2', '系统默认（有参）', 'DEFAULT', 'ryTask.ryParams(\'ry\')', '0/15 * * * * ?', '3', '1', '1', 'admin', '2022-03-04 13:38:23', '', null, '');
INSERT INTO `sys_job` VALUES ('3', '系统默认（多参）', 'DEFAULT', 'ryTask.ryMultipleParams(\'ry\', true, 2000L, 316.50D, 100)', '0/20 * * * * ?', '3', '1', '1', 'admin', '2022-03-04 13:38:24', '', null, '');

-- ----------------------------
-- Table structure for sys_job_log
-- ----------------------------
DROP TABLE IF EXISTS `sys_job_log`;
CREATE TABLE `sys_job_log` (
  `job_log_id` bigint(20) NOT NULL AUTO_INCREMENT COMMENT '任务日志ID',
  `job_name` varchar(64) NOT NULL COMMENT '任务名称',
  `job_group` varchar(64) NOT NULL COMMENT '任务组名',
  `invoke_target` varchar(500) NOT NULL COMMENT '调用目标字符串',
  `job_message` varchar(500) DEFAULT NULL COMMENT '日志信息',
  `status` char(1) DEFAULT '0' COMMENT '执行状态（0正常 1失败）',
  `exception_info` varchar(2000) DEFAULT '' COMMENT '异常信息',
  `create_time` datetime DEFAULT NULL COMMENT '创建时间',
  PRIMARY KEY (`job_log_id`)
) ENGINE=InnoDB DEFAULT CHARSET=utf8mb4 COLLATE=utf8mb4_0900_ai_ci COMMENT='定时任务调度日志表';

-- ----------------------------
-- Records of sys_job_log
-- ----------------------------

-- ----------------------------
-- Table structure for sys_logininfor
-- ----------------------------
DROP TABLE IF EXISTS `sys_logininfor`;
CREATE TABLE `sys_logininfor` (
  `info_id` bigint(20) NOT NULL AUTO_INCREMENT COMMENT '访问ID',
  `user_name` varchar(50) DEFAULT '' COMMENT '用户账号',
  `ipaddr` varchar(128) DEFAULT '' COMMENT '登录IP地址',
  `login_location` varchar(255) DEFAULT '' COMMENT '登录地点',
  `browser` varchar(50) DEFAULT '' COMMENT '浏览器类型',
  `os` varchar(50) DEFAULT '' COMMENT '操作系统',
  `status` char(1) DEFAULT '0' COMMENT '登录状态（0成功 1失败）',
  `msg` varchar(255) DEFAULT '' COMMENT '提示消息',
  `login_time` datetime DEFAULT NULL COMMENT '访问时间',
  PRIMARY KEY (`info_id`)
) ENGINE=InnoDB AUTO_INCREMENT=206 DEFAULT CHARSET=utf8mb4 COLLATE=utf8mb4_0900_ai_ci COMMENT='系统访问记录';

-- ----------------------------
-- Records of sys_logininfor
-- ----------------------------
INSERT INTO `sys_logininfor` VALUES ('100', 'admin', '127.0.0.1', '内网IP', 'Chrome 9', 'Windows 10', '0', '登录成功', '2022-03-04 15:17:37');
INSERT INTO `sys_logininfor` VALUES ('101', 'admin', '127.0.0.1', '内网IP', 'Chrome 9', 'Windows 10', '0', '退出成功', '2022-03-04 15:19:03');
INSERT INTO `sys_logininfor` VALUES ('102', 'admin', '127.0.0.1', '内网IP', 'Chrome 9', 'Windows 10', '1', '验证码错误', '2022-03-04 15:19:07');
INSERT INTO `sys_logininfor` VALUES ('103', 'admin', '127.0.0.1', '内网IP', 'Chrome 9', 'Windows 10', '0', '登录成功', '2022-03-04 15:19:15');
INSERT INTO `sys_logininfor` VALUES ('104', 'admin', '127.0.0.1', '内网IP', 'Chrome 9', 'Windows 10', '1', '验证码错误', '2022-03-04 16:20:59');
INSERT INTO `sys_logininfor` VALUES ('105', 'admin', '127.0.0.1', '内网IP', 'Chrome 9', 'Windows 10', '0', '登录成功', '2022-03-04 16:21:03');
INSERT INTO `sys_logininfor` VALUES ('106', 'admin', '127.0.0.1', '内网IP', 'Chrome 9', 'Windows 10', '1', '验证码错误', '2022-03-08 10:28:18');
INSERT INTO `sys_logininfor` VALUES ('107', 'admin', '127.0.0.1', '内网IP', 'Chrome 9', 'Windows 10', '0', '登录成功', '2022-03-08 10:28:23');
INSERT INTO `sys_logininfor` VALUES ('108', 'admin', '127.0.0.1', '内网IP', 'Chrome 9', 'Windows 10', '0', '登录成功', '2022-03-08 11:40:11');
INSERT INTO `sys_logininfor` VALUES ('109', 'admin', '127.0.0.1', '内网IP', 'Chrome 9', 'Windows 10', '0', '登录成功', '2022-03-08 21:34:42');
INSERT INTO `sys_logininfor` VALUES ('110', 'admin', '127.0.0.1', '内网IP', 'Chrome 9', 'Windows 10', '0', '登录成功', '2022-03-08 23:32:57');
INSERT INTO `sys_logininfor` VALUES ('111', 'admin', '127.0.0.1', '内网IP', 'Chrome 9', 'Windows 10', '0', '登录成功', '2022-03-09 10:05:36');
INSERT INTO `sys_logininfor` VALUES ('112', 'admin', '127.0.0.1', '内网IP', 'Chrome 9', 'Windows 10', '0', '登录成功', '2022-03-09 14:23:33');
INSERT INTO `sys_logininfor` VALUES ('113', 'admin', '127.0.0.1', '内网IP', 'Chrome Mobile', 'Android 6.x', '0', '登录成功', '2022-03-09 16:00:00');
INSERT INTO `sys_logininfor` VALUES ('114', 'admin', '127.0.0.1', '内网IP', 'Chrome 9', 'Windows 10', '0', '登录成功', '2022-03-09 19:10:15');
INSERT INTO `sys_logininfor` VALUES ('115', 'admin', '127.0.0.1', '内网IP', 'Chrome 9', 'Windows 10', '0', '退出成功', '2022-03-09 21:12:49');
INSERT INTO `sys_logininfor` VALUES ('116', 'admin', '127.0.0.1', '内网IP', 'Chrome 9', 'Windows 10', '0', '登录成功', '2022-03-09 21:19:29');
INSERT INTO `sys_logininfor` VALUES ('117', 'admin', '127.0.0.1', '内网IP', 'Chrome 9', 'Windows 10', '0', '登录成功', '2022-03-10 10:15:19');
INSERT INTO `sys_logininfor` VALUES ('118', 'admin', '127.0.0.1', '内网IP', 'Chrome 9', 'Windows 10', '0', '登录成功', '2022-03-10 10:51:46');
INSERT INTO `sys_logininfor` VALUES ('119', 'admin', '10.98.27.79', '内网IP', 'Chrome 9', 'Windows 10', '0', '登录成功', '2022-03-16 18:47:39');
INSERT INTO `sys_logininfor` VALUES ('120', 'admin', '127.0.0.1', '内网IP', 'Chrome 9', 'Windows 10', '0', '登录成功', '2022-03-16 19:27:00');
INSERT INTO `sys_logininfor` VALUES ('121', 'admin', '127.0.0.1', '内网IP', 'Chrome 9', 'Windows 10', '0', '登录成功', '2022-03-16 21:35:43');
INSERT INTO `sys_logininfor` VALUES ('122', 'admin', '127.0.0.1', '内网IP', 'Chrome 9', 'Windows 10', '0', '登录成功', '2022-03-16 22:35:44');
INSERT INTO `sys_logininfor` VALUES ('123', 'admin', '127.0.0.1', '内网IP', 'Chrome Mobile', 'Android 6.x', '0', '退出成功', '2022-03-16 22:50:09');
INSERT INTO `sys_logininfor` VALUES ('124', 'admin', '127.0.0.1', '内网IP', 'Chrome Mobile', 'Android 6.x', '0', '登录成功', '2022-03-16 22:50:23');
INSERT INTO `sys_logininfor` VALUES ('125', 'admin', '127.0.0.1', '内网IP', 'Chrome Mobile', 'Android 6.x', '0', '退出成功', '2022-03-16 22:50:39');
INSERT INTO `sys_logininfor` VALUES ('126', 'admin', '127.0.0.1', '内网IP', 'Chrome Mobile', 'Android 6.x', '0', '登录成功', '2022-03-16 22:52:17');
INSERT INTO `sys_logininfor` VALUES ('127', 'admin', '127.0.0.1', '内网IP', 'Chrome Mobile', 'Android 6.x', '0', '退出成功', '2022-03-16 22:52:22');
INSERT INTO `sys_logininfor` VALUES ('128', 'admin', '127.0.0.1', '内网IP', 'Chrome Mobile', 'Android 6.x', '0', '登录成功', '2022-03-16 22:52:28');
INSERT INTO `sys_logininfor` VALUES ('129', 'admin', '127.0.0.1', '内网IP', 'Chrome Mobile', 'Android 6.x', '0', '退出成功', '2022-03-16 22:53:43');
INSERT INTO `sys_logininfor` VALUES ('130', 'admin', '127.0.0.1', '内网IP', 'Chrome Mobile', 'Android 6.x', '0', '登录成功', '2022-03-16 22:54:51');
INSERT INTO `sys_logininfor` VALUES ('131', 'admin', '127.0.0.1', '内网IP', 'Chrome Mobile', 'Android 6.x', '0', '退出成功', '2022-03-16 22:56:00');
INSERT INTO `sys_logininfor` VALUES ('132', 'admin', '127.0.0.1', '内网IP', 'Chrome 9', 'Windows 10', '0', '登录成功', '2022-03-16 23:01:54');
INSERT INTO `sys_logininfor` VALUES ('133', 'admin', '127.0.0.1', '内网IP', 'Chrome 9', 'Windows 10', '0', '登录成功', '2022-03-17 11:30:17');
INSERT INTO `sys_logininfor` VALUES ('134', 'admin', '127.0.0.1', '内网IP', 'Chrome 9', 'Windows 10', '0', '登录成功', '2022-03-17 14:40:27');
INSERT INTO `sys_logininfor` VALUES ('135', 'admin', '127.0.0.1', '内网IP', 'Chrome 9', 'Windows 10', '0', '登录成功', '2022-03-17 15:28:25');
INSERT INTO `sys_logininfor` VALUES ('136', 'admin', '127.0.0.1', '内网IP', 'Chrome 9', 'Windows 10', '0', '登录成功', '2022-03-17 16:03:08');
INSERT INTO `sys_logininfor` VALUES ('137', 'admin', '127.0.0.1', '内网IP', 'Chrome 9', 'Windows 10', '0', '登录成功', '2022-03-17 16:48:18');
INSERT INTO `sys_logininfor` VALUES ('138', 'admin', '127.0.0.1', '内网IP', 'Chrome 9', 'Windows 10', '0', '退出成功', '2022-03-17 17:44:39');
INSERT INTO `sys_logininfor` VALUES ('139', 'admin', '127.0.0.1', '内网IP', 'Chrome 9', 'Windows 10', '0', '登录成功', '2022-03-17 17:44:48');
INSERT INTO `sys_logininfor` VALUES ('140', 'admin', '127.0.0.1', '内网IP', 'Chrome 9', 'Windows 10', '0', '登录成功', '2022-03-17 19:40:58');
INSERT INTO `sys_logininfor` VALUES ('141', 'admin', '127.0.0.1', '内网IP', 'Chrome 9', 'Windows 10', '0', '登录成功', '2022-03-17 21:57:47');
INSERT INTO `sys_logininfor` VALUES ('142', 'admin', '127.0.0.1', '内网IP', 'Chrome 9', 'Windows 10', '0', '登录成功', '2022-03-18 13:54:36');
INSERT INTO `sys_logininfor` VALUES ('143', 'admin', '127.0.0.1', '内网IP', 'Chrome 9', 'Windows 10', '0', '退出成功', '2022-03-18 13:56:10');
INSERT INTO `sys_logininfor` VALUES ('144', '林玉婷', '127.0.0.1', '内网IP', 'Chrome 9', 'Windows 10', '1', 'nested exception is org.apache.ibatis.exceptions.TooManyResultsException: Expected one result (or null) to be returned by selectOne(), but found: 2', '2022-03-18 13:56:22');
INSERT INTO `sys_logininfor` VALUES ('145', '林玉婷', '127.0.0.1', '内网IP', 'Chrome 9', 'Windows 10', '1', 'nested exception is org.apache.ibatis.exceptions.TooManyResultsException: Expected one result (or null) to be returned by selectOne(), but found: 2', '2022-03-18 13:56:39');
INSERT INTO `sys_logininfor` VALUES ('146', '林玉婷', '127.0.0.1', '内网IP', 'Chrome 9', 'Windows 10', '1', '用户不存在/密码错误', '2022-03-18 13:56:58');
INSERT INTO `sys_logininfor` VALUES ('147', '林玉婷', '127.0.0.1', '内网IP', 'Chrome 9', 'Windows 10', '1', '验证码错误', '2022-03-18 13:57:05');
INSERT INTO `sys_logininfor` VALUES ('148', '林玉婷', '127.0.0.1', '内网IP', 'Chrome 9', 'Windows 10', '0', '登录成功', '2022-03-18 13:57:09');
INSERT INTO `sys_logininfor` VALUES ('149', '林玉婷', '127.0.0.1', '内网IP', 'Chrome 9', 'Windows 10', '0', '退出成功', '2022-03-18 13:57:33');
INSERT INTO `sys_logininfor` VALUES ('150', 'admin', '127.0.0.1', '内网IP', 'Chrome 9', 'Windows 10', '1', '验证码错误', '2022-03-18 13:57:45');
INSERT INTO `sys_logininfor` VALUES ('151', 'admin', '127.0.0.1', '内网IP', 'Chrome 9', 'Windows 10', '0', '登录成功', '2022-03-18 13:57:48');
INSERT INTO `sys_logininfor` VALUES ('152', 'admin', '127.0.0.1', '内网IP', 'Chrome 9', 'Windows 10', '0', '退出成功', '2022-03-18 14:11:08');
INSERT INTO `sys_logininfor` VALUES ('153', '林玉婷', '127.0.0.1', '内网IP', 'Chrome 9', 'Windows 10', '0', '登录成功', '2022-03-18 14:11:22');
INSERT INTO `sys_logininfor` VALUES ('154', '林玉婷', '127.0.0.1', '内网IP', 'Chrome 9', 'Windows 10', '0', '退出成功', '2022-03-18 14:12:28');
INSERT INTO `sys_logininfor` VALUES ('155', 'admin', '127.0.0.1', '内网IP', 'Chrome 9', 'Windows 10', '0', '登录成功', '2022-03-18 14:12:38');
INSERT INTO `sys_logininfor` VALUES ('156', 'admin', '127.0.0.1', '内网IP', 'Chrome 9', 'Windows 10', '0', '退出成功', '2022-03-18 14:35:17');
INSERT INTO `sys_logininfor` VALUES ('157', '林玉婷', '127.0.0.1', '内网IP', 'Chrome 9', 'Windows 10', '1', '验证码错误', '2022-03-18 14:35:28');
INSERT INTO `sys_logininfor` VALUES ('158', '林玉婷', '127.0.0.1', '内网IP', 'Chrome 9', 'Windows 10', '1', '验证码错误', '2022-03-18 14:35:46');
INSERT INTO `sys_logininfor` VALUES ('159', '林玉婷', '127.0.0.1', '内网IP', 'Chrome 9', 'Windows 10', '0', '登录成功', '2022-03-18 14:35:52');
INSERT INTO `sys_logininfor` VALUES ('160', '林玉婷', '127.0.0.1', '内网IP', 'Chrome 9', 'Windows 10', '0', '退出成功', '2022-03-18 14:48:14');
INSERT INTO `sys_logininfor` VALUES ('161', 'admin', '127.0.0.1', '内网IP', 'Chrome 9', 'Windows 10', '0', '登录成功', '2022-03-18 14:48:24');
INSERT INTO `sys_logininfor` VALUES ('162', 'admin', '127.0.0.1', '内网IP', 'Chrome 9', 'Windows 10', '0', '登录成功', '2022-03-18 20:49:25');
INSERT INTO `sys_logininfor` VALUES ('163', 'admin', '127.0.0.1', '内网IP', 'Chrome 9', 'Windows 10', '1', '验证码错误', '2022-03-18 21:55:07');
INSERT INTO `sys_logininfor` VALUES ('164', 'admin', '127.0.0.1', '内网IP', 'Chrome 9', 'Windows 10', '0', '登录成功', '2022-03-18 21:55:12');
INSERT INTO `sys_logininfor` VALUES ('165', 'admin', '127.0.0.1', '内网IP', 'Chrome 9', 'Windows 10', '0', '退出成功', '2022-03-18 22:32:28');
INSERT INTO `sys_logininfor` VALUES ('166', '林玉婷', '127.0.0.1', '内网IP', 'Chrome 9', 'Windows 10', '0', '登录成功', '2022-03-18 22:32:42');
INSERT INTO `sys_logininfor` VALUES ('167', '林玉婷', '127.0.0.1', '内网IP', 'Chrome 9', 'Windows 10', '0', '退出成功', '2022-03-18 22:38:20');
INSERT INTO `sys_logininfor` VALUES ('168', 'admin', '127.0.0.1', '内网IP', 'Chrome 9', 'Windows 10', '1', '用户不存在/密码错误', '2022-03-18 22:38:33');
INSERT INTO `sys_logininfor` VALUES ('169', 'admin', '127.0.0.1', '内网IP', 'Chrome 9', 'Windows 10', '0', '登录成功', '2022-03-18 22:38:41');
INSERT INTO `sys_logininfor` VALUES ('170', 'admin', '127.0.0.1', '内网IP', 'Chrome 9', 'Windows 10', '0', '登录成功', '2022-03-23 10:35:05');
INSERT INTO `sys_logininfor` VALUES ('171', 'admin', '127.0.0.1', '内网IP', 'Chrome 9', 'Windows 10', '0', '登录成功', '2022-03-23 11:28:38');
INSERT INTO `sys_logininfor` VALUES ('172', 'admin', '127.0.0.1', '内网IP', 'Chrome 9', 'Windows 10', '0', '登录成功', '2022-03-23 12:06:49');
INSERT INTO `sys_logininfor` VALUES ('173', 'admin', '127.0.0.1', '内网IP', 'Chrome 9', 'Windows 10', '0', '登录成功', '2022-03-23 18:58:24');
INSERT INTO `sys_logininfor` VALUES ('174', 'admin', '127.0.0.1', '内网IP', 'Chrome 9', 'Windows 10', '0', '登录成功', '2022-03-23 21:54:25');
INSERT INTO `sys_logininfor` VALUES ('175', 'admin', '127.0.0.1', '内网IP', 'Chrome 9', 'Windows 10', '0', '登录成功', '2022-03-24 09:50:23');
INSERT INTO `sys_logininfor` VALUES ('176', 'admin', '127.0.0.1', '内网IP', 'Chrome 9', 'Windows 10', '0', '登录成功', '2022-03-24 10:56:08');
INSERT INTO `sys_logininfor` VALUES ('177', 'admin', '127.0.0.1', '内网IP', 'Chrome 9', 'Windows 10', '0', '登录成功', '2022-03-24 21:18:01');
INSERT INTO `sys_logininfor` VALUES ('178', 'admin', '127.0.0.1', '内网IP', 'Chrome 9', 'Windows 10', '0', '登录成功', '2022-03-25 11:10:49');
INSERT INTO `sys_logininfor` VALUES ('179', 'admin', '127.0.0.1', '内网IP', 'Chrome 9', 'Windows 10', '0', '登录成功', '2022-03-25 11:42:25');
INSERT INTO `sys_logininfor` VALUES ('180', 'admin', '127.0.0.1', '内网IP', 'Chrome 9', 'Windows 10', '0', '登录成功', '2022-03-25 13:07:08');
INSERT INTO `sys_logininfor` VALUES ('181', 'admin', '127.0.0.1', '内网IP', 'Chrome 9', 'Windows 10', '0', '登录成功', '2022-03-25 16:54:15');
INSERT INTO `sys_logininfor` VALUES ('182', 'admin', '127.0.0.1', '内网IP', 'Chrome 9', 'Windows 10', '0', '登录成功', '2022-03-26 18:36:01');
INSERT INTO `sys_logininfor` VALUES ('183', 'admin', '127.0.0.1', '内网IP', 'Chrome 9', 'Windows 10', '0', '登录成功', '2022-03-26 22:31:50');
INSERT INTO `sys_logininfor` VALUES ('184', 'admin', '127.0.0.1', '内网IP', 'Chrome 9', 'Windows 10', '0', '退出成功', '2022-03-26 22:54:12');
INSERT INTO `sys_logininfor` VALUES ('185', 'admin', '127.0.0.1', '内网IP', 'Chrome 9', 'Windows 10', '0', '登录成功', '2022-03-26 22:54:19');
INSERT INTO `sys_logininfor` VALUES ('186', 'admin', '127.0.0.1', '内网IP', 'Chrome 9', 'Windows 10', '0', '登录成功', '2022-03-27 11:15:31');
INSERT INTO `sys_logininfor` VALUES ('187', 'admin', '127.0.0.1', '内网IP', 'Chrome 9', 'Windows 10', '0', '登录成功', '2022-03-27 14:22:44');
INSERT INTO `sys_logininfor` VALUES ('188', 'admin', '127.0.0.1', '内网IP', 'Chrome 9', 'Windows 10', '0', '登录成功', '2022-03-27 17:25:02');
INSERT INTO `sys_logininfor` VALUES ('189', 'admin', '127.0.0.1', '内网IP', 'Chrome 9', 'Windows 10', '0', '退出成功', '2022-03-27 17:38:20');
INSERT INTO `sys_logininfor` VALUES ('190', 'admin', '127.0.0.1', '内网IP', 'Chrome 9', 'Windows 10', '0', '登录成功', '2022-03-27 17:38:26');
INSERT INTO `sys_logininfor` VALUES ('191', 'admin', '127.0.0.1', '内网IP', 'Chrome 9', 'Windows 10', '0', '登录成功', '2022-03-27 19:59:49');
INSERT INTO `sys_logininfor` VALUES ('192', 'admin', '127.0.0.1', '内网IP', 'Chrome 9', 'Windows 10', '0', '登录成功', '2022-03-28 14:34:24');
INSERT INTO `sys_logininfor` VALUES ('193', 'admin', '127.0.0.1', '内网IP', 'Chrome 9', 'Windows 10', '0', '登录成功', '2022-03-28 18:17:53');
INSERT INTO `sys_logininfor` VALUES ('194', 'admin', '127.0.0.1', '内网IP', 'Chrome 9', 'Windows 10', '1', '验证码已失效', '2022-03-28 21:56:09');
INSERT INTO `sys_logininfor` VALUES ('195', 'admin', '127.0.0.1', '内网IP', 'Chrome 9', 'Windows 10', '1', '验证码错误', '2022-03-28 21:56:13');
INSERT INTO `sys_logininfor` VALUES ('196', 'admin', '127.0.0.1', '内网IP', 'Chrome 9', 'Windows 10', '1', '验证码错误', '2022-03-28 21:56:17');
INSERT INTO `sys_logininfor` VALUES ('197', 'admin', '127.0.0.1', '内网IP', 'Chrome 9', 'Windows 10', '0', '登录成功', '2022-03-28 21:56:20');
INSERT INTO `sys_logininfor` VALUES ('198', 'admin', '127.0.0.1', '内网IP', 'Chrome 9', 'Windows 10', '0', '登录成功', '2022-03-29 21:38:11');
INSERT INTO `sys_logininfor` VALUES ('199', 'admin', '127.0.0.1', '内网IP', 'Chrome 9', 'Windows 10', '0', '登录成功', '2022-04-02 15:20:33');
INSERT INTO `sys_logininfor` VALUES ('200', 'admin', '127.0.0.1', '内网IP', 'Chrome 9', 'Windows 10', '1', '验证码已失效', '2022-04-02 17:00:41');
INSERT INTO `sys_logininfor` VALUES ('201', 'admin', '127.0.0.1', '内网IP', 'Chrome 9', 'Windows 10', '0', '登录成功', '2022-04-02 17:00:45');
INSERT INTO `sys_logininfor` VALUES ('202', 'admin', '127.0.0.1', '内网IP', 'Chrome 9', 'Windows 10', '0', '登录成功', '2022-04-02 18:34:33');
INSERT INTO `sys_logininfor` VALUES ('203', 'admin', '127.0.0.1', '内网IP', 'Chrome 9', 'Windows 10', '0', '登录成功', '2022-04-02 19:46:56');
INSERT INTO `sys_logininfor` VALUES ('204', 'admin', '127.0.0.1', '内网IP', 'Chrome 8', 'Windows 10', '0', '登录成功', '2022-04-11 19:49:10');
INSERT INTO `sys_logininfor` VALUES ('205', 'admin', '127.0.0.1', '内网IP', 'Chrome 10', 'Windows 10', '0', '登录成功', '2022-04-11 19:50:17');

-- ----------------------------
-- Table structure for sys_menu
-- ----------------------------
DROP TABLE IF EXISTS `sys_menu`;
CREATE TABLE `sys_menu` (
  `menu_id` bigint(20) NOT NULL AUTO_INCREMENT COMMENT '菜单ID',
  `menu_name` varchar(50) NOT NULL COMMENT '菜单名称',
  `parent_id` bigint(20) DEFAULT '0' COMMENT '父菜单ID',
  `order_num` int(4) DEFAULT '0' COMMENT '显示顺序',
  `path` varchar(200) DEFAULT '' COMMENT '路由地址',
  `component` varchar(255) DEFAULT NULL COMMENT '组件路径',
  `query` varchar(255) DEFAULT NULL COMMENT '路由参数',
  `is_frame` int(1) DEFAULT '1' COMMENT '是否为外链（0是 1否）',
  `is_cache` int(1) DEFAULT '0' COMMENT '是否缓存（0缓存 1不缓存）',
  `menu_type` char(1) DEFAULT '' COMMENT '菜单类型（M目录 C菜单 F按钮）',
  `visible` char(1) DEFAULT '0' COMMENT '菜单状态（0显示 1隐藏）',
  `status` char(1) DEFAULT '0' COMMENT '菜单状态（0正常 1停用）',
  `perms` varchar(100) DEFAULT NULL COMMENT '权限标识',
  `icon` varchar(100) DEFAULT '#' COMMENT '菜单图标',
  `create_by` varchar(64) DEFAULT '' COMMENT '创建者',
  `create_time` datetime DEFAULT NULL COMMENT '创建时间',
  `update_by` varchar(64) DEFAULT '' COMMENT '更新者',
  `update_time` datetime DEFAULT NULL COMMENT '更新时间',
  `remark` varchar(500) DEFAULT '' COMMENT '备注',
  PRIMARY KEY (`menu_id`)
) ENGINE=InnoDB AUTO_INCREMENT=2231 DEFAULT CHARSET=utf8mb4 COLLATE=utf8mb4_0900_ai_ci COMMENT='菜单权限表';

-- ----------------------------
-- Records of sys_menu
-- ----------------------------
INSERT INTO `sys_menu` VALUES ('1', '系统管理', '0', '1', 'system', null, '', '1', '0', 'M', '0', '0', '', 'system', 'admin', '2022-03-04 13:37:47', '', null, '系统管理目录');
INSERT INTO `sys_menu` VALUES ('2', '系统监控', '0', '8', 'monitor', null, '', '1', '0', 'M', '0', '0', '', 'monitor', 'admin', '2022-03-04 13:37:47', 'admin', '2022-03-09 19:43:30', '系统监控目录');
INSERT INTO `sys_menu` VALUES ('3', '系统工具', '0', '6', 'tool', null, '', '1', '0', 'M', '0', '0', '', 'tool', 'admin', '2022-03-04 13:37:47', 'admin', '2022-03-09 19:44:16', '系统工具目录');
INSERT INTO `sys_menu` VALUES ('4', '若依官网', '0', '7', 'http://ruoyi.vip', null, '', '0', '0', 'M', '1', '0', '', 'guide', 'admin', '2022-03-04 13:37:48', 'admin', '2022-03-09 19:43:16', '若依官网地址');
INSERT INTO `sys_menu` VALUES ('100', '用户管理', '1', '1', 'user', 'system/user/index', '', '1', '0', 'C', '0', '0', 'system:user:list', 'user', 'admin', '2022-03-04 13:37:48', '', null, '用户管理菜单');
INSERT INTO `sys_menu` VALUES ('101', '角色管理', '1', '2', 'role', 'system/role/index', '', '1', '0', 'C', '0', '0', 'system:role:list', 'peoples', 'admin', '2022-03-04 13:37:48', '', null, '角色管理菜单');
INSERT INTO `sys_menu` VALUES ('102', '菜单管理', '1', '3', 'menu', 'system/menu/index', '', '1', '0', 'C', '0', '0', 'system:menu:list', 'tree-table', 'admin', '2022-03-04 13:37:49', '', null, '菜单管理菜单');
INSERT INTO `sys_menu` VALUES ('103', '部门管理', '1', '4', 'dept', 'system/dept/index', '', '1', '0', 'C', '0', '0', 'system:dept:list', 'tree', 'admin', '2022-03-04 13:37:49', '', null, '部门管理菜单');
INSERT INTO `sys_menu` VALUES ('104', '岗位管理', '1', '5', 'post', 'system/post/index', '', '1', '0', 'C', '0', '0', 'system:post:list', 'post', 'admin', '2022-03-04 13:37:49', '', null, '岗位管理菜单');
INSERT INTO `sys_menu` VALUES ('105', '字典管理', '1', '6', 'dict', 'system/dict/index', '', '1', '0', 'C', '0', '0', 'system:dict:list', 'dict', 'admin', '2022-03-04 13:37:49', '', null, '字典管理菜单');
INSERT INTO `sys_menu` VALUES ('106', '参数设置', '1', '7', 'config', 'system/config/index', '', '1', '0', 'C', '0', '0', 'system:config:list', 'edit', 'admin', '2022-03-04 13:37:49', '', null, '参数设置菜单');
INSERT INTO `sys_menu` VALUES ('107', '通知公告', '1', '8', 'notice', 'system/notice/index', '', '1', '0', 'C', '0', '0', 'system:notice:list', 'message', 'admin', '2022-03-04 13:37:49', '', null, '通知公告菜单');
INSERT INTO `sys_menu` VALUES ('108', '日志管理', '1', '9', 'log', '', '', '1', '0', 'M', '0', '0', '', 'log', 'admin', '2022-03-04 13:37:49', '', null, '日志管理菜单');
INSERT INTO `sys_menu` VALUES ('109', '在线用户', '2', '1', 'online', 'monitor/online/index', '', '1', '0', 'C', '0', '0', 'monitor:online:list', 'online', 'admin', '2022-03-04 13:37:49', '', null, '在线用户菜单');
INSERT INTO `sys_menu` VALUES ('110', '定时任务', '2', '2', 'job', 'monitor/job/index', '', '1', '0', 'C', '0', '0', 'monitor:job:list', 'job', 'admin', '2022-03-04 13:37:49', '', null, '定时任务菜单');
INSERT INTO `sys_menu` VALUES ('111', '数据监控', '2', '3', 'druid', 'monitor/druid/index', '', '1', '0', 'C', '0', '0', 'monitor:druid:list', 'druid', 'admin', '2022-03-04 13:37:50', '', null, '数据监控菜单');
INSERT INTO `sys_menu` VALUES ('112', '服务监控', '2', '4', 'server', 'monitor/server/index', '', '1', '0', 'C', '0', '0', 'monitor:server:list', 'server', 'admin', '2022-03-04 13:37:50', '', null, '服务监控菜单');
INSERT INTO `sys_menu` VALUES ('113', '缓存监控', '2', '5', 'cache', 'monitor/cache/index', '', '1', '0', 'C', '0', '0', 'monitor:cache:list', 'redis', 'admin', '2022-03-04 13:37:50', '', null, '缓存监控菜单');
INSERT INTO `sys_menu` VALUES ('114', '表单构建', '3', '1', 'build', 'tool/build/index', '', '1', '0', 'C', '0', '0', 'tool:build:list', 'build', 'admin', '2022-03-04 13:37:50', '', null, '表单构建菜单');
INSERT INTO `sys_menu` VALUES ('115', '代码生成', '3', '2', 'gen', 'tool/gen/index', '', '1', '0', 'C', '0', '0', 'tool:gen:list', 'code', 'admin', '2022-03-04 13:37:50', '', null, '代码生成菜单');
INSERT INTO `sys_menu` VALUES ('116', '系统接口', '3', '3', 'swagger', 'tool/swagger/index', '', '1', '0', 'C', '0', '0', 'tool:swagger:list', 'swagger', 'admin', '2022-03-04 13:37:50', '', null, '系统接口菜单');
INSERT INTO `sys_menu` VALUES ('500', '操作日志', '108', '1', 'operlog', 'monitor/operlog/index', '', '1', '0', 'C', '0', '0', 'monitor:operlog:list', 'form', 'admin', '2022-03-04 13:37:50', '', null, '操作日志菜单');
INSERT INTO `sys_menu` VALUES ('501', '登录日志', '108', '2', 'logininfor', 'monitor/logininfor/index', '', '1', '0', 'C', '0', '0', 'monitor:logininfor:list', 'logininfor', 'admin', '2022-03-04 13:37:50', '', null, '登录日志菜单');
INSERT INTO `sys_menu` VALUES ('1001', '用户查询', '100', '1', '', '', '', '1', '0', 'F', '0', '0', 'system:user:query', '#', 'admin', '2022-03-04 13:37:50', '', null, '');
INSERT INTO `sys_menu` VALUES ('1002', '用户新增', '100', '2', '', '', '', '1', '0', 'F', '0', '0', 'system:user:add', '#', 'admin', '2022-03-04 13:37:51', '', null, '');
INSERT INTO `sys_menu` VALUES ('1003', '用户修改', '100', '3', '', '', '', '1', '0', 'F', '0', '0', 'system:user:edit', '#', 'admin', '2022-03-04 13:37:51', '', null, '');
INSERT INTO `sys_menu` VALUES ('1004', '用户删除', '100', '4', '', '', '', '1', '0', 'F', '0', '0', 'system:user:remove', '#', 'admin', '2022-03-04 13:37:51', '', null, '');
INSERT INTO `sys_menu` VALUES ('1005', '用户导出', '100', '5', '', '', '', '1', '0', 'F', '0', '0', 'system:user:export', '#', 'admin', '2022-03-04 13:37:51', '', null, '');
INSERT INTO `sys_menu` VALUES ('1006', '用户导入', '100', '6', '', '', '', '1', '0', 'F', '0', '0', 'system:user:import', '#', 'admin', '2022-03-04 13:37:51', '', null, '');
INSERT INTO `sys_menu` VALUES ('1007', '重置密码', '100', '7', '', '', '', '1', '0', 'F', '0', '0', 'system:user:resetPwd', '#', 'admin', '2022-03-04 13:37:51', '', null, '');
INSERT INTO `sys_menu` VALUES ('1008', '角色查询', '101', '1', '', '', '', '1', '0', 'F', '0', '0', 'system:role:query', '#', 'admin', '2022-03-04 13:37:51', '', null, '');
INSERT INTO `sys_menu` VALUES ('1009', '角色新增', '101', '2', '', '', '', '1', '0', 'F', '0', '0', 'system:role:add', '#', 'admin', '2022-03-04 13:37:51', '', null, '');
INSERT INTO `sys_menu` VALUES ('1010', '角色修改', '101', '3', '', '', '', '1', '0', 'F', '0', '0', 'system:role:edit', '#', 'admin', '2022-03-04 13:37:51', '', null, '');
INSERT INTO `sys_menu` VALUES ('1011', '角色删除', '101', '4', '', '', '', '1', '0', 'F', '0', '0', 'system:role:remove', '#', 'admin', '2022-03-04 13:37:52', '', null, '');
INSERT INTO `sys_menu` VALUES ('1012', '角色导出', '101', '5', '', '', '', '1', '0', 'F', '0', '0', 'system:role:export', '#', 'admin', '2022-03-04 13:37:52', '', null, '');
INSERT INTO `sys_menu` VALUES ('1013', '菜单查询', '102', '1', '', '', '', '1', '0', 'F', '0', '0', 'system:menu:query', '#', 'admin', '2022-03-04 13:37:52', '', null, '');
INSERT INTO `sys_menu` VALUES ('1014', '菜单新增', '102', '2', '', '', '', '1', '0', 'F', '0', '0', 'system:menu:add', '#', 'admin', '2022-03-04 13:37:52', '', null, '');
INSERT INTO `sys_menu` VALUES ('1015', '菜单修改', '102', '3', '', '', '', '1', '0', 'F', '0', '0', 'system:menu:edit', '#', 'admin', '2022-03-04 13:37:52', '', null, '');
INSERT INTO `sys_menu` VALUES ('1016', '菜单删除', '102', '4', '', '', '', '1', '0', 'F', '0', '0', 'system:menu:remove', '#', 'admin', '2022-03-04 13:37:52', '', null, '');
INSERT INTO `sys_menu` VALUES ('1017', '部门查询', '103', '1', '', '', '', '1', '0', 'F', '0', '0', 'system:dept:query', '#', 'admin', '2022-03-04 13:37:52', '', null, '');
INSERT INTO `sys_menu` VALUES ('1018', '部门新增', '103', '2', '', '', '', '1', '0', 'F', '0', '0', 'system:dept:add', '#', 'admin', '2022-03-04 13:37:52', '', null, '');
INSERT INTO `sys_menu` VALUES ('1019', '部门修改', '103', '3', '', '', '', '1', '0', 'F', '0', '0', 'system:dept:edit', '#', 'admin', '2022-03-04 13:37:52', '', null, '');
INSERT INTO `sys_menu` VALUES ('1020', '部门删除', '103', '4', '', '', '', '1', '0', 'F', '0', '0', 'system:dept:remove', '#', 'admin', '2022-03-04 13:37:53', '', null, '');
INSERT INTO `sys_menu` VALUES ('1021', '岗位查询', '104', '1', '', '', '', '1', '0', 'F', '0', '0', 'system:post:query', '#', 'admin', '2022-03-04 13:37:53', '', null, '');
INSERT INTO `sys_menu` VALUES ('1022', '岗位新增', '104', '2', '', '', '', '1', '0', 'F', '0', '0', 'system:post:add', '#', 'admin', '2022-03-04 13:37:53', '', null, '');
INSERT INTO `sys_menu` VALUES ('1023', '岗位修改', '104', '3', '', '', '', '1', '0', 'F', '0', '0', 'system:post:edit', '#', 'admin', '2022-03-04 13:37:53', '', null, '');
INSERT INTO `sys_menu` VALUES ('1024', '岗位删除', '104', '4', '', '', '', '1', '0', 'F', '0', '0', 'system:post:remove', '#', 'admin', '2022-03-04 13:37:53', '', null, '');
INSERT INTO `sys_menu` VALUES ('1025', '岗位导出', '104', '5', '', '', '', '1', '0', 'F', '0', '0', 'system:post:export', '#', 'admin', '2022-03-04 13:37:53', '', null, '');
INSERT INTO `sys_menu` VALUES ('1026', '字典查询', '105', '1', '#', '', '', '1', '0', 'F', '0', '0', 'system:dict:query', '#', 'admin', '2022-03-04 13:37:54', '', null, '');
INSERT INTO `sys_menu` VALUES ('1027', '字典新增', '105', '2', '#', '', '', '1', '0', 'F', '0', '0', 'system:dict:add', '#', 'admin', '2022-03-04 13:37:54', '', null, '');
INSERT INTO `sys_menu` VALUES ('1028', '字典修改', '105', '3', '#', '', '', '1', '0', 'F', '0', '0', 'system:dict:edit', '#', 'admin', '2022-03-04 13:37:54', '', null, '');
INSERT INTO `sys_menu` VALUES ('1029', '字典删除', '105', '4', '#', '', '', '1', '0', 'F', '0', '0', 'system:dict:remove', '#', 'admin', '2022-03-04 13:37:54', '', null, '');
INSERT INTO `sys_menu` VALUES ('1030', '字典导出', '105', '5', '#', '', '', '1', '0', 'F', '0', '0', 'system:dict:export', '#', 'admin', '2022-03-04 13:37:54', '', null, '');
INSERT INTO `sys_menu` VALUES ('1031', '参数查询', '106', '1', '#', '', '', '1', '0', 'F', '0', '0', 'system:config:query', '#', 'admin', '2022-03-04 13:37:55', '', null, '');
INSERT INTO `sys_menu` VALUES ('1032', '参数新增', '106', '2', '#', '', '', '1', '0', 'F', '0', '0', 'system:config:add', '#', 'admin', '2022-03-04 13:37:55', '', null, '');
INSERT INTO `sys_menu` VALUES ('1033', '参数修改', '106', '3', '#', '', '', '1', '0', 'F', '0', '0', 'system:config:edit', '#', 'admin', '2022-03-04 13:37:55', '', null, '');
INSERT INTO `sys_menu` VALUES ('1034', '参数删除', '106', '4', '#', '', '', '1', '0', 'F', '0', '0', 'system:config:remove', '#', 'admin', '2022-03-04 13:37:55', '', null, '');
INSERT INTO `sys_menu` VALUES ('1035', '参数导出', '106', '5', '#', '', '', '1', '0', 'F', '0', '0', 'system:config:export', '#', 'admin', '2022-03-04 13:37:55', '', null, '');
INSERT INTO `sys_menu` VALUES ('1036', '公告查询', '107', '1', '#', '', '', '1', '0', 'F', '0', '0', 'system:notice:query', '#', 'admin', '2022-03-04 13:37:55', '', null, '');
INSERT INTO `sys_menu` VALUES ('1037', '公告新增', '107', '2', '#', '', '', '1', '0', 'F', '0', '0', 'system:notice:add', '#', 'admin', '2022-03-04 13:37:55', '', null, '');
INSERT INTO `sys_menu` VALUES ('1038', '公告修改', '107', '3', '#', '', '', '1', '0', 'F', '0', '0', 'system:notice:edit', '#', 'admin', '2022-03-04 13:37:55', '', null, '');
INSERT INTO `sys_menu` VALUES ('1039', '公告删除', '107', '4', '#', '', '', '1', '0', 'F', '0', '0', 'system:notice:remove', '#', 'admin', '2022-03-04 13:37:55', '', null, '');
INSERT INTO `sys_menu` VALUES ('1040', '操作查询', '500', '1', '#', '', '', '1', '0', 'F', '0', '0', 'monitor:operlog:query', '#', 'admin', '2022-03-04 13:37:56', '', null, '');
INSERT INTO `sys_menu` VALUES ('1041', '操作删除', '500', '2', '#', '', '', '1', '0', 'F', '0', '0', 'monitor:operlog:remove', '#', 'admin', '2022-03-04 13:37:56', '', null, '');
INSERT INTO `sys_menu` VALUES ('1042', '日志导出', '500', '4', '#', '', '', '1', '0', 'F', '0', '0', 'monitor:operlog:export', '#', 'admin', '2022-03-04 13:37:56', '', null, '');
INSERT INTO `sys_menu` VALUES ('1043', '登录查询', '501', '1', '#', '', '', '1', '0', 'F', '0', '0', 'monitor:logininfor:query', '#', 'admin', '2022-03-04 13:37:56', '', null, '');
INSERT INTO `sys_menu` VALUES ('1044', '登录删除', '501', '2', '#', '', '', '1', '0', 'F', '0', '0', 'monitor:logininfor:remove', '#', 'admin', '2022-03-04 13:37:56', '', null, '');
INSERT INTO `sys_menu` VALUES ('1045', '日志导出', '501', '3', '#', '', '', '1', '0', 'F', '0', '0', 'monitor:logininfor:export', '#', 'admin', '2022-03-04 13:37:56', '', null, '');
INSERT INTO `sys_menu` VALUES ('1046', '在线查询', '109', '1', '#', '', '', '1', '0', 'F', '0', '0', 'monitor:online:query', '#', 'admin', '2022-03-04 13:37:56', '', null, '');
INSERT INTO `sys_menu` VALUES ('1047', '批量强退', '109', '2', '#', '', '', '1', '0', 'F', '0', '0', 'monitor:online:batchLogout', '#', 'admin', '2022-03-04 13:37:56', '', null, '');
INSERT INTO `sys_menu` VALUES ('1048', '单条强退', '109', '3', '#', '', '', '1', '0', 'F', '0', '0', 'monitor:online:forceLogout', '#', 'admin', '2022-03-04 13:37:56', '', null, '');
INSERT INTO `sys_menu` VALUES ('1049', '任务查询', '110', '1', '#', '', '', '1', '0', 'F', '0', '0', 'monitor:job:query', '#', 'admin', '2022-03-04 13:37:57', '', null, '');
INSERT INTO `sys_menu` VALUES ('1050', '任务新增', '110', '2', '#', '', '', '1', '0', 'F', '0', '0', 'monitor:job:add', '#', 'admin', '2022-03-04 13:37:57', '', null, '');
INSERT INTO `sys_menu` VALUES ('1051', '任务修改', '110', '3', '#', '', '', '1', '0', 'F', '0', '0', 'monitor:job:edit', '#', 'admin', '2022-03-04 13:37:57', '', null, '');
INSERT INTO `sys_menu` VALUES ('1052', '任务删除', '110', '4', '#', '', '', '1', '0', 'F', '0', '0', 'monitor:job:remove', '#', 'admin', '2022-03-04 13:37:57', '', null, '');
INSERT INTO `sys_menu` VALUES ('1053', '状态修改', '110', '5', '#', '', '', '1', '0', 'F', '0', '0', 'monitor:job:changeStatus', '#', 'admin', '2022-03-04 13:37:57', '', null, '');
INSERT INTO `sys_menu` VALUES ('1054', '任务导出', '110', '7', '#', '', '', '1', '0', 'F', '0', '0', 'monitor:job:export', '#', 'admin', '2022-03-04 13:37:57', '', null, '');
INSERT INTO `sys_menu` VALUES ('1055', '生成查询', '115', '1', '#', '', '', '1', '0', 'F', '0', '0', 'tool:gen:query', '#', 'admin', '2022-03-04 13:37:57', '', null, '');
INSERT INTO `sys_menu` VALUES ('1056', '生成修改', '115', '2', '#', '', '', '1', '0', 'F', '0', '0', 'tool:gen:edit', '#', 'admin', '2022-03-04 13:37:57', '', null, '');
INSERT INTO `sys_menu` VALUES ('1057', '生成删除', '115', '3', '#', '', '', '1', '0', 'F', '0', '0', 'tool:gen:remove', '#', 'admin', '2022-03-04 13:37:58', '', null, '');
INSERT INTO `sys_menu` VALUES ('1058', '导入代码', '115', '2', '#', '', '', '1', '0', 'F', '0', '0', 'tool:gen:import', '#', 'admin', '2022-03-04 13:37:58', '', null, '');
INSERT INTO `sys_menu` VALUES ('1059', '预览代码', '115', '4', '#', '', '', '1', '0', 'F', '0', '0', 'tool:gen:preview', '#', 'admin', '2022-03-04 13:37:58', '', null, '');
INSERT INTO `sys_menu` VALUES ('1060', '生成代码', '115', '5', '#', '', '', '1', '0', 'F', '0', '0', 'tool:gen:code', '#', 'admin', '2022-03-04 13:37:58', '', null, '');
INSERT INTO `sys_menu` VALUES ('2099', '项目管理', '0', '2', 'project', null, null, '1', '0', 'M', '0', '0', '', 'job', 'admin', '2022-03-16 18:58:11', 'admin', '2022-03-16 19:03:53', '');
INSERT INTO `sys_menu` VALUES ('2106', '项目类型', '2099', '1', 'type', 'project/type/index', null, '1', '0', 'C', '0', '0', 'project:type:list', 'post', 'admin', '2022-03-16 21:39:27', 'admin', '2022-03-17 19:46:02', '项目类型菜单');
INSERT INTO `sys_menu` VALUES ('2107', '项目类型查询', '2106', '1', '#', '', null, '1', '0', 'F', '0', '0', 'project:type:query', '#', 'admin', '2022-03-16 21:39:28', '', null, '');
INSERT INTO `sys_menu` VALUES ('2108', '项目类型新增', '2106', '2', '#', '', null, '1', '0', 'F', '0', '0', 'project:type:add', '#', 'admin', '2022-03-16 21:39:28', '', null, '');
INSERT INTO `sys_menu` VALUES ('2109', '项目类型修改', '2106', '3', '#', '', null, '1', '0', 'F', '0', '0', 'project:type:edit', '#', 'admin', '2022-03-16 21:39:28', '', null, '');
INSERT INTO `sys_menu` VALUES ('2110', '项目类型删除', '2106', '4', '#', '', null, '1', '0', 'F', '0', '0', 'project:type:remove', '#', 'admin', '2022-03-16 21:39:28', '', null, '');
INSERT INTO `sys_menu` VALUES ('2111', '项目类型导出', '2106', '5', '#', '', null, '1', '0', 'F', '0', '0', 'project:type:export', '#', 'admin', '2022-03-16 21:39:28', '', null, '');
INSERT INTO `sys_menu` VALUES ('2112', '项目立项', '2099', '2', 'project', 'project/project/index', null, '1', '0', 'C', '0', '0', 'project:project:list', 'form', 'admin', '2022-03-16 21:40:04', 'admin', '2022-03-17 19:46:20', '项目立项菜单');
INSERT INTO `sys_menu` VALUES ('2113', '项目立项查询', '2112', '1', '#', '', null, '1', '0', 'F', '0', '0', 'project:project:query', '#', 'admin', '2022-03-16 21:40:04', '', null, '');
INSERT INTO `sys_menu` VALUES ('2114', '项目立项新增', '2112', '2', '#', '', null, '1', '0', 'F', '0', '0', 'project:project:add', '#', 'admin', '2022-03-16 21:40:04', '', null, '');
INSERT INTO `sys_menu` VALUES ('2115', '项目立项修改', '2112', '3', '#', '', null, '1', '0', 'F', '0', '0', 'project:project:edit', '#', 'admin', '2022-03-16 21:40:04', '', null, '');
INSERT INTO `sys_menu` VALUES ('2116', '项目立项删除', '2112', '4', '#', '', null, '1', '0', 'F', '0', '0', 'project:project:remove', '#', 'admin', '2022-03-16 21:40:05', '', null, '');
INSERT INTO `sys_menu` VALUES ('2117', '项目立项导出', '2112', '5', '#', '', null, '1', '0', 'F', '0', '0', 'project:project:export', '#', 'admin', '2022-03-16 21:40:05', '', null, '');
INSERT INTO `sys_menu` VALUES ('2118', '仓库管理', '0', '3', 'storage', null, null, '1', '0', 'M', '0', '0', '', 'log', 'admin', '2022-03-17 20:26:51', 'admin', '2022-03-26 22:55:27', '');
INSERT INTO `sys_menu` VALUES ('2131', '采购管理', '0', '4', 'purchase', null, null, '1', '0', 'M', '0', '0', '', 'lock', 'admin', '2022-03-17 22:20:38', 'admin', '2022-03-23 22:36:59', '');
INSERT INTO `sys_menu` VALUES ('2132', '库存管理', '0', '5', 'inventory', null, null, '1', '0', 'M', '0', '0', null, 'input', 'admin', '2022-03-17 22:22:27', '', null, '');
INSERT INTO `sys_menu` VALUES ('2133', '供应商管理', '0', '9', 'supplier', null, null, '1', '0', 'M', '0', '0', '', 'cascader', 'admin', '2022-03-17 22:23:41', 'admin', '2022-03-17 22:23:55', '');
INSERT INTO `sys_menu` VALUES ('2134', '材料管理', '0', '10', 'material', null, null, '1', '0', 'M', '0', '0', null, 'row', 'admin', '2022-03-18 14:16:26', '', null, '');
INSERT INTO `sys_menu` VALUES ('2135', '供应商类型管理', '2133', '1', 'type', 'supplier/type/index', null, '1', '0', 'C', '0', '0', 'supplier:type:list', '#', 'admin', '2022-03-18 20:25:57', '', null, '供应商类型管理菜单');
INSERT INTO `sys_menu` VALUES ('2136', '供应商类型管理查询', '2135', '1', '#', '', null, '1', '0', 'F', '0', '0', 'supplier:type:query', '#', 'admin', '2022-03-18 20:25:57', '', null, '');
INSERT INTO `sys_menu` VALUES ('2137', '供应商类型管理新增', '2135', '2', '#', '', null, '1', '0', 'F', '0', '0', 'supplier:type:add', '#', 'admin', '2022-03-18 20:25:57', '', null, '');
INSERT INTO `sys_menu` VALUES ('2138', '供应商类型管理修改', '2135', '3', '#', '', null, '1', '0', 'F', '0', '0', 'supplier:type:edit', '#', 'admin', '2022-03-18 20:25:57', '', null, '');
INSERT INTO `sys_menu` VALUES ('2139', '供应商类型管理删除', '2135', '4', '#', '', null, '1', '0', 'F', '0', '0', 'supplier:type:remove', '#', 'admin', '2022-03-18 20:25:57', '', null, '');
INSERT INTO `sys_menu` VALUES ('2140', '供应商类型管理导出', '2135', '5', '#', '', null, '1', '0', 'F', '0', '0', 'supplier:type:export', '#', 'admin', '2022-03-18 20:25:58', '', null, '');
INSERT INTO `sys_menu` VALUES ('2141', '供应商管理', '2133', '1', 'supplier', 'supplier/supplier/index', null, '1', '0', 'C', '0', '0', 'supplier:supplier:list', '#', 'admin', '2022-03-18 20:26:30', '', null, '供应商管理菜单');
INSERT INTO `sys_menu` VALUES ('2142', '供应商管理查询', '2141', '1', '#', '', null, '1', '0', 'F', '0', '0', 'supplier:supplier:query', '#', 'admin', '2022-03-18 20:26:31', '', null, '');
INSERT INTO `sys_menu` VALUES ('2143', '供应商管理新增', '2141', '2', '#', '', null, '1', '0', 'F', '0', '0', 'supplier:supplier:add', '#', 'admin', '2022-03-18 20:26:31', '', null, '');
INSERT INTO `sys_menu` VALUES ('2144', '供应商管理修改', '2141', '3', '#', '', null, '1', '0', 'F', '0', '0', 'supplier:supplier:edit', '#', 'admin', '2022-03-18 20:26:31', '', null, '');
INSERT INTO `sys_menu` VALUES ('2145', '供应商管理删除', '2141', '4', '#', '', null, '1', '0', 'F', '0', '0', 'supplier:supplier:remove', '#', 'admin', '2022-03-18 20:26:31', '', null, '');
INSERT INTO `sys_menu` VALUES ('2146', '供应商管理导出', '2141', '5', '#', '', null, '1', '0', 'F', '0', '0', 'supplier:supplier:export', '#', 'admin', '2022-03-18 20:26:31', '', null, '');
INSERT INTO `sys_menu` VALUES ('2159', '材料管理', '2134', '1', 'material', 'material/material/index', null, '1', '0', 'C', '0', '0', 'material:material:list', '#', 'admin', '2022-03-23 22:20:44', '', null, '材料管理菜单');
INSERT INTO `sys_menu` VALUES ('2160', '材料管理查询', '2159', '1', '#', '', null, '1', '0', 'F', '0', '0', 'material:material:query', '#', 'admin', '2022-03-23 22:20:44', '', null, '');
INSERT INTO `sys_menu` VALUES ('2161', '材料管理新增', '2159', '2', '#', '', null, '1', '0', 'F', '0', '0', 'material:material:add', '#', 'admin', '2022-03-23 22:20:44', '', null, '');
INSERT INTO `sys_menu` VALUES ('2162', '材料管理修改', '2159', '3', '#', '', null, '1', '0', 'F', '0', '0', 'material:material:edit', '#', 'admin', '2022-03-23 22:20:44', '', null, '');
INSERT INTO `sys_menu` VALUES ('2163', '材料管理删除', '2159', '4', '#', '', null, '1', '0', 'F', '0', '0', 'material:material:remove', '#', 'admin', '2022-03-23 22:20:44', '', null, '');
INSERT INTO `sys_menu` VALUES ('2164', '材料管理导出', '2159', '5', '#', '', null, '1', '0', 'F', '0', '0', 'material:material:export', '#', 'admin', '2022-03-23 22:20:45', '', null, '');
INSERT INTO `sys_menu` VALUES ('2165', '材料总计划', '2131', '1', 'plan', 'purchase/plan/index', null, '1', '0', 'C', '0', '0', 'purchase:plan:list', '#', 'admin', '2022-03-23 23:01:49', '', null, '材料总计划菜单');
INSERT INTO `sys_menu` VALUES ('2166', '材料总计划查询', '2165', '1', '#', '', null, '1', '0', 'F', '0', '0', 'purchase:plan:query', '#', 'admin', '2022-03-23 23:01:50', '', null, '');
INSERT INTO `sys_menu` VALUES ('2167', '材料总计划新增', '2165', '2', '#', '', null, '1', '0', 'F', '0', '0', 'purchase:plan:add', '#', 'admin', '2022-03-23 23:01:50', '', null, '');
INSERT INTO `sys_menu` VALUES ('2168', '材料总计划修改', '2165', '3', '#', '', null, '1', '0', 'F', '0', '0', 'purchase:plan:edit', '#', 'admin', '2022-03-23 23:01:50', '', null, '');
INSERT INTO `sys_menu` VALUES ('2169', '材料总计划删除', '2165', '4', '#', '', null, '1', '0', 'F', '0', '0', 'purchase:plan:remove', '#', 'admin', '2022-03-23 23:01:50', '', null, '');
INSERT INTO `sys_menu` VALUES ('2170', '材料总计划导出', '2165', '5', '#', '', null, '1', '0', 'F', '0', '0', 'purchase:plan:export', '#', 'admin', '2022-03-23 23:01:50', '', null, '');
INSERT INTO `sys_menu` VALUES ('2171', '材料与材料总计划', '2131', '1', 'plandetail', 'purchase/plandetail/index', null, '1', '0', 'C', '1', '0', 'purchase:plandetail:list', '#', 'admin', '2022-03-24 11:33:00', 'admin', '2022-03-24 21:24:09', '材料与材料总计划菜单');
INSERT INTO `sys_menu` VALUES ('2172', '材料与材料总计划查询', '2171', '1', '#', '', null, '1', '0', 'F', '0', '0', 'purchase:plandetail:query', '#', 'admin', '2022-03-24 11:33:00', '', null, '');
INSERT INTO `sys_menu` VALUES ('2173', '材料与材料总计划新增', '2171', '2', '#', '', null, '1', '0', 'F', '0', '0', 'purchase:plandetail:add', '#', 'admin', '2022-03-24 11:33:00', '', null, '');
INSERT INTO `sys_menu` VALUES ('2174', '材料与材料总计划修改', '2171', '3', '#', '', null, '1', '0', 'F', '0', '0', 'purchase:plandetail:edit', '#', 'admin', '2022-03-24 11:33:00', '', null, '');
INSERT INTO `sys_menu` VALUES ('2175', '材料与材料总计划删除', '2171', '4', '#', '', null, '1', '0', 'F', '0', '0', 'purchase:plandetail:remove', '#', 'admin', '2022-03-24 11:33:01', '', null, '');
INSERT INTO `sys_menu` VALUES ('2176', '材料与材料总计划导出', '2171', '5', '#', '', null, '1', '0', 'F', '0', '0', 'purchase:plandetail:export', '#', 'admin', '2022-03-24 11:33:01', '', null, '');
INSERT INTO `sys_menu` VALUES ('2177', '材料需用计划', '2131', '1', 'need', 'purchase/need/index', null, '1', '0', 'C', '0', '0', 'purchase:need:list', '#', 'admin', '2022-03-24 21:29:36', '', null, '材料需用计划菜单');
INSERT INTO `sys_menu` VALUES ('2178', '材料需用计划查询', '2177', '1', '#', '', null, '1', '0', 'F', '0', '0', 'purchase:need:query', '#', 'admin', '2022-03-24 21:29:37', '', null, '');
INSERT INTO `sys_menu` VALUES ('2179', '材料需用计划新增', '2177', '2', '#', '', null, '1', '0', 'F', '0', '0', 'purchase:need:add', '#', 'admin', '2022-03-24 21:29:37', '', null, '');
INSERT INTO `sys_menu` VALUES ('2180', '材料需用计划修改', '2177', '3', '#', '', null, '1', '0', 'F', '0', '0', 'purchase:need:edit', '#', 'admin', '2022-03-24 21:29:37', '', null, '');
INSERT INTO `sys_menu` VALUES ('2181', '材料需用计划删除', '2177', '4', '#', '', null, '1', '0', 'F', '0', '0', 'purchase:need:remove', '#', 'admin', '2022-03-24 21:29:37', '', null, '');
INSERT INTO `sys_menu` VALUES ('2182', '材料需用计划导出', '2177', '5', '#', '', null, '1', '0', 'F', '0', '0', 'purchase:need:export', '#', 'admin', '2022-03-24 21:29:37', '', null, '');
INSERT INTO `sys_menu` VALUES ('2183', '材料合同', '2131', '1', 'contract', 'purchase/contract/index', null, '1', '0', 'C', '0', '0', 'purchase:contract:list', '#', 'admin', '2022-03-25 17:03:18', '', null, '材料合同菜单');
INSERT INTO `sys_menu` VALUES ('2184', '材料合同查询', '2183', '1', '#', '', null, '1', '0', 'F', '0', '0', 'purchase:contract:query', '#', 'admin', '2022-03-25 17:03:19', '', null, '');
INSERT INTO `sys_menu` VALUES ('2185', '材料合同新增', '2183', '2', '#', '', null, '1', '0', 'F', '0', '0', 'purchase:contract:add', '#', 'admin', '2022-03-25 17:03:19', '', null, '');
INSERT INTO `sys_menu` VALUES ('2186', '材料合同修改', '2183', '3', '#', '', null, '1', '0', 'F', '0', '0', 'purchase:contract:edit', '#', 'admin', '2022-03-25 17:03:19', '', null, '');
INSERT INTO `sys_menu` VALUES ('2187', '材料合同删除', '2183', '4', '#', '', null, '1', '0', 'F', '0', '0', 'purchase:contract:remove', '#', 'admin', '2022-03-25 17:03:19', '', null, '');
INSERT INTO `sys_menu` VALUES ('2188', '材料合同导出', '2183', '5', '#', '', null, '1', '0', 'F', '0', '0', 'purchase:contract:export', '#', 'admin', '2022-03-25 17:03:19', '', null, '');
INSERT INTO `sys_menu` VALUES ('2195', '仓库管理', '2118', '1', 'store', 'storage/store/index', null, '1', '0', 'C', '0', '0', 'storage:store:list', '#', 'admin', '2022-03-26 22:58:14', '', null, '仓库管理菜单');
INSERT INTO `sys_menu` VALUES ('2196', '仓库管理查询', '2195', '1', '#', '', null, '1', '0', 'F', '0', '0', 'storage:store:query', '#', 'admin', '2022-03-26 22:58:14', '', null, '');
INSERT INTO `sys_menu` VALUES ('2197', '仓库管理新增', '2195', '2', '#', '', null, '1', '0', 'F', '0', '0', 'storage:store:add', '#', 'admin', '2022-03-26 22:58:15', '', null, '');
INSERT INTO `sys_menu` VALUES ('2198', '仓库管理修改', '2195', '3', '#', '', null, '1', '0', 'F', '0', '0', 'storage:store:edit', '#', 'admin', '2022-03-26 22:58:15', '', null, '');
INSERT INTO `sys_menu` VALUES ('2199', '仓库管理删除', '2195', '4', '#', '', null, '1', '0', 'F', '0', '0', 'storage:store:remove', '#', 'admin', '2022-03-26 22:58:15', '', null, '');
INSERT INTO `sys_menu` VALUES ('2200', '仓库管理导出', '2195', '5', '#', '', null, '1', '0', 'F', '0', '0', 'storage:store:export', '#', 'admin', '2022-03-26 22:58:15', '', null, '');
INSERT INTO `sys_menu` VALUES ('2201', '材料入库', '2132', '1', 'received', 'inventory/received/index', null, '1', '0', 'C', '0', '0', 'inventory:received:list', '#', 'admin', '2022-03-26 23:28:33', '', null, '材料入库菜单');
INSERT INTO `sys_menu` VALUES ('2202', '材料入库查询', '2201', '1', '#', '', null, '1', '0', 'F', '0', '0', 'inventory:received:query', '#', 'admin', '2022-03-26 23:28:33', '', null, '');
INSERT INTO `sys_menu` VALUES ('2203', '材料入库新增', '2201', '2', '#', '', null, '1', '0', 'F', '0', '0', 'inventory:received:add', '#', 'admin', '2022-03-26 23:28:33', '', null, '');
INSERT INTO `sys_menu` VALUES ('2204', '材料入库修改', '2201', '3', '#', '', null, '1', '0', 'F', '0', '0', 'inventory:received:edit', '#', 'admin', '2022-03-26 23:28:34', '', null, '');
INSERT INTO `sys_menu` VALUES ('2205', '材料入库删除', '2201', '4', '#', '', null, '1', '0', 'F', '0', '0', 'inventory:received:remove', '#', 'admin', '2022-03-26 23:28:34', '', null, '');
INSERT INTO `sys_menu` VALUES ('2206', '材料入库导出', '2201', '5', '#', '', null, '1', '0', 'F', '0', '0', 'inventory:received:export', '#', 'admin', '2022-03-26 23:28:34', '', null, '');
INSERT INTO `sys_menu` VALUES ('2207', '材料出库', '2132', '2', 'delivery', 'inventory/delivery/index', null, '1', '0', 'C', '0', '0', 'inventory:delivery:list', '#', 'admin', '2022-03-28 22:05:41', 'admin', '2022-03-28 22:13:58', '材料出库菜单');
INSERT INTO `sys_menu` VALUES ('2208', '材料出库查询', '2207', '1', '#', '', null, '1', '0', 'F', '0', '0', 'inventory:delivery:query', '#', 'admin', '2022-03-28 22:05:42', '', null, '');
INSERT INTO `sys_menu` VALUES ('2209', '材料出库新增', '2207', '2', '#', '', null, '1', '0', 'F', '0', '0', 'inventory:delivery:add', '#', 'admin', '2022-03-28 22:05:42', '', null, '');
INSERT INTO `sys_menu` VALUES ('2210', '材料出库修改', '2207', '3', '#', '', null, '1', '0', 'F', '0', '0', 'inventory:delivery:edit', '#', 'admin', '2022-03-28 22:05:42', '', null, '');
INSERT INTO `sys_menu` VALUES ('2211', '材料出库删除', '2207', '4', '#', '', null, '1', '0', 'F', '0', '0', 'inventory:delivery:remove', '#', 'admin', '2022-03-28 22:05:42', '', null, '');
INSERT INTO `sys_menu` VALUES ('2212', '材料出库导出', '2207', '5', '#', '', null, '1', '0', 'F', '0', '0', 'inventory:delivery:export', '#', 'admin', '2022-03-28 22:05:42', '', null, '');
INSERT INTO `sys_menu` VALUES ('2213', '材料退库', '2132', '3', 'back', 'inventory/back/index', null, '1', '0', 'C', '0', '0', 'inventory:back:list', '#', 'admin', '2022-03-28 22:12:13', 'admin', '2022-03-28 22:14:05', '材料退库菜单');
INSERT INTO `sys_menu` VALUES ('2214', '材料退库查询', '2213', '1', '#', '', null, '1', '0', 'F', '0', '0', 'inventory:back:query', '#', 'admin', '2022-03-28 22:12:13', '', null, '');
INSERT INTO `sys_menu` VALUES ('2215', '材料退库新增', '2213', '2', '#', '', null, '1', '0', 'F', '0', '0', 'inventory:back:add', '#', 'admin', '2022-03-28 22:12:13', '', null, '');
INSERT INTO `sys_menu` VALUES ('2216', '材料退库修改', '2213', '3', '#', '', null, '1', '0', 'F', '0', '0', 'inventory:back:edit', '#', 'admin', '2022-03-28 22:12:13', '', null, '');
INSERT INTO `sys_menu` VALUES ('2217', '材料退库删除', '2213', '4', '#', '', null, '1', '0', 'F', '0', '0', 'inventory:back:remove', '#', 'admin', '2022-03-28 22:12:14', '', null, '');
INSERT INTO `sys_menu` VALUES ('2218', '材料退库导出', '2213', '5', '#', '', null, '1', '0', 'F', '0', '0', 'inventory:back:export', '#', 'admin', '2022-03-28 22:12:14', '', null, '');
INSERT INTO `sys_menu` VALUES ('2225', '材料盘点', '2132', '4', 'check', 'inventory/check/index', null, '1', '0', 'C', '0', '0', 'inventory:check:list', '#', 'admin', '2022-03-28 22:23:36', 'admin', '2022-03-28 22:23:53', '材料盘点菜单');
INSERT INTO `sys_menu` VALUES ('2226', '材料盘点查询', '2225', '1', '#', '', null, '1', '0', 'F', '0', '0', 'inventory:check:query', '#', 'admin', '2022-03-28 22:23:36', '', null, '');
INSERT INTO `sys_menu` VALUES ('2227', '材料盘点新增', '2225', '2', '#', '', null, '1', '0', 'F', '0', '0', 'inventory:check:add', '#', 'admin', '2022-03-28 22:23:37', '', null, '');
INSERT INTO `sys_menu` VALUES ('2228', '材料盘点修改', '2225', '3', '#', '', null, '1', '0', 'F', '0', '0', 'inventory:check:edit', '#', 'admin', '2022-03-28 22:23:37', '', null, '');
INSERT INTO `sys_menu` VALUES ('2229', '材料盘点删除', '2225', '4', '#', '', null, '1', '0', 'F', '0', '0', 'inventory:check:remove', '#', 'admin', '2022-03-28 22:23:37', '', null, '');
INSERT INTO `sys_menu` VALUES ('2230', '材料盘点导出', '2225', '5', '#', '', null, '1', '0', 'F', '0', '0', 'inventory:check:export', '#', 'admin', '2022-03-28 22:23:37', '', null, '');

-- ----------------------------
-- Table structure for sys_notice
-- ----------------------------
DROP TABLE IF EXISTS `sys_notice`;
CREATE TABLE `sys_notice` (
  `notice_id` int(4) NOT NULL AUTO_INCREMENT COMMENT '公告ID',
  `notice_title` varchar(50) NOT NULL COMMENT '公告标题',
  `notice_type` char(1) NOT NULL COMMENT '公告类型（1通知 2公告）',
  `notice_content` longblob COMMENT '公告内容',
  `status` char(1) DEFAULT '0' COMMENT '公告状态（0正常 1关闭）',
  `create_by` varchar(64) DEFAULT '' COMMENT '创建者',
  `create_time` datetime DEFAULT NULL COMMENT '创建时间',
  `update_by` varchar(64) DEFAULT '' COMMENT '更新者',
  `update_time` datetime DEFAULT NULL COMMENT '更新时间',
  `remark` varchar(255) DEFAULT NULL COMMENT '备注',
  PRIMARY KEY (`notice_id`)
) ENGINE=InnoDB AUTO_INCREMENT=11 DEFAULT CHARSET=utf8mb4 COLLATE=utf8mb4_0900_ai_ci COMMENT='通知公告表';

-- ----------------------------
-- Records of sys_notice
-- ----------------------------
INSERT INTO `sys_notice` VALUES ('10', '系统维护:2022-03-09维护人林玉婷', '2', 0x3C703EE5AD97E585B8E7AEA1E79086E4B8ADE6B7BBE58AA0E4B889E4B8AAE5AD97E585B8EFBC9AE5B7A5E7A88BE78AB6E68081206D6D735F70726F5F737461747573E38081E8AEA1E8B4B9E696B9E5BC8F206D6D735F7461785F776179E3808120E98787E8B4ADE78AB6E68081206D6D735F7075725F7374617475733B3C2F703E, '0', 'admin', '2022-03-09 16:07:26', 'admin', '2022-03-09 16:08:19', null);

-- ----------------------------
-- Table structure for sys_oper_log
-- ----------------------------
DROP TABLE IF EXISTS `sys_oper_log`;
CREATE TABLE `sys_oper_log` (
  `oper_id` bigint(20) NOT NULL AUTO_INCREMENT COMMENT '日志主键',
  `title` varchar(50) DEFAULT '' COMMENT '模块标题',
  `business_type` int(2) DEFAULT '0' COMMENT '业务类型（0其它 1新增 2修改 3删除）',
  `method` varchar(100) DEFAULT '' COMMENT '方法名称',
  `request_method` varchar(10) DEFAULT '' COMMENT '请求方式',
  `operator_type` int(1) DEFAULT '0' COMMENT '操作类别（0其它 1后台用户 2手机端用户）',
  `oper_name` varchar(50) DEFAULT '' COMMENT '操作人员',
  `dept_name` varchar(50) DEFAULT '' COMMENT '部门名称',
  `oper_url` varchar(255) DEFAULT '' COMMENT '请求URL',
  `oper_ip` varchar(128) DEFAULT '' COMMENT '主机地址',
  `oper_location` varchar(255) DEFAULT '' COMMENT '操作地点',
  `oper_param` varchar(2000) DEFAULT '' COMMENT '请求参数',
  `json_result` varchar(2000) DEFAULT '' COMMENT '返回参数',
  `status` int(1) DEFAULT '0' COMMENT '操作状态（0正常 1异常）',
  `error_msg` varchar(2000) DEFAULT '' COMMENT '错误消息',
  `oper_time` datetime DEFAULT NULL COMMENT '操作时间',
  PRIMARY KEY (`oper_id`)
) ENGINE=InnoDB AUTO_INCREMENT=442 DEFAULT CHARSET=utf8mb4 COLLATE=utf8mb4_0900_ai_ci COMMENT='操作日志记录';

-- ----------------------------
-- Records of sys_oper_log
-- ----------------------------
INSERT INTO `sys_oper_log` VALUES ('100', '代码生成', '6', 'com.ruoyi.generator.controller.GenController.importTableSave()', 'POST', '1', 'admin', null, '/tool/gen/importTable', '127.0.0.1', '内网IP', 'mms_project', '{\"msg\":\"操作成功\",\"code\":200}', '0', null, '2022-03-08 10:35:00');
INSERT INTO `sys_oper_log` VALUES ('101', '代码生成', '2', 'com.ruoyi.generator.controller.GenController.editSave()', 'PUT', '1', 'admin', null, '/tool/gen', '127.0.0.1', '内网IP', '{\"sub\":false,\"functionAuthor\":\"ruoyi\",\"columns\":[{\"capJavaField\":\"ProId\",\"usableColumn\":false,\"columnId\":1,\"isIncrement\":\"1\",\"increment\":true,\"insert\":true,\"dictType\":\"\",\"required\":false,\"superColumn\":false,\"updateBy\":\"\",\"isInsert\":\"1\",\"javaField\":\"proId\",\"htmlType\":\"input\",\"edit\":false,\"query\":false,\"columnComment\":\"项目编号\",\"sort\":1,\"list\":false,\"params\":{},\"javaType\":\"Long\",\"queryType\":\"EQ\",\"columnType\":\"int(11)\",\"createBy\":\"admin\",\"isPk\":\"1\",\"createTime\":1646706900000,\"tableId\":1,\"pk\":true,\"columnName\":\"pro_id\"},{\"capJavaField\":\"Username\",\"usableColumn\":false,\"columnId\":2,\"isIncrement\":\"0\",\"increment\":false,\"insert\":true,\"isList\":\"1\",\"dictType\":\"\",\"required\":true,\"superColumn\":false,\"updateBy\":\"\",\"isInsert\":\"1\",\"isRequired\":\"1\",\"javaField\":\"username\",\"htmlType\":\"input\",\"edit\":true,\"query\":true,\"columnComment\":\"项目名称\",\"isQuery\":\"1\",\"sort\":2,\"list\":true,\"params\":{},\"javaType\":\"String\",\"queryType\":\"LIKE\",\"columnType\":\"varchar(50)\",\"createBy\":\"admin\",\"isPk\":\"0\",\"createTime\":1646706900000,\"isEdit\":\"1\",\"tableId\":1,\"pk\":false,\"columnName\":\"username\"},{\"capJavaField\":\"ProArea\",\"usableColumn\":false,\"columnId\":3,\"isIncrement\":\"0\",\"increment\":false,\"insert\":true,\"isList\":\"1\",\"dictType\":\"\",\"required\":true,\"superColumn\":false,\"updateBy\":\"\",\"isInsert\":\"1\",\"isRequired\":\"1\",\"javaField\":\"proArea\",\"htmlType\":\"input\",\"edit\":true,\"query\":true,\"columnComment\":\"工程面积\",\"isQuery\":\"1\",\"sort\":3,\"list\":true,\"params\":{},\"javaType\":\"Long\",\"queryType\":\"EQ\",\"columnType\":\"double\",\"createBy\":\"admin\",\"isPk\":\"0\",\"createTime\":1646706900000,\"isEdit\":\"1\",\"tableId\":1,\"pk\":false,\"columnName\":\"pro_area\"},{\"capJavaField\":\"ProUnit\",\"usableColumn\":false,\"columnId\":4,\"isIncrement\":\"0\",\"increment\":false,\"insert\":true,\"isList\":\"1\",\"dictType\":\"\",\"required\":false,\"superColumn\":false,\"updateBy\":\"\",\"isInsert\":\"1\",\"javaField\":\"proUnit\",\"htmlType\":\"input\",\"edit\":true,\"query\":true,\"columnComment\":\"建设单位\",\"isQuery\":\"1\",\"sort\":4,\"list\":true,\"params\":{},\"javaType\":\"String\",\"queryType\":\"EQ\",\"columnType\":\"varchar(255)\",\"creat', '{\"msg\":\"操作成功\",\"code\":200}', '0', null, '2022-03-08 10:35:19');
INSERT INTO `sys_oper_log` VALUES ('102', '代码生成', '8', 'com.ruoyi.generator.controller.GenController.batchGenCode()', 'GET', '1', 'admin', null, '/tool/gen/batchGenCode', '127.0.0.1', '内网IP', '{}', null, '0', null, '2022-03-08 10:35:26');
INSERT INTO `sys_oper_log` VALUES ('103', '菜单管理', '1', 'com.ruoyi.web.controller.system.SysMenuController.add()', 'POST', '1', 'admin', null, '/system/menu', '127.0.0.1', '内网IP', '{\"visible\":\"0\",\"icon\":\"documentation\",\"orderNum\":1,\"menuName\":\"项目管理\",\"params\":{},\"parentId\":0,\"isCache\":\"0\",\"path\":\"project\",\"createBy\":\"admin\",\"children\":[],\"isFrame\":\"1\",\"menuType\":\"M\",\"status\":\"0\"}', '{\"msg\":\"操作成功\",\"code\":200}', '0', null, '2022-03-08 10:52:07');
INSERT INTO `sys_oper_log` VALUES ('104', '代码生成', '2', 'com.ruoyi.generator.controller.GenController.editSave()', 'PUT', '1', 'admin', null, '/tool/gen', '127.0.0.1', '内网IP', '{\"sub\":false,\"functionAuthor\":\"ruoyi\",\"columns\":[{\"capJavaField\":\"ProId\",\"usableColumn\":false,\"columnId\":1,\"isIncrement\":\"1\",\"increment\":true,\"insert\":true,\"dictType\":\"\",\"required\":false,\"superColumn\":false,\"updateBy\":\"\",\"isInsert\":\"1\",\"javaField\":\"proId\",\"htmlType\":\"input\",\"edit\":false,\"query\":false,\"columnComment\":\"项目编号\",\"updateTime\":1646706919000,\"sort\":1,\"list\":false,\"params\":{},\"javaType\":\"Long\",\"queryType\":\"EQ\",\"columnType\":\"int(11)\",\"createBy\":\"admin\",\"isPk\":\"1\",\"createTime\":1646706900000,\"tableId\":1,\"pk\":true,\"columnName\":\"pro_id\"},{\"capJavaField\":\"Username\",\"usableColumn\":false,\"columnId\":2,\"isIncrement\":\"0\",\"increment\":false,\"insert\":true,\"isList\":\"1\",\"dictType\":\"\",\"required\":true,\"superColumn\":false,\"updateBy\":\"\",\"isInsert\":\"1\",\"isRequired\":\"1\",\"javaField\":\"username\",\"htmlType\":\"input\",\"edit\":true,\"query\":true,\"columnComment\":\"项目名称\",\"isQuery\":\"1\",\"updateTime\":1646706919000,\"sort\":2,\"list\":true,\"params\":{},\"javaType\":\"String\",\"queryType\":\"LIKE\",\"columnType\":\"varchar(50)\",\"createBy\":\"admin\",\"isPk\":\"0\",\"createTime\":1646706900000,\"isEdit\":\"1\",\"tableId\":1,\"pk\":false,\"columnName\":\"username\"},{\"capJavaField\":\"ProArea\",\"usableColumn\":false,\"columnId\":3,\"isIncrement\":\"0\",\"increment\":false,\"insert\":true,\"isList\":\"1\",\"dictType\":\"\",\"required\":true,\"superColumn\":false,\"updateBy\":\"\",\"isInsert\":\"1\",\"isRequired\":\"1\",\"javaField\":\"proArea\",\"htmlType\":\"input\",\"edit\":true,\"query\":true,\"columnComment\":\"工程面积\",\"isQuery\":\"1\",\"updateTime\":1646706919000,\"sort\":3,\"list\":true,\"params\":{},\"javaType\":\"Long\",\"queryType\":\"EQ\",\"columnType\":\"double\",\"createBy\":\"admin\",\"isPk\":\"0\",\"createTime\":1646706900000,\"isEdit\":\"1\",\"tableId\":1,\"pk\":false,\"columnName\":\"pro_area\"},{\"capJavaField\":\"ProUnit\",\"usableColumn\":false,\"columnId\":4,\"isIncrement\":\"0\",\"increment\":false,\"insert\":true,\"isList\":\"1\",\"dictType\":\"\",\"required\":false,\"superColumn\":false,\"updateBy\":\"\",\"isInsert\":\"1\",\"javaField\":\"proUnit\",\"htmlType\":\"input\",\"edit\":true,\"query\":true,\"columnComment\":\"建设单位\",\"isQuery\":\"1\",\"updateTime\":1646706919', '{\"msg\":\"操作成功\",\"code\":200}', '0', null, '2022-03-08 10:53:11');
INSERT INTO `sys_oper_log` VALUES ('105', '代码生成', '8', 'com.ruoyi.generator.controller.GenController.batchGenCode()', 'GET', '1', 'admin', null, '/tool/gen/batchGenCode', '127.0.0.1', '内网IP', '{}', null, '0', null, '2022-03-08 10:53:16');
INSERT INTO `sys_oper_log` VALUES ('106', '代码生成', '2', 'com.ruoyi.generator.controller.GenController.editSave()', 'PUT', '1', 'admin', null, '/tool/gen', '127.0.0.1', '内网IP', '{\"sub\":false,\"functionAuthor\":\"ruoyi\",\"columns\":[{\"capJavaField\":\"ProId\",\"usableColumn\":false,\"columnId\":1,\"isIncrement\":\"1\",\"increment\":true,\"insert\":true,\"dictType\":\"\",\"required\":false,\"superColumn\":false,\"updateBy\":\"\",\"isInsert\":\"1\",\"javaField\":\"proId\",\"htmlType\":\"input\",\"edit\":false,\"query\":false,\"columnComment\":\"项目编号\",\"updateTime\":1646707990000,\"sort\":1,\"list\":false,\"params\":{},\"javaType\":\"Long\",\"queryType\":\"EQ\",\"columnType\":\"int(11)\",\"createBy\":\"admin\",\"isPk\":\"1\",\"createTime\":1646706900000,\"tableId\":1,\"pk\":true,\"columnName\":\"pro_id\"},{\"capJavaField\":\"Username\",\"usableColumn\":false,\"columnId\":2,\"isIncrement\":\"0\",\"increment\":false,\"insert\":true,\"isList\":\"1\",\"dictType\":\"\",\"required\":true,\"superColumn\":false,\"updateBy\":\"\",\"isInsert\":\"1\",\"isRequired\":\"1\",\"javaField\":\"username\",\"htmlType\":\"input\",\"edit\":true,\"query\":true,\"columnComment\":\"项目名称\",\"isQuery\":\"1\",\"updateTime\":1646707990000,\"sort\":2,\"list\":true,\"params\":{},\"javaType\":\"String\",\"queryType\":\"LIKE\",\"columnType\":\"varchar(50)\",\"createBy\":\"admin\",\"isPk\":\"0\",\"createTime\":1646706900000,\"isEdit\":\"1\",\"tableId\":1,\"pk\":false,\"columnName\":\"username\"},{\"capJavaField\":\"ProArea\",\"usableColumn\":false,\"columnId\":3,\"isIncrement\":\"0\",\"increment\":false,\"insert\":true,\"isList\":\"1\",\"dictType\":\"\",\"required\":true,\"superColumn\":false,\"updateBy\":\"\",\"isInsert\":\"1\",\"isRequired\":\"1\",\"javaField\":\"proArea\",\"htmlType\":\"input\",\"edit\":true,\"query\":true,\"columnComment\":\"工程面积\",\"isQuery\":\"1\",\"updateTime\":1646707990000,\"sort\":3,\"list\":true,\"params\":{},\"javaType\":\"Long\",\"queryType\":\"EQ\",\"columnType\":\"double\",\"createBy\":\"admin\",\"isPk\":\"0\",\"createTime\":1646706900000,\"isEdit\":\"1\",\"tableId\":1,\"pk\":false,\"columnName\":\"pro_area\"},{\"capJavaField\":\"ProUnit\",\"usableColumn\":false,\"columnId\":4,\"isIncrement\":\"0\",\"increment\":false,\"insert\":true,\"isList\":\"1\",\"dictType\":\"\",\"required\":false,\"superColumn\":false,\"updateBy\":\"\",\"isInsert\":\"1\",\"javaField\":\"proUnit\",\"htmlType\":\"input\",\"edit\":true,\"query\":true,\"columnComment\":\"建设单位\",\"isQuery\":\"1\",\"updateTime\":1646707990', '{\"msg\":\"操作成功\",\"code\":200}', '0', null, '2022-03-08 10:54:50');
INSERT INTO `sys_oper_log` VALUES ('107', '代码生成', '2', 'com.ruoyi.generator.controller.GenController.editSave()', 'PUT', '1', 'admin', null, '/tool/gen', '127.0.0.1', '内网IP', '{\"sub\":false,\"functionAuthor\":\"lyt\",\"columns\":[{\"capJavaField\":\"ProId\",\"usableColumn\":false,\"columnId\":1,\"isIncrement\":\"1\",\"increment\":true,\"insert\":true,\"dictType\":\"\",\"required\":false,\"superColumn\":false,\"updateBy\":\"\",\"isInsert\":\"1\",\"javaField\":\"proId\",\"htmlType\":\"input\",\"edit\":false,\"query\":false,\"columnComment\":\"项目编号\",\"updateTime\":1646708089000,\"sort\":1,\"list\":false,\"params\":{},\"javaType\":\"Long\",\"queryType\":\"EQ\",\"columnType\":\"int(11)\",\"createBy\":\"admin\",\"isPk\":\"1\",\"createTime\":1646706900000,\"tableId\":1,\"pk\":true,\"columnName\":\"pro_id\"},{\"capJavaField\":\"Username\",\"usableColumn\":false,\"columnId\":2,\"isIncrement\":\"0\",\"increment\":false,\"insert\":true,\"isList\":\"1\",\"dictType\":\"\",\"required\":true,\"superColumn\":false,\"updateBy\":\"\",\"isInsert\":\"1\",\"isRequired\":\"1\",\"javaField\":\"username\",\"htmlType\":\"input\",\"edit\":true,\"query\":true,\"columnComment\":\"项目名称\",\"isQuery\":\"1\",\"updateTime\":1646708089000,\"sort\":2,\"list\":true,\"params\":{},\"javaType\":\"String\",\"queryType\":\"LIKE\",\"columnType\":\"varchar(50)\",\"createBy\":\"admin\",\"isPk\":\"0\",\"createTime\":1646706900000,\"isEdit\":\"1\",\"tableId\":1,\"pk\":false,\"columnName\":\"username\"},{\"capJavaField\":\"ProArea\",\"usableColumn\":false,\"columnId\":3,\"isIncrement\":\"0\",\"increment\":false,\"insert\":true,\"isList\":\"1\",\"dictType\":\"\",\"required\":true,\"superColumn\":false,\"updateBy\":\"\",\"isInsert\":\"1\",\"isRequired\":\"1\",\"javaField\":\"proArea\",\"htmlType\":\"input\",\"edit\":true,\"query\":true,\"columnComment\":\"工程面积\",\"isQuery\":\"1\",\"updateTime\":1646708089000,\"sort\":3,\"list\":true,\"params\":{},\"javaType\":\"Long\",\"queryType\":\"EQ\",\"columnType\":\"double\",\"createBy\":\"admin\",\"isPk\":\"0\",\"createTime\":1646706900000,\"isEdit\":\"1\",\"tableId\":1,\"pk\":false,\"columnName\":\"pro_area\"},{\"capJavaField\":\"ProUnit\",\"usableColumn\":false,\"columnId\":4,\"isIncrement\":\"0\",\"increment\":false,\"insert\":true,\"isList\":\"1\",\"dictType\":\"\",\"required\":false,\"superColumn\":false,\"updateBy\":\"\",\"isInsert\":\"1\",\"javaField\":\"proUnit\",\"htmlType\":\"input\",\"edit\":true,\"query\":true,\"columnComment\":\"建设单位\",\"isQuery\":\"1\",\"updateTime\":164670808900', '{\"msg\":\"操作成功\",\"code\":200}', '0', null, '2022-03-08 10:55:11');
INSERT INTO `sys_oper_log` VALUES ('108', '代码生成', '8', 'com.ruoyi.generator.controller.GenController.batchGenCode()', 'GET', '1', 'admin', null, '/tool/gen/batchGenCode', '127.0.0.1', '内网IP', '{}', null, '0', null, '2022-03-08 10:55:14');
INSERT INTO `sys_oper_log` VALUES ('109', '项目', '1', 'com.ruoyi.system.controller.MmsProjectController.add()', 'POST', '1', 'admin', null, '/project/project', '127.0.0.1', '内网IP', '{\"proArea\":10000000,\"proAddress\":\"湖北省宜昌市\",\"params\":{},\"proId\":1,\"username\":\"水利水电1号工程项目\"}', '{\"msg\":\"操作成功\",\"code\":200}', '0', null, '2022-03-08 11:03:43');
INSERT INTO `sys_oper_log` VALUES ('110', '项目', '2', 'com.ruoyi.system.controller.MmsProjectController.edit()', 'PUT', '1', 'admin', null, '/project/project', '127.0.0.1', '内网IP', '{\"proArea\":10000000,\"proAddress\":\"湖北省宜昌市\",\"params\":{},\"proPhone\":\"\",\"proId\":1,\"proUnit\":\"湖北省\",\"supervisionUnit\":\"\",\"proNote\":\"\",\"proManager\":\"\",\"username\":\"水利水电1号工程项目\"}', '{\"msg\":\"操作成功\",\"code\":200}', '0', null, '2022-03-08 11:03:56');
INSERT INTO `sys_oper_log` VALUES ('111', '项目', '1', 'com.ruoyi.system.controller.MmsProjectController.add()', 'POST', '1', 'admin', null, '/project/project', '127.0.0.1', '内网IP', '{\"proArea\":122222,\"proAddress\":\"湖北\",\"params\":{},\"proId\":2,\"username\":\"2号\"}', '{\"msg\":\"操作成功\",\"code\":200}', '0', null, '2022-03-08 11:42:43');
INSERT INTO `sys_oper_log` VALUES ('112', '项目', '2', 'com.ruoyi.system.controller.MmsProjectController.edit()', 'PUT', '1', 'admin', null, '/project/project', '127.0.0.1', '内网IP', '{\"proArea\":122222,\"proAddress\":\"湖北\",\"params\":{},\"proPhone\":\"\",\"proId\":2,\"proUnit\":\"\",\"supervisionUnit\":\"\",\"proNote\":\"\",\"proManager\":\"\",\"username\":\"2号\"}', '{\"msg\":\"操作成功\",\"code\":200}', '0', null, '2022-03-08 11:43:22');
INSERT INTO `sys_oper_log` VALUES ('113', '项目', '1', 'com.ruoyi.system.controller.MmsProjectController.add()', 'POST', '1', 'admin', null, '/project/project', '127.0.0.1', '内网IP', '{\"proArea\":200000,\"proAddress\":\"湖北\",\"params\":{},\"proId\":3,\"username\":\"3号\"}', '{\"msg\":\"操作成功\",\"code\":200}', '0', null, '2022-03-08 11:51:49');
INSERT INTO `sys_oper_log` VALUES ('114', '项目', '1', 'com.ruoyi.system.controller.MmsProjectController.add()', 'POST', '1', 'admin', null, '/project/project', '127.0.0.1', '内网IP', '{\"proArea\":200000,\"proAddress\":\"湖北\",\"params\":{},\"proId\":4,\"username\":\"3号\"}', '{\"msg\":\"操作成功\",\"code\":200}', '0', null, '2022-03-08 11:51:49');
INSERT INTO `sys_oper_log` VALUES ('115', '代码生成', '3', 'com.ruoyi.generator.controller.GenController.remove()', 'DELETE', '1', 'admin', null, '/tool/gen/1', '127.0.0.1', '内网IP', '{tableIds=1}', '{\"msg\":\"操作成功\",\"code\":200}', '0', null, '2022-03-08 23:33:15');
INSERT INTO `sys_oper_log` VALUES ('116', '代码生成', '6', 'com.ruoyi.generator.controller.GenController.importTableSave()', 'POST', '1', 'admin', null, '/tool/gen/importTable', '127.0.0.1', '内网IP', 'mms_project', '{\"msg\":\"操作成功\",\"code\":200}', '0', null, '2022-03-08 23:33:19');
INSERT INTO `sys_oper_log` VALUES ('117', '代码生成', '2', 'com.ruoyi.generator.controller.GenController.editSave()', 'PUT', '1', 'admin', null, '/tool/gen', '127.0.0.1', '内网IP', '{\"sub\":false,\"functionAuthor\":\"ruoyi\",\"columns\":[{\"capJavaField\":\"ProId\",\"usableColumn\":false,\"columnId\":12,\"isIncrement\":\"1\",\"increment\":true,\"insert\":true,\"dictType\":\"\",\"required\":false,\"superColumn\":false,\"updateBy\":\"\",\"isInsert\":\"1\",\"javaField\":\"proId\",\"htmlType\":\"input\",\"edit\":false,\"query\":false,\"columnComment\":\"项目编号\",\"sort\":1,\"list\":false,\"params\":{},\"javaType\":\"Long\",\"queryType\":\"EQ\",\"columnType\":\"int(11)\",\"createBy\":\"admin\",\"isPk\":\"1\",\"createTime\":1646753599000,\"tableId\":2,\"pk\":true,\"columnName\":\"pro_id\"},{\"capJavaField\":\"ProName\",\"usableColumn\":false,\"columnId\":13,\"isIncrement\":\"0\",\"increment\":false,\"insert\":true,\"isList\":\"1\",\"dictType\":\"\",\"required\":true,\"superColumn\":false,\"updateBy\":\"\",\"isInsert\":\"1\",\"isRequired\":\"1\",\"javaField\":\"proName\",\"htmlType\":\"input\",\"edit\":true,\"query\":true,\"columnComment\":\"项目名称\",\"isQuery\":\"1\",\"sort\":2,\"list\":true,\"params\":{},\"javaType\":\"String\",\"queryType\":\"LIKE\",\"columnType\":\"varchar(50)\",\"createBy\":\"admin\",\"isPk\":\"0\",\"createTime\":1646753599000,\"isEdit\":\"1\",\"tableId\":2,\"pk\":false,\"columnName\":\"pro_name\"},{\"capJavaField\":\"StoreId\",\"usableColumn\":false,\"columnId\":14,\"isIncrement\":\"0\",\"increment\":false,\"insert\":true,\"isList\":\"1\",\"dictType\":\"\",\"required\":true,\"superColumn\":false,\"updateBy\":\"\",\"isInsert\":\"1\",\"isRequired\":\"1\",\"javaField\":\"storeId\",\"htmlType\":\"input\",\"edit\":true,\"query\":true,\"columnComment\":\"默认一号仓库\",\"isQuery\":\"1\",\"sort\":3,\"list\":true,\"params\":{},\"javaType\":\"Long\",\"queryType\":\"EQ\",\"columnType\":\"int(11)\",\"createBy\":\"admin\",\"isPk\":\"0\",\"createTime\":1646753599000,\"isEdit\":\"1\",\"tableId\":2,\"pk\":false,\"columnName\":\"store_id\"},{\"capJavaField\":\"PtypeId\",\"usableColumn\":false,\"columnId\":15,\"isIncrement\":\"0\",\"increment\":false,\"insert\":true,\"isList\":\"1\",\"dictType\":\"\",\"required\":true,\"superColumn\":false,\"updateBy\":\"\",\"isInsert\":\"1\",\"isRequired\":\"1\",\"javaField\":\"ptypeId\",\"htmlType\":\"input\",\"edit\":true,\"query\":true,\"columnComment\":\"默认0号工程类型\",\"isQuery\":\"1\",\"sort\":4,\"list\":true,\"params\":{},\"javaType\":\"Long\",\"queryType\":\"EQ\",\"columnType', '{\"msg\":\"操作成功\",\"code\":200}', '0', null, '2022-03-08 23:35:44');
INSERT INTO `sys_oper_log` VALUES ('118', '代码生成', '2', 'com.ruoyi.generator.controller.GenController.editSave()', 'PUT', '1', 'admin', null, '/tool/gen', '127.0.0.1', '内网IP', '{\"sub\":false,\"functionAuthor\":\"linyuting\",\"columns\":[{\"capJavaField\":\"ProId\",\"usableColumn\":false,\"columnId\":12,\"isIncrement\":\"1\",\"increment\":true,\"insert\":true,\"dictType\":\"\",\"required\":false,\"superColumn\":false,\"updateBy\":\"\",\"isInsert\":\"1\",\"javaField\":\"proId\",\"htmlType\":\"input\",\"edit\":false,\"query\":false,\"columnComment\":\"项目编号\",\"updateTime\":1646753744000,\"sort\":1,\"list\":false,\"params\":{},\"javaType\":\"Long\",\"queryType\":\"EQ\",\"columnType\":\"int(11)\",\"createBy\":\"admin\",\"isPk\":\"1\",\"createTime\":1646753599000,\"tableId\":2,\"pk\":true,\"columnName\":\"pro_id\"},{\"capJavaField\":\"ProName\",\"usableColumn\":false,\"columnId\":13,\"isIncrement\":\"0\",\"increment\":false,\"insert\":true,\"isList\":\"1\",\"dictType\":\"\",\"required\":true,\"superColumn\":false,\"updateBy\":\"\",\"isInsert\":\"1\",\"isRequired\":\"1\",\"javaField\":\"proName\",\"htmlType\":\"input\",\"edit\":true,\"query\":true,\"columnComment\":\"项目名称\",\"isQuery\":\"1\",\"updateTime\":1646753744000,\"sort\":2,\"list\":true,\"params\":{},\"javaType\":\"String\",\"queryType\":\"LIKE\",\"columnType\":\"varchar(50)\",\"createBy\":\"admin\",\"isPk\":\"0\",\"createTime\":1646753599000,\"isEdit\":\"1\",\"tableId\":2,\"pk\":false,\"columnName\":\"pro_name\"},{\"capJavaField\":\"StoreId\",\"usableColumn\":false,\"columnId\":14,\"isIncrement\":\"0\",\"increment\":false,\"insert\":true,\"isList\":\"1\",\"dictType\":\"\",\"required\":true,\"superColumn\":false,\"updateBy\":\"\",\"isInsert\":\"1\",\"isRequired\":\"1\",\"javaField\":\"storeId\",\"htmlType\":\"input\",\"edit\":true,\"query\":true,\"columnComment\":\"默认一号仓库\",\"isQuery\":\"1\",\"updateTime\":1646753744000,\"sort\":3,\"list\":true,\"params\":{},\"javaType\":\"Long\",\"queryType\":\"EQ\",\"columnType\":\"int(11)\",\"createBy\":\"admin\",\"isPk\":\"0\",\"createTime\":1646753599000,\"isEdit\":\"1\",\"tableId\":2,\"pk\":false,\"columnName\":\"store_id\"},{\"capJavaField\":\"PtypeId\",\"usableColumn\":false,\"columnId\":15,\"isIncrement\":\"0\",\"increment\":false,\"insert\":true,\"isList\":\"1\",\"dictType\":\"\",\"required\":true,\"superColumn\":false,\"updateBy\":\"\",\"isInsert\":\"1\",\"isRequired\":\"1\",\"javaField\":\"ptypeId\",\"htmlType\":\"input\",\"edit\":true,\"query\":true,\"columnComment\":\"默认0号工程类型\",\"isQuery', '{\"msg\":\"操作成功\",\"code\":200}', '0', null, '2022-03-08 23:36:06');
INSERT INTO `sys_oper_log` VALUES ('119', '代码生成', '8', 'com.ruoyi.generator.controller.GenController.batchGenCode()', 'GET', '1', 'admin', null, '/tool/gen/batchGenCode', '127.0.0.1', '内网IP', '{}', null, '0', null, '2022-03-08 23:37:07');
INSERT INTO `sys_oper_log` VALUES ('120', '代码生成', '2', 'com.ruoyi.generator.controller.GenController.editSave()', 'PUT', '1', 'admin', null, '/tool/gen', '127.0.0.1', '内网IP', '{\"sub\":false,\"functionAuthor\":\"linyuting\",\"columns\":[{\"capJavaField\":\"ProId\",\"usableColumn\":false,\"columnId\":12,\"isIncrement\":\"1\",\"increment\":true,\"insert\":true,\"dictType\":\"\",\"required\":false,\"superColumn\":false,\"updateBy\":\"\",\"isInsert\":\"1\",\"javaField\":\"proId\",\"htmlType\":\"input\",\"edit\":false,\"query\":false,\"columnComment\":\"项目编号\",\"updateTime\":1646753766000,\"sort\":1,\"list\":false,\"params\":{},\"javaType\":\"Long\",\"queryType\":\"EQ\",\"columnType\":\"int(11)\",\"createBy\":\"admin\",\"isPk\":\"1\",\"createTime\":1646753599000,\"tableId\":2,\"pk\":true,\"columnName\":\"pro_id\"},{\"capJavaField\":\"ProName\",\"usableColumn\":false,\"columnId\":13,\"isIncrement\":\"0\",\"increment\":false,\"insert\":true,\"isList\":\"1\",\"dictType\":\"\",\"required\":true,\"superColumn\":false,\"updateBy\":\"\",\"isInsert\":\"1\",\"isRequired\":\"1\",\"javaField\":\"proName\",\"htmlType\":\"input\",\"edit\":true,\"query\":true,\"columnComment\":\"项目名称\",\"isQuery\":\"1\",\"updateTime\":1646753766000,\"sort\":2,\"list\":true,\"params\":{},\"javaType\":\"String\",\"queryType\":\"LIKE\",\"columnType\":\"varchar(50)\",\"createBy\":\"admin\",\"isPk\":\"0\",\"createTime\":1646753599000,\"isEdit\":\"1\",\"tableId\":2,\"pk\":false,\"columnName\":\"pro_name\"},{\"capJavaField\":\"StoreId\",\"usableColumn\":false,\"columnId\":14,\"isIncrement\":\"0\",\"increment\":false,\"insert\":true,\"isList\":\"1\",\"dictType\":\"\",\"required\":true,\"superColumn\":false,\"updateBy\":\"\",\"isInsert\":\"1\",\"isRequired\":\"1\",\"javaField\":\"storeId\",\"htmlType\":\"select\",\"edit\":true,\"query\":true,\"columnComment\":\"默认一号仓库\",\"isQuery\":\"1\",\"updateTime\":1646753766000,\"sort\":3,\"list\":true,\"params\":{},\"javaType\":\"Long\",\"queryType\":\"EQ\",\"columnType\":\"int(11)\",\"createBy\":\"admin\",\"isPk\":\"0\",\"createTime\":1646753599000,\"isEdit\":\"1\",\"tableId\":2,\"pk\":false,\"columnName\":\"store_id\"},{\"capJavaField\":\"PtypeId\",\"usableColumn\":false,\"columnId\":15,\"isIncrement\":\"0\",\"increment\":false,\"insert\":true,\"isList\":\"1\",\"dictType\":\"\",\"required\":true,\"superColumn\":false,\"updateBy\":\"\",\"isInsert\":\"1\",\"isRequired\":\"1\",\"javaField\":\"ptypeId\",\"htmlType\":\"select\",\"edit\":true,\"query\":true,\"columnComment\":\"默认0号工程类型\",\"isQue', '{\"msg\":\"操作成功\",\"code\":200}', '0', null, '2022-03-09 10:07:25');
INSERT INTO `sys_oper_log` VALUES ('121', '代码生成', '2', 'com.ruoyi.generator.controller.GenController.editSave()', 'PUT', '1', 'admin', null, '/tool/gen', '127.0.0.1', '内网IP', '{\"sub\":false,\"functionAuthor\":\"linyuting\",\"columns\":[{\"capJavaField\":\"ProId\",\"usableColumn\":false,\"columnId\":12,\"isIncrement\":\"1\",\"increment\":true,\"insert\":true,\"dictType\":\"\",\"required\":false,\"superColumn\":false,\"updateBy\":\"\",\"isInsert\":\"1\",\"javaField\":\"proId\",\"htmlType\":\"input\",\"edit\":false,\"query\":false,\"columnComment\":\"项目编号\",\"updateTime\":1646791644000,\"sort\":1,\"list\":false,\"params\":{},\"javaType\":\"Long\",\"queryType\":\"EQ\",\"columnType\":\"int(11)\",\"createBy\":\"admin\",\"isPk\":\"1\",\"createTime\":1646753599000,\"tableId\":2,\"pk\":true,\"columnName\":\"pro_id\"},{\"capJavaField\":\"ProName\",\"usableColumn\":false,\"columnId\":13,\"isIncrement\":\"0\",\"increment\":false,\"insert\":true,\"isList\":\"1\",\"dictType\":\"\",\"required\":true,\"superColumn\":false,\"updateBy\":\"\",\"isInsert\":\"1\",\"isRequired\":\"1\",\"javaField\":\"proName\",\"htmlType\":\"input\",\"edit\":true,\"query\":true,\"columnComment\":\"项目名称\",\"isQuery\":\"1\",\"updateTime\":1646791644000,\"sort\":2,\"list\":true,\"params\":{},\"javaType\":\"String\",\"queryType\":\"LIKE\",\"columnType\":\"varchar(50)\",\"createBy\":\"admin\",\"isPk\":\"0\",\"createTime\":1646753599000,\"isEdit\":\"1\",\"tableId\":2,\"pk\":false,\"columnName\":\"pro_name\"},{\"capJavaField\":\"StoreId\",\"usableColumn\":false,\"columnId\":14,\"isIncrement\":\"0\",\"increment\":false,\"insert\":true,\"isList\":\"1\",\"dictType\":\"\",\"required\":true,\"superColumn\":false,\"updateBy\":\"\",\"isInsert\":\"1\",\"isRequired\":\"1\",\"javaField\":\"storeId\",\"htmlType\":\"select\",\"edit\":true,\"query\":true,\"columnComment\":\"默认一号仓库\",\"isQuery\":\"1\",\"updateTime\":1646791644000,\"sort\":3,\"list\":true,\"params\":{},\"javaType\":\"Long\",\"queryType\":\"EQ\",\"columnType\":\"int(11)\",\"createBy\":\"admin\",\"isPk\":\"0\",\"createTime\":1646753599000,\"isEdit\":\"1\",\"tableId\":2,\"pk\":false,\"columnName\":\"store_id\"},{\"capJavaField\":\"PtypeId\",\"usableColumn\":false,\"columnId\":15,\"isIncrement\":\"0\",\"increment\":false,\"insert\":true,\"isList\":\"1\",\"dictType\":\"\",\"required\":true,\"superColumn\":false,\"updateBy\":\"\",\"isInsert\":\"1\",\"isRequired\":\"1\",\"javaField\":\"ptypeId\",\"htmlType\":\"select\",\"edit\":true,\"query\":true,\"columnComment\":\"默认0号工程类型\",\"isQue', '{\"msg\":\"操作成功\",\"code\":200}', '0', null, '2022-03-09 10:07:44');
INSERT INTO `sys_oper_log` VALUES ('122', '代码生成', '8', 'com.ruoyi.generator.controller.GenController.batchGenCode()', 'GET', '1', 'admin', null, '/tool/gen/batchGenCode', '127.0.0.1', '内网IP', '{}', null, '0', null, '2022-03-09 10:07:48');
INSERT INTO `sys_oper_log` VALUES ('123', '项目管理', '1', 'com.ruoyi.web.controller.project.MmsProjectController.add()', 'POST', '1', 'admin', null, '/project/project', '127.0.0.1', '内网IP', '{\"endDate\":1647446400000,\"proArea\":1000000,\"proAddress\":\"湖北省宜昌市\",\"params\":{},\"statusId\":0,\"taxId\":0,\"proId\":1,\"proUnit\":\"湖北省宜昌市水电局\",\"proName\":\"宜昌水利水电1号工程\",\"startDate\":1647360000000}', '{\"msg\":\"操作成功\",\"code\":200}', '0', null, '2022-03-09 10:24:50');
INSERT INTO `sys_oper_log` VALUES ('124', '项目管理', '1', 'com.ruoyi.web.controller.project.MmsProjectController.add()', 'POST', '1', 'admin', null, '/project/project', '127.0.0.1', '内网IP', '{\"proArea\":2222,\"proAddress\":\"湖北枝江\",\"params\":{},\"statusId\":0,\"taxId\":0,\"proId\":4,\"proName\":\"2号\"}', '{\"msg\":\"操作成功\",\"code\":200}', '0', null, '2022-03-09 11:20:37');
INSERT INTO `sys_oper_log` VALUES ('125', '字典类型', '1', 'com.ruoyi.web.controller.system.SysDictTypeController.add()', 'POST', '1', 'admin', null, '/system/dict/type', '127.0.0.1', '内网IP', '{\"createBy\":\"admin\",\"dictName\":\"计税方式\",\"params\":{},\"dictType\":\"mms_tax_way\",\"status\":\"0\"}', '{\"msg\":\"操作成功\",\"code\":200}', '0', null, '2022-03-09 14:30:42');
INSERT INTO `sys_oper_log` VALUES ('126', '字典类型', '2', 'com.ruoyi.web.controller.system.SysDictTypeController.edit()', 'PUT', '1', 'admin', null, '/system/dict/type', '127.0.0.1', '内网IP', '{\"createBy\":\"admin\",\"createTime\":1646807442000,\"updateBy\":\"admin\",\"dictName\":\"计税方式\",\"remark\":\"项目列表\",\"dictId\":100,\"params\":{},\"dictType\":\"mms_tax_way\",\"status\":\"0\"}', '{\"msg\":\"操作成功\",\"code\":200}', '0', null, '2022-03-09 14:31:04');
INSERT INTO `sys_oper_log` VALUES ('127', '字典类型', '9', 'com.ruoyi.web.controller.system.SysDictTypeController.refreshCache()', 'DELETE', '1', 'admin', null, '/system/dict/type/refreshCache', '127.0.0.1', '内网IP', '{}', '{\"msg\":\"操作成功\",\"code\":200}', '0', null, '2022-03-09 14:32:00');
INSERT INTO `sys_oper_log` VALUES ('128', '字典类型', '5', 'com.ruoyi.web.controller.system.SysDictTypeController.export()', 'POST', '1', 'admin', null, '/system/dict/type/export', '127.0.0.1', '内网IP', '{\"params\":{}}', null, '0', null, '2022-03-09 14:32:07');
INSERT INTO `sys_oper_log` VALUES ('129', '字典类型', '1', 'com.ruoyi.web.controller.system.SysDictTypeController.add()', 'POST', '1', 'admin', null, '/system/dict/type', '127.0.0.1', '内网IP', '{\"createBy\":\"admin\",\"dictName\":\"工程状态\",\"remark\":\"工程状态列表\",\"params\":{},\"dictType\":\"mms_pro_status\",\"status\":\"0\"}', '{\"msg\":\"操作成功\",\"code\":200}', '0', null, '2022-03-09 16:01:26');
INSERT INTO `sys_oper_log` VALUES ('130', '字典类型', '1', 'com.ruoyi.web.controller.system.SysDictTypeController.add()', 'POST', '1', 'admin', null, '/system/dict/type', '127.0.0.1', '内网IP', '{\"createBy\":\"admin\",\"dictName\":\"采购状态\",\"remark\":\"采购状态列表\\n\",\"params\":{},\"dictType\":\"mms_pur_status\",\"status\":\"0\"}', '{\"msg\":\"操作成功\",\"code\":200}', '0', null, '2022-03-09 16:02:16');
INSERT INTO `sys_oper_log` VALUES ('131', '参数管理', '2', 'com.ruoyi.web.controller.system.SysConfigController.edit()', 'PUT', '1', 'admin', null, '/system/config', '127.0.0.1', '内网IP', '{\"configName\":\"主框架页-默认皮肤样式名称\",\"configKey\":\"sys.index.skinName\",\"createBy\":\"admin\",\"createTime\":1646372301000,\"updateBy\":\"admin\",\"configId\":1,\"remark\":\"蓝色 skin-blue、绿色 skin-green、紫色 skin-purple、红色 skin-red、黄色 skin-yellow\",\"configType\":\"Y\",\"configValue\":\"skin-green\",\"params\":{}}', '{\"msg\":\"操作成功\",\"code\":200}', '0', null, '2022-03-09 16:04:31');
INSERT INTO `sys_oper_log` VALUES ('132', '参数管理', '2', 'com.ruoyi.web.controller.system.SysConfigController.edit()', 'PUT', '1', 'admin', null, '/system/config', '127.0.0.1', '内网IP', '{\"configName\":\"主框架页-默认皮肤样式名称\",\"configKey\":\"sys.index.skinName\",\"createBy\":\"admin\",\"createTime\":1646372301000,\"updateBy\":\"admin\",\"configId\":1,\"remark\":\"蓝色 skin-blue、绿色 skin-green、紫色 skin-purple、红色 skin-red、黄色 skin-yellow\",\"updateTime\":1646813071000,\"configType\":\"Y\",\"configValue\":\"skin-purple\",\"params\":{}}', '{\"msg\":\"操作成功\",\"code\":200}', '0', null, '2022-03-09 16:04:43');
INSERT INTO `sys_oper_log` VALUES ('133', '通知公告', '1', 'com.ruoyi.web.controller.system.SysNoticeController.add()', 'POST', '1', 'admin', null, '/system/notice', '127.0.0.1', '内网IP', '{\"noticeContent\":\"<p>字典管理中添加三个字典：工程状态 mms_pro_status、计费方式 mms_tax_way、 采购状态 mms_pur_status;</p><p><br></p>\",\"createBy\":\"admin\",\"noticeType\":\"2\",\"params\":{},\"noticeTitle\":\"系统维护\",\"status\":\"0\"}', '{\"msg\":\"操作成功\",\"code\":200}', '0', null, '2022-03-09 16:07:26');
INSERT INTO `sys_oper_log` VALUES ('134', '通知公告', '2', 'com.ruoyi.web.controller.system.SysNoticeController.edit()', 'PUT', '1', 'admin', null, '/system/notice', '127.0.0.1', '内网IP', '{\"noticeContent\":\"<p>字典管理中添加三个字典：工程状态 mms_pro_status、计费方式 mms_tax_way、 采购状态 mms_pur_status;</p>\",\"createBy\":\"admin\",\"createTime\":1646813246000,\"updateBy\":\"admin\",\"noticeType\":\"2\",\"params\":{},\"noticeId\":10,\"noticeTitle\":\"系统维护:主管林玉婷\",\"status\":\"0\"}', '{\"msg\":\"操作成功\",\"code\":200}', '0', null, '2022-03-09 16:07:51');
INSERT INTO `sys_oper_log` VALUES ('135', '通知公告', '2', 'com.ruoyi.web.controller.system.SysNoticeController.edit()', 'PUT', '1', 'admin', null, '/system/notice', '127.0.0.1', '内网IP', '{\"noticeContent\":\"<p>字典管理中添加三个字典：工程状态 mms_pro_status、计费方式 mms_tax_way、 采购状态 mms_pur_status;</p>\",\"createBy\":\"admin\",\"createTime\":1646813246000,\"updateBy\":\"admin\",\"noticeType\":\"2\",\"updateTime\":1646813270000,\"params\":{},\"noticeId\":10,\"noticeTitle\":\"系统维护:2022-03-09维护人林玉婷\",\"status\":\"0\"}', '{\"msg\":\"操作成功\",\"code\":200}', '0', null, '2022-03-09 16:08:19');
INSERT INTO `sys_oper_log` VALUES ('136', '通知公告', '3', 'com.ruoyi.web.controller.system.SysNoticeController.remove()', 'DELETE', '1', 'admin', null, '/system/notice/1,2', '127.0.0.1', '内网IP', '{noticeIds=1,2}', '{\"msg\":\"操作成功\",\"code\":200}', '0', null, '2022-03-09 16:08:27');
INSERT INTO `sys_oper_log` VALUES ('137', '代码生成', '3', 'com.ruoyi.generator.controller.GenController.remove()', 'DELETE', '1', 'admin', null, '/tool/gen/2', '127.0.0.1', '内网IP', '{tableIds=2}', '{\"msg\":\"操作成功\",\"code\":200}', '0', null, '2022-03-09 16:08:53');
INSERT INTO `sys_oper_log` VALUES ('138', '代码生成', '6', 'com.ruoyi.generator.controller.GenController.importTableSave()', 'POST', '1', 'admin', null, '/tool/gen/importTable', '127.0.0.1', '内网IP', 'mms_suppliers', '{\"msg\":\"操作成功\",\"code\":200}', '0', null, '2022-03-09 16:10:15');
INSERT INTO `sys_oper_log` VALUES ('139', '代码生成', '6', 'com.ruoyi.generator.controller.GenController.importTableSave()', 'POST', '1', 'admin', null, '/tool/gen/importTable', '127.0.0.1', '内网IP', 'mms_purchase', '{\"msg\":\"操作成功\",\"code\":200}', '0', null, '2022-03-09 16:11:20');
INSERT INTO `sys_oper_log` VALUES ('140', '代码生成', '2', 'com.ruoyi.generator.controller.GenController.editSave()', 'PUT', '1', 'admin', null, '/tool/gen', '127.0.0.1', '内网IP', '{\"sub\":false,\"functionAuthor\":\"linyuting\",\"columns\":[{\"capJavaField\":\"PurId\",\"usableColumn\":false,\"columnId\":39,\"isIncrement\":\"1\",\"increment\":true,\"insert\":true,\"dictType\":\"\",\"required\":false,\"superColumn\":false,\"updateBy\":\"\",\"isInsert\":\"1\",\"javaField\":\"purId\",\"htmlType\":\"input\",\"edit\":false,\"query\":false,\"columnComment\":\"采购申请ID\",\"sort\":1,\"list\":false,\"params\":{},\"javaType\":\"Long\",\"queryType\":\"EQ\",\"columnType\":\"int(11)\",\"createBy\":\"admin\",\"isPk\":\"1\",\"createTime\":1646813480000,\"tableId\":4,\"pk\":true,\"columnName\":\"pur_id\"},{\"capJavaField\":\"PurName\",\"usableColumn\":false,\"columnId\":40,\"isIncrement\":\"0\",\"increment\":false,\"insert\":true,\"isList\":\"1\",\"dictType\":\"\",\"required\":true,\"superColumn\":false,\"updateBy\":\"\",\"isInsert\":\"1\",\"isRequired\":\"1\",\"javaField\":\"purName\",\"htmlType\":\"input\",\"edit\":true,\"query\":true,\"columnComment\":\"申请名称\",\"isQuery\":\"1\",\"sort\":2,\"list\":true,\"params\":{},\"javaType\":\"String\",\"queryType\":\"LIKE\",\"columnType\":\"varchar(255)\",\"createBy\":\"admin\",\"isPk\":\"0\",\"createTime\":1646813480000,\"isEdit\":\"1\",\"tableId\":4,\"pk\":false,\"columnName\":\"pur_name\"},{\"capJavaField\":\"Status\",\"usableColumn\":false,\"columnId\":41,\"isIncrement\":\"0\",\"increment\":false,\"insert\":true,\"isList\":\"1\",\"dictType\":\"mms_pur_status\",\"required\":false,\"superColumn\":false,\"updateBy\":\"\",\"isInsert\":\"1\",\"javaField\":\"status\",\"htmlType\":\"radio\",\"edit\":true,\"query\":true,\"columnComment\":\"申请状态（0在申请中 1已批准）\",\"isQuery\":\"1\",\"sort\":3,\"list\":true,\"params\":{},\"javaType\":\"String\",\"queryType\":\"EQ\",\"columnType\":\"char(1)\",\"createBy\":\"admin\",\"isPk\":\"0\",\"createTime\":1646813480000,\"isEdit\":\"1\",\"tableId\":4,\"pk\":false,\"columnName\":\"status\"},{\"capJavaField\":\"CreateBy\",\"usableColumn\":false,\"columnId\":42,\"isIncrement\":\"0\",\"increment\":false,\"insert\":true,\"dictType\":\"\",\"required\":false,\"superColumn\":true,\"updateBy\":\"\",\"isInsert\":\"1\",\"javaField\":\"createBy\",\"htmlType\":\"input\",\"edit\":false,\"query\":false,\"columnComment\":\"申请者\",\"sort\":4,\"list\":false,\"params\":{},\"javaType\":\"String\",\"queryType\":\"EQ\",\"columnType\":\"varchar(64)\",\"createBy\":\"a', '{\"msg\":\"操作成功\",\"code\":200}', '0', null, '2022-03-09 16:13:12');
INSERT INTO `sys_oper_log` VALUES ('141', '代码生成', '8', 'com.ruoyi.generator.controller.GenController.batchGenCode()', 'GET', '1', 'admin', null, '/tool/gen/batchGenCode', '127.0.0.1', '内网IP', '{}', null, '0', null, '2022-03-09 16:13:18');
INSERT INTO `sys_oper_log` VALUES ('142', '代码生成', '2', 'com.ruoyi.generator.controller.GenController.editSave()', 'PUT', '1', 'admin', null, '/tool/gen', '127.0.0.1', '内网IP', '{\"sub\":false,\"functionAuthor\":\"linyuting\",\"columns\":[{\"capJavaField\":\"PurId\",\"usableColumn\":false,\"columnId\":39,\"isIncrement\":\"1\",\"increment\":true,\"insert\":true,\"dictType\":\"\",\"required\":false,\"superColumn\":false,\"updateBy\":\"\",\"isInsert\":\"1\",\"javaField\":\"purId\",\"htmlType\":\"input\",\"edit\":false,\"query\":false,\"columnComment\":\"采购申请ID\",\"updateTime\":1646813592000,\"sort\":1,\"list\":false,\"params\":{},\"javaType\":\"Long\",\"queryType\":\"EQ\",\"columnType\":\"int(11)\",\"createBy\":\"admin\",\"isPk\":\"1\",\"createTime\":1646813480000,\"tableId\":4,\"pk\":true,\"columnName\":\"pur_id\"},{\"capJavaField\":\"PurName\",\"usableColumn\":false,\"columnId\":40,\"isIncrement\":\"0\",\"increment\":false,\"insert\":true,\"isList\":\"1\",\"dictType\":\"\",\"required\":true,\"superColumn\":false,\"updateBy\":\"\",\"isInsert\":\"1\",\"isRequired\":\"1\",\"javaField\":\"purName\",\"htmlType\":\"input\",\"edit\":true,\"query\":true,\"columnComment\":\"申请名称\",\"isQuery\":\"1\",\"updateTime\":1646813592000,\"sort\":2,\"list\":true,\"params\":{},\"javaType\":\"String\",\"queryType\":\"LIKE\",\"columnType\":\"varchar(255)\",\"createBy\":\"admin\",\"isPk\":\"0\",\"createTime\":1646813480000,\"isEdit\":\"1\",\"tableId\":4,\"pk\":false,\"columnName\":\"pur_name\"},{\"capJavaField\":\"Status\",\"usableColumn\":false,\"columnId\":41,\"isIncrement\":\"0\",\"increment\":false,\"insert\":true,\"isList\":\"1\",\"dictType\":\"mms_pur_status\",\"required\":false,\"superColumn\":false,\"updateBy\":\"\",\"isInsert\":\"1\",\"javaField\":\"status\",\"htmlType\":\"radio\",\"edit\":true,\"query\":true,\"columnComment\":\"申请状态（0在申请中 1已批准）\",\"isQuery\":\"1\",\"updateTime\":1646813592000,\"sort\":3,\"list\":true,\"params\":{},\"javaType\":\"String\",\"queryType\":\"EQ\",\"columnType\":\"char(1)\",\"createBy\":\"admin\",\"isPk\":\"0\",\"createTime\":1646813480000,\"isEdit\":\"1\",\"tableId\":4,\"pk\":false,\"columnName\":\"status\"},{\"capJavaField\":\"CreateBy\",\"usableColumn\":false,\"columnId\":42,\"isIncrement\":\"0\",\"increment\":false,\"insert\":true,\"dictType\":\"\",\"required\":false,\"superColumn\":true,\"updateBy\":\"\",\"isInsert\":\"1\",\"javaField\":\"createBy\",\"htmlType\":\"input\",\"edit\":false,\"query\":false,\"columnComment\":\"申请者\",\"updateTime\":1646813592000,\"so', '{\"msg\":\"操作成功\",\"code\":200}', '0', null, '2022-03-09 16:30:01');
INSERT INTO `sys_oper_log` VALUES ('143', '代码生成', '8', 'com.ruoyi.generator.controller.GenController.batchGenCode()', 'GET', '1', 'admin', null, '/tool/gen/batchGenCode', '127.0.0.1', '内网IP', '{}', null, '0', null, '2022-03-09 16:30:05');
INSERT INTO `sys_oper_log` VALUES ('144', '代码生成', '3', 'com.ruoyi.generator.controller.GenController.remove()', 'DELETE', '1', 'admin', null, '/tool/gen/4', '127.0.0.1', '内网IP', '{tableIds=4}', '{\"msg\":\"操作成功\",\"code\":200}', '0', null, '2022-03-09 17:02:09');
INSERT INTO `sys_oper_log` VALUES ('145', '代码生成', '6', 'com.ruoyi.generator.controller.GenController.importTableSave()', 'POST', '1', 'admin', null, '/tool/gen/importTable', '127.0.0.1', '内网IP', 'mms_purchase', '{\"msg\":\"操作成功\",\"code\":200}', '0', null, '2022-03-09 17:02:15');
INSERT INTO `sys_oper_log` VALUES ('146', '代码生成', '3', 'com.ruoyi.generator.controller.GenController.remove()', 'DELETE', '1', 'admin', null, '/tool/gen/5', '127.0.0.1', '内网IP', '{tableIds=5}', '{\"msg\":\"操作成功\",\"code\":200}', '0', null, '2022-03-09 17:05:40');
INSERT INTO `sys_oper_log` VALUES ('147', '代码生成', '6', 'com.ruoyi.generator.controller.GenController.importTableSave()', 'POST', '1', 'admin', null, '/tool/gen/importTable', '127.0.0.1', '内网IP', 'mms_purchase', '{\"msg\":\"操作成功\",\"code\":200}', '0', null, '2022-03-09 17:05:45');
INSERT INTO `sys_oper_log` VALUES ('148', '代码生成', '2', 'com.ruoyi.generator.controller.GenController.editSave()', 'PUT', '1', 'admin', null, '/tool/gen', '127.0.0.1', '内网IP', '{\"sub\":false,\"functionAuthor\":\"linyuting\",\"columns\":[{\"capJavaField\":\"PurId\",\"usableColumn\":false,\"columnId\":53,\"isIncrement\":\"1\",\"increment\":true,\"insert\":true,\"dictType\":\"\",\"required\":false,\"superColumn\":false,\"updateBy\":\"\",\"isInsert\":\"1\",\"javaField\":\"purId\",\"htmlType\":\"input\",\"edit\":false,\"query\":false,\"columnComment\":\"采购申请ID\",\"sort\":1,\"list\":false,\"params\":{},\"javaType\":\"Long\",\"queryType\":\"EQ\",\"columnType\":\"int(11)\",\"createBy\":\"admin\",\"isPk\":\"1\",\"createTime\":1646816745000,\"tableId\":6,\"pk\":true,\"columnName\":\"pur_id\"},{\"capJavaField\":\"PurName\",\"usableColumn\":false,\"columnId\":54,\"isIncrement\":\"0\",\"increment\":false,\"insert\":true,\"isList\":\"1\",\"dictType\":\"\",\"required\":true,\"superColumn\":false,\"updateBy\":\"\",\"isInsert\":\"1\",\"isRequired\":\"1\",\"javaField\":\"purName\",\"htmlType\":\"input\",\"edit\":true,\"query\":true,\"columnComment\":\"申请名称\",\"isQuery\":\"1\",\"sort\":2,\"list\":true,\"params\":{},\"javaType\":\"String\",\"queryType\":\"LIKE\",\"columnType\":\"varchar(255)\",\"createBy\":\"admin\",\"isPk\":\"0\",\"createTime\":1646816745000,\"isEdit\":\"1\",\"tableId\":6,\"pk\":false,\"columnName\":\"pur_name\"},{\"capJavaField\":\"Status\",\"usableColumn\":false,\"columnId\":55,\"isIncrement\":\"0\",\"increment\":false,\"insert\":true,\"isList\":\"1\",\"dictType\":\"mms_pur_status\",\"required\":false,\"superColumn\":false,\"updateBy\":\"\",\"isInsert\":\"1\",\"javaField\":\"status\",\"htmlType\":\"radio\",\"edit\":true,\"query\":true,\"columnComment\":\"申请状态（0在申请中 1已批准）\",\"isQuery\":\"1\",\"sort\":3,\"list\":true,\"params\":{},\"javaType\":\"String\",\"queryType\":\"EQ\",\"columnType\":\"char(1)\",\"createBy\":\"admin\",\"isPk\":\"0\",\"createTime\":1646816745000,\"isEdit\":\"1\",\"tableId\":6,\"pk\":false,\"columnName\":\"status\"},{\"capJavaField\":\"CreateBy\",\"usableColumn\":false,\"columnId\":56,\"isIncrement\":\"0\",\"increment\":false,\"insert\":true,\"dictType\":\"\",\"required\":false,\"superColumn\":true,\"updateBy\":\"\",\"isInsert\":\"1\",\"javaField\":\"createBy\",\"htmlType\":\"input\",\"edit\":false,\"query\":false,\"columnComment\":\"申请者\",\"sort\":4,\"list\":false,\"params\":{},\"javaType\":\"String\",\"queryType\":\"EQ\",\"columnType\":\"varchar(64)\",\"createBy\":\"a', '{\"msg\":\"操作成功\",\"code\":200}', '0', null, '2022-03-09 17:06:26');
INSERT INTO `sys_oper_log` VALUES ('149', '代码生成', '8', 'com.ruoyi.generator.controller.GenController.batchGenCode()', 'GET', '1', 'admin', null, '/tool/gen/batchGenCode', '127.0.0.1', '内网IP', '{}', null, '0', null, '2022-03-09 17:06:51');
INSERT INTO `sys_oper_log` VALUES ('150', '代码生成', '8', 'com.ruoyi.generator.controller.GenController.batchGenCode()', 'GET', '1', 'admin', null, '/tool/gen/batchGenCode', '127.0.0.1', '内网IP', '{}', null, '0', null, '2022-03-09 17:09:41');
INSERT INTO `sys_oper_log` VALUES ('151', '采购申请', '1', 'com.ruoyi.web.controller.project.MmsPurchaseController.add()', 'POST', '1', 'admin', null, '/project/purchase', '127.0.0.1', '内网IP', '{\"purName\":\"水利水电1号工程采购计划\",\"createTime\":1646817717988,\"purId\":1,\"params\":{},\"status\":\"0\"}', '{\"msg\":\"操作成功\",\"code\":200}', '0', null, '2022-03-09 17:21:58');
INSERT INTO `sys_oper_log` VALUES ('152', '采购申请', '2', 'com.ruoyi.web.controller.project.MmsPurchaseController.edit()', 'PUT', '1', 'admin', null, '/project/purchase', '127.0.0.1', '内网IP', '{\"createBy\":\"\",\"purName\":\"水利水电1号工程采购计划\",\"createTime\":1646817718000,\"updateBy\":\"\",\"purId\":1,\"updateTime\":1646817724859,\"params\":{},\"status\":\"1\"}', '{\"msg\":\"操作成功\",\"code\":200}', '0', null, '2022-03-09 17:22:04');
INSERT INTO `sys_oper_log` VALUES ('153', '采购申请', '2', 'com.ruoyi.web.controller.project.MmsPurchaseController.edit()', 'PUT', '1', 'admin', null, '/project/purchase', '127.0.0.1', '内网IP', '{\"createBy\":\"\",\"purName\":\"水利水电1号工程采购计划\",\"createTime\":1646817718000,\"updateBy\":\"\",\"purId\":1,\"updateTime\":1646817729070,\"params\":{},\"status\":\"0\"}', '{\"msg\":\"操作成功\",\"code\":200}', '0', null, '2022-03-09 17:22:09');
INSERT INTO `sys_oper_log` VALUES ('154', '菜单管理', '2', 'com.ruoyi.web.controller.system.SysMenuController.edit()', 'PUT', '1', 'admin', null, '/system/menu', '127.0.0.1', '内网IP', '{\"visible\":\"0\",\"icon\":\"excel\",\"orderNum\":1,\"menuName\":\"项目管理\",\"params\":{},\"parentId\":2006,\"isCache\":\"0\",\"path\":\"project\",\"component\":\"project/project/index\",\"children\":[],\"createTime\":1646791810000,\"updateBy\":\"admin\",\"isFrame\":\"1\",\"menuId\":2037,\"menuType\":\"C\",\"perms\":\"project:project:list\",\"status\":\"0\"}', '{\"msg\":\"操作成功\",\"code\":200}', '0', null, '2022-03-09 19:11:18');
INSERT INTO `sys_oper_log` VALUES ('155', '菜单管理', '2', 'com.ruoyi.web.controller.system.SysMenuController.edit()', 'PUT', '1', 'admin', null, '/system/menu', '127.0.0.1', '内网IP', '{\"visible\":\"0\",\"icon\":\"job\",\"orderNum\":1,\"menuName\":\"项目管理\",\"params\":{},\"parentId\":0,\"isCache\":\"0\",\"path\":\"project\",\"children\":[],\"createTime\":1646707926000,\"updateBy\":\"admin\",\"isFrame\":\"1\",\"menuId\":2006,\"menuType\":\"M\",\"perms\":\"\",\"status\":\"0\"}', '{\"msg\":\"操作成功\",\"code\":200}', '0', null, '2022-03-09 19:12:39');
INSERT INTO `sys_oper_log` VALUES ('156', '菜单管理', '2', 'com.ruoyi.web.controller.system.SysMenuController.edit()', 'PUT', '1', 'admin', null, '/system/menu', '127.0.0.1', '内网IP', '{\"visible\":\"0\",\"icon\":\"lock\",\"orderNum\":1,\"menuName\":\"采购申请\",\"params\":{},\"parentId\":2006,\"isCache\":\"0\",\"path\":\"purchase\",\"component\":\"project/purchase/index\",\"children\":[],\"createTime\":1646817055000,\"updateBy\":\"admin\",\"isFrame\":\"1\",\"menuId\":2073,\"menuType\":\"C\",\"perms\":\"project:purchase:list\",\"status\":\"0\"}', '{\"msg\":\"操作成功\",\"code\":200}', '0', null, '2022-03-09 19:13:35');
INSERT INTO `sys_oper_log` VALUES ('157', '菜单管理', '2', 'com.ruoyi.web.controller.system.SysMenuController.edit()', 'PUT', '1', 'admin', null, '/system/menu', '127.0.0.1', '内网IP', '{\"visible\":\"0\",\"icon\":\"job\",\"orderNum\":2,\"menuName\":\"项目管理\",\"params\":{},\"parentId\":0,\"isCache\":\"0\",\"path\":\"project\",\"children\":[],\"createTime\":1646707926000,\"updateBy\":\"admin\",\"isFrame\":\"1\",\"menuId\":2006,\"menuType\":\"M\",\"perms\":\"\",\"status\":\"0\"}', '{\"msg\":\"操作成功\",\"code\":200}', '0', null, '2022-03-09 19:14:00');
INSERT INTO `sys_oper_log` VALUES ('158', '菜单管理', '2', 'com.ruoyi.web.controller.system.SysMenuController.edit()', 'PUT', '1', 'admin', null, '/system/menu', '127.0.0.1', '内网IP', '{\"visible\":\"0\",\"icon\":\"job\",\"orderNum\":3,\"menuName\":\"项目管理\",\"params\":{},\"parentId\":0,\"isCache\":\"0\",\"path\":\"project\",\"children\":[],\"createTime\":1646707926000,\"updateBy\":\"admin\",\"isFrame\":\"1\",\"menuId\":2006,\"menuType\":\"M\",\"perms\":\"\",\"status\":\"0\"}', '{\"msg\":\"操作成功\",\"code\":200}', '0', null, '2022-03-09 19:14:04');
INSERT INTO `sys_oper_log` VALUES ('159', '菜单管理', '2', 'com.ruoyi.web.controller.system.SysMenuController.edit()', 'PUT', '1', 'admin', null, '/system/menu', '127.0.0.1', '内网IP', '{\"visible\":\"0\",\"icon\":\"job\",\"orderNum\":4,\"menuName\":\"项目管理\",\"params\":{},\"parentId\":0,\"isCache\":\"0\",\"path\":\"project\",\"children\":[],\"createTime\":1646707926000,\"updateBy\":\"admin\",\"isFrame\":\"1\",\"menuId\":2006,\"menuType\":\"M\",\"perms\":\"\",\"status\":\"0\"}', '{\"msg\":\"操作成功\",\"code\":200}', '0', null, '2022-03-09 19:14:08');
INSERT INTO `sys_oper_log` VALUES ('160', '菜单管理', '2', 'com.ruoyi.web.controller.system.SysMenuController.edit()', 'PUT', '1', 'admin', null, '/system/menu', '127.0.0.1', '内网IP', '{\"visible\":\"0\",\"icon\":\"job\",\"orderNum\":5,\"menuName\":\"项目管理\",\"params\":{},\"parentId\":0,\"isCache\":\"0\",\"path\":\"project\",\"children\":[],\"createTime\":1646707926000,\"updateBy\":\"admin\",\"isFrame\":\"1\",\"menuId\":2006,\"menuType\":\"M\",\"perms\":\"\",\"status\":\"0\"}', '{\"msg\":\"操作成功\",\"code\":200}', '0', null, '2022-03-09 19:14:12');
INSERT INTO `sys_oper_log` VALUES ('161', '菜单管理', '2', 'com.ruoyi.web.controller.system.SysMenuController.edit()', 'PUT', '1', 'admin', null, '/system/menu', '127.0.0.1', '内网IP', '{\"visible\":\"1\",\"query\":\"\",\"icon\":\"guide\",\"orderNum\":4,\"menuName\":\"若依官网\",\"params\":{},\"parentId\":0,\"isCache\":\"0\",\"path\":\"http://ruoyi.vip\",\"children\":[],\"createTime\":1646372268000,\"updateBy\":\"admin\",\"isFrame\":\"0\",\"menuId\":4,\"menuType\":\"M\",\"perms\":\"\",\"status\":\"0\"}', '{\"msg\":\"操作成功\",\"code\":200}', '0', null, '2022-03-09 19:14:28');
INSERT INTO `sys_oper_log` VALUES ('162', '菜单管理', '2', 'com.ruoyi.web.controller.system.SysMenuController.edit()', 'PUT', '1', 'admin', null, '/system/menu', '127.0.0.1', '内网IP', '{\"visible\":\"0\",\"icon\":\"job\",\"orderNum\":2,\"menuName\":\"项目管理\",\"params\":{},\"parentId\":0,\"isCache\":\"0\",\"path\":\"project\",\"children\":[],\"createTime\":1646707926000,\"updateBy\":\"admin\",\"isFrame\":\"1\",\"menuId\":2006,\"menuType\":\"M\",\"perms\":\"\",\"status\":\"0\"}', '{\"msg\":\"操作成功\",\"code\":200}', '0', null, '2022-03-09 19:15:04');
INSERT INTO `sys_oper_log` VALUES ('163', '菜单管理', '2', 'com.ruoyi.web.controller.system.SysMenuController.edit()', 'PUT', '1', 'admin', null, '/system/menu', '127.0.0.1', '内网IP', '{\"visible\":\"0\",\"query\":\"\",\"icon\":\"monitor\",\"orderNum\":5,\"menuName\":\"系统监控\",\"params\":{},\"parentId\":0,\"isCache\":\"0\",\"path\":\"monitor\",\"children\":[],\"createTime\":1646372267000,\"updateBy\":\"admin\",\"isFrame\":\"1\",\"menuId\":2,\"menuType\":\"M\",\"perms\":\"\",\"status\":\"0\"}', '{\"msg\":\"操作成功\",\"code\":200}', '0', null, '2022-03-09 19:15:11');
INSERT INTO `sys_oper_log` VALUES ('164', '菜单管理', '2', 'com.ruoyi.web.controller.system.SysMenuController.edit()', 'PUT', '1', 'admin', null, '/system/menu', '127.0.0.1', '内网IP', '{\"visible\":\"0\",\"icon\":\"lock\",\"orderNum\":2,\"menuName\":\"采购申请\",\"params\":{},\"parentId\":2006,\"isCache\":\"0\",\"path\":\"purchase\",\"component\":\"project/purchase/index\",\"children\":[],\"createTime\":1646817055000,\"updateBy\":\"admin\",\"isFrame\":\"1\",\"menuId\":2073,\"menuType\":\"C\",\"perms\":\"project:purchase:list\",\"status\":\"0\"}', '{\"msg\":\"操作成功\",\"code\":200}', '0', null, '2022-03-09 19:15:26');
INSERT INTO `sys_oper_log` VALUES ('165', '菜单管理', '2', 'com.ruoyi.web.controller.system.SysMenuController.edit()', 'PUT', '1', 'admin', null, '/system/menu', '127.0.0.1', '内网IP', '{\"visible\":\"0\",\"icon\":\"lock\",\"orderNum\":2,\"menuName\":\"采购管理\",\"params\":{},\"parentId\":2006,\"isCache\":\"0\",\"path\":\"purchase\",\"component\":\"project/purchase/index\",\"children\":[],\"createTime\":1646817055000,\"updateBy\":\"admin\",\"isFrame\":\"1\",\"menuId\":2073,\"menuType\":\"C\",\"perms\":\"project:purchase:list\",\"status\":\"0\"}', '{\"msg\":\"操作成功\",\"code\":200}', '0', null, '2022-03-09 19:16:06');
INSERT INTO `sys_oper_log` VALUES ('166', '代码生成', '6', 'com.ruoyi.generator.controller.GenController.importTableSave()', 'POST', '1', 'admin', null, '/tool/gen/importTable', '127.0.0.1', '内网IP', 'mms_project', '{\"msg\":\"操作成功\",\"code\":200}', '0', null, '2022-03-09 19:23:25');
INSERT INTO `sys_oper_log` VALUES ('167', '代码生成', '2', 'com.ruoyi.generator.controller.GenController.editSave()', 'PUT', '1', 'admin', null, '/tool/gen', '127.0.0.1', '内网IP', '{\"sub\":false,\"functionAuthor\":\"linyuting\",\"columns\":[{\"capJavaField\":\"ProId\",\"usableColumn\":false,\"columnId\":60,\"isIncrement\":\"1\",\"increment\":true,\"insert\":true,\"dictType\":\"\",\"required\":false,\"superColumn\":false,\"updateBy\":\"\",\"isInsert\":\"1\",\"javaField\":\"proId\",\"htmlType\":\"input\",\"edit\":false,\"query\":false,\"columnComment\":\"项目ID\",\"sort\":1,\"list\":false,\"params\":{},\"javaType\":\"Long\",\"queryType\":\"EQ\",\"columnType\":\"int(11)\",\"createBy\":\"admin\",\"isPk\":\"1\",\"createTime\":1646825005000,\"tableId\":7,\"pk\":true,\"columnName\":\"pro_id\"},{\"capJavaField\":\"ProName\",\"usableColumn\":false,\"columnId\":61,\"isIncrement\":\"0\",\"increment\":false,\"insert\":true,\"isList\":\"1\",\"dictType\":\"\",\"required\":true,\"superColumn\":false,\"updateBy\":\"\",\"isInsert\":\"1\",\"isRequired\":\"1\",\"javaField\":\"proName\",\"htmlType\":\"input\",\"edit\":true,\"query\":true,\"columnComment\":\"项目名称\",\"isQuery\":\"1\",\"sort\":2,\"list\":true,\"params\":{},\"javaType\":\"String\",\"queryType\":\"LIKE\",\"columnType\":\"varchar(50)\",\"createBy\":\"admin\",\"isPk\":\"0\",\"createTime\":1646825005000,\"isEdit\":\"1\",\"tableId\":7,\"pk\":false,\"columnName\":\"pro_name\"},{\"capJavaField\":\"StoreId\",\"usableColumn\":false,\"columnId\":62,\"isIncrement\":\"0\",\"increment\":false,\"insert\":true,\"isList\":\"1\",\"dictType\":\"\",\"required\":true,\"superColumn\":false,\"updateBy\":\"\",\"isInsert\":\"1\",\"isRequired\":\"1\",\"javaField\":\"storeId\",\"htmlType\":\"select\",\"edit\":true,\"query\":true,\"columnComment\":\"仓库ID\",\"isQuery\":\"1\",\"sort\":3,\"list\":true,\"params\":{},\"javaType\":\"Long\",\"queryType\":\"EQ\",\"columnType\":\"int(11)\",\"createBy\":\"admin\",\"isPk\":\"0\",\"createTime\":1646825005000,\"isEdit\":\"1\",\"tableId\":7,\"pk\":false,\"columnName\":\"store_id\"},{\"capJavaField\":\"PtypeId\",\"usableColumn\":false,\"columnId\":63,\"isIncrement\":\"0\",\"increment\":false,\"insert\":true,\"isList\":\"1\",\"dictType\":\"\",\"required\":true,\"superColumn\":false,\"updateBy\":\"\",\"isInsert\":\"1\",\"isRequired\":\"1\",\"javaField\":\"ptypeId\",\"htmlType\":\"select\",\"edit\":true,\"query\":true,\"columnComment\":\"工程类型ID\",\"isQuery\":\"1\",\"sort\":4,\"list\":true,\"params\":{},\"javaType\":\"Long\",\"queryType\":\"EQ\",\"columnTy', '{\"msg\":\"操作成功\",\"code\":200}', '0', null, '2022-03-09 19:27:00');
INSERT INTO `sys_oper_log` VALUES ('168', '代码生成', '8', 'com.ruoyi.generator.controller.GenController.batchGenCode()', 'GET', '1', 'admin', null, '/tool/gen/batchGenCode', '127.0.0.1', '内网IP', '{}', null, '0', null, '2022-03-09 19:27:05');
INSERT INTO `sys_oper_log` VALUES ('169', '菜单管理', '2', 'com.ruoyi.web.controller.system.SysMenuController.edit()', 'PUT', '1', 'admin', null, '/system/menu', '127.0.0.1', '内网IP', '{\"visible\":\"0\",\"icon\":\"skill\",\"orderNum\":1,\"menuName\":\"工程管理\",\"params\":{},\"parentId\":2006,\"isCache\":\"0\",\"path\":\"project\",\"component\":\"project/project/index\",\"children\":[],\"createTime\":1646825494000,\"updateBy\":\"admin\",\"isFrame\":\"1\",\"menuId\":2079,\"menuType\":\"C\",\"perms\":\"project:project:list\",\"status\":\"0\"}', '{\"msg\":\"操作成功\",\"code\":200}', '0', null, '2022-03-09 19:38:14');
INSERT INTO `sys_oper_log` VALUES ('170', '菜单管理', '2', 'com.ruoyi.web.controller.system.SysMenuController.edit()', 'PUT', '1', 'admin', null, '/system/menu', '127.0.0.1', '内网IP', '{\"visible\":\"0\",\"icon\":\"skill\",\"orderNum\":2,\"menuName\":\"项目管理\",\"params\":{},\"parentId\":0,\"isCache\":\"0\",\"path\":\"project\",\"children\":[],\"createTime\":1646707926000,\"updateBy\":\"admin\",\"isFrame\":\"1\",\"menuId\":2006,\"menuType\":\"M\",\"perms\":\"\",\"status\":\"0\"}', '{\"msg\":\"操作成功\",\"code\":200}', '0', null, '2022-03-09 19:38:37');
INSERT INTO `sys_oper_log` VALUES ('171', '菜单管理', '2', 'com.ruoyi.web.controller.system.SysMenuController.edit()', 'PUT', '1', 'admin', null, '/system/menu', '127.0.0.1', '内网IP', '{\"visible\":\"0\",\"icon\":\"dict\",\"orderNum\":1,\"menuName\":\"工程管理\",\"params\":{},\"parentId\":2006,\"isCache\":\"0\",\"path\":\"project\",\"component\":\"project/project/index\",\"children\":[],\"createTime\":1646825494000,\"updateBy\":\"admin\",\"isFrame\":\"1\",\"menuId\":2079,\"menuType\":\"C\",\"perms\":\"project:project:list\",\"status\":\"0\"}', '{\"msg\":\"操作成功\",\"code\":200}', '0', null, '2022-03-09 19:38:51');
INSERT INTO `sys_oper_log` VALUES ('172', '菜单管理', '1', 'com.ruoyi.web.controller.system.SysMenuController.add()', 'POST', '1', 'admin', null, '/system/menu', '127.0.0.1', '内网IP', '{\"visible\":\"0\",\"icon\":\"component\",\"orderNum\":3,\"menuName\":\"材料管理\",\"params\":{},\"parentId\":0,\"isCache\":\"0\",\"path\":\"material\",\"createBy\":\"admin\",\"children\":[],\"isFrame\":\"1\",\"menuType\":\"M\",\"status\":\"0\"}', '{\"msg\":\"操作成功\",\"code\":200}', '0', null, '2022-03-09 19:42:03');
INSERT INTO `sys_oper_log` VALUES ('173', '菜单管理', '1', 'com.ruoyi.web.controller.system.SysMenuController.add()', 'POST', '1', 'admin', null, '/system/menu', '127.0.0.1', '内网IP', '{\"visible\":\"0\",\"icon\":\"build\",\"orderNum\":4,\"menuName\":\"仓库管理\",\"params\":{},\"parentId\":0,\"isCache\":\"0\",\"path\":\"store\",\"createBy\":\"admin\",\"children\":[],\"isFrame\":\"1\",\"menuType\":\"M\",\"status\":\"0\"}', '{\"msg\":\"操作成功\",\"code\":200}', '0', null, '2022-03-09 19:43:08');
INSERT INTO `sys_oper_log` VALUES ('174', '菜单管理', '2', 'com.ruoyi.web.controller.system.SysMenuController.edit()', 'PUT', '1', 'admin', null, '/system/menu', '127.0.0.1', '内网IP', '{\"visible\":\"1\",\"query\":\"\",\"icon\":\"guide\",\"orderNum\":7,\"menuName\":\"若依官网\",\"params\":{},\"parentId\":0,\"isCache\":\"0\",\"path\":\"http://ruoyi.vip\",\"children\":[],\"createTime\":1646372268000,\"updateBy\":\"admin\",\"isFrame\":\"0\",\"menuId\":4,\"menuType\":\"M\",\"perms\":\"\",\"status\":\"0\"}', '{\"msg\":\"操作成功\",\"code\":200}', '0', null, '2022-03-09 19:43:17');
INSERT INTO `sys_oper_log` VALUES ('175', '菜单管理', '2', 'com.ruoyi.web.controller.system.SysMenuController.edit()', 'PUT', '1', 'admin', null, '/system/menu', '127.0.0.1', '内网IP', '{\"visible\":\"0\",\"query\":\"\",\"icon\":\"monitor\",\"orderNum\":8,\"menuName\":\"系统监控\",\"params\":{},\"parentId\":0,\"isCache\":\"0\",\"path\":\"monitor\",\"children\":[],\"createTime\":1646372267000,\"updateBy\":\"admin\",\"isFrame\":\"1\",\"menuId\":2,\"menuType\":\"M\",\"perms\":\"\",\"status\":\"0\"}', '{\"msg\":\"操作成功\",\"code\":200}', '0', null, '2022-03-09 19:43:31');
INSERT INTO `sys_oper_log` VALUES ('176', '菜单管理', '2', 'com.ruoyi.web.controller.system.SysMenuController.edit()', 'PUT', '1', 'admin', null, '/system/menu', '127.0.0.1', '内网IP', '{\"visible\":\"0\",\"icon\":\"component\",\"orderNum\":5,\"menuName\":\"材料管理\",\"params\":{},\"parentId\":0,\"isCache\":\"0\",\"path\":\"material\",\"children\":[],\"createTime\":1646826123000,\"updateBy\":\"admin\",\"isFrame\":\"1\",\"menuId\":2085,\"menuType\":\"M\",\"perms\":\"\",\"status\":\"0\"}', '{\"msg\":\"操作成功\",\"code\":200}', '0', null, '2022-03-09 19:43:39');
INSERT INTO `sys_oper_log` VALUES ('177', '菜单管理', '2', 'com.ruoyi.web.controller.system.SysMenuController.edit()', 'PUT', '1', 'admin', null, '/system/menu', '127.0.0.1', '内网IP', '{\"visible\":\"0\",\"icon\":\"shopping\",\"orderNum\":2,\"menuName\":\"采购管理\",\"params\":{},\"parentId\":2006,\"isCache\":\"0\",\"path\":\"purchase\",\"component\":\"project/purchase/index\",\"children\":[],\"createTime\":1646817055000,\"updateBy\":\"admin\",\"isFrame\":\"1\",\"menuId\":2073,\"menuType\":\"C\",\"perms\":\"project:purchase:list\",\"status\":\"0\"}', '{\"msg\":\"操作成功\",\"code\":200}', '0', null, '2022-03-09 19:44:01');
INSERT INTO `sys_oper_log` VALUES ('178', '菜单管理', '2', 'com.ruoyi.web.controller.system.SysMenuController.edit()', 'PUT', '1', 'admin', null, '/system/menu', '127.0.0.1', '内网IP', '{\"visible\":\"0\",\"query\":\"\",\"icon\":\"tool\",\"orderNum\":6,\"menuName\":\"系统工具\",\"params\":{},\"parentId\":0,\"isCache\":\"0\",\"path\":\"tool\",\"children\":[],\"createTime\":1646372267000,\"updateBy\":\"admin\",\"isFrame\":\"1\",\"menuId\":3,\"menuType\":\"M\",\"perms\":\"\",\"status\":\"0\"}', '{\"msg\":\"操作成功\",\"code\":200}', '0', null, '2022-03-09 19:44:16');
INSERT INTO `sys_oper_log` VALUES ('179', '代码生成', '6', 'com.ruoyi.generator.controller.GenController.importTableSave()', 'POST', '1', 'admin', null, '/tool/gen/importTable', '127.0.0.1', '内网IP', 'mms_store', '{\"msg\":\"操作成功\",\"code\":200}', '0', null, '2022-03-09 19:54:05');
INSERT INTO `sys_oper_log` VALUES ('180', '代码生成', '2', 'com.ruoyi.generator.controller.GenController.editSave()', 'PUT', '1', 'admin', null, '/tool/gen', '127.0.0.1', '内网IP', '{\"sub\":false,\"functionAuthor\":\"linyuting\",\"columns\":[{\"capJavaField\":\"StoreId\",\"usableColumn\":false,\"columnId\":79,\"isIncrement\":\"1\",\"increment\":true,\"insert\":true,\"dictType\":\"\",\"required\":false,\"superColumn\":false,\"updateBy\":\"\",\"isInsert\":\"1\",\"javaField\":\"storeId\",\"htmlType\":\"input\",\"edit\":false,\"query\":false,\"columnComment\":\"仓库ID\",\"sort\":1,\"list\":false,\"params\":{},\"javaType\":\"Long\",\"queryType\":\"EQ\",\"columnType\":\"int(11)\",\"createBy\":\"admin\",\"isPk\":\"1\",\"createTime\":1646826845000,\"tableId\":8,\"pk\":true,\"columnName\":\"store_id\"},{\"capJavaField\":\"StoreName\",\"usableColumn\":false,\"columnId\":80,\"isIncrement\":\"0\",\"increment\":false,\"insert\":true,\"isList\":\"1\",\"dictType\":\"\",\"required\":true,\"superColumn\":false,\"updateBy\":\"\",\"isInsert\":\"1\",\"isRequired\":\"1\",\"javaField\":\"storeName\",\"htmlType\":\"input\",\"edit\":true,\"query\":true,\"columnComment\":\"仓库名称\",\"isQuery\":\"1\",\"sort\":2,\"list\":true,\"params\":{},\"javaType\":\"String\",\"queryType\":\"LIKE\",\"columnType\":\"varchar(50)\",\"createBy\":\"admin\",\"isPk\":\"0\",\"createTime\":1646826845000,\"isEdit\":\"1\",\"tableId\":8,\"pk\":false,\"columnName\":\"store_name\"},{\"capJavaField\":\"UserId\",\"usableColumn\":false,\"columnId\":81,\"isIncrement\":\"0\",\"increment\":false,\"insert\":true,\"isList\":\"1\",\"dictType\":\"\",\"required\":true,\"superColumn\":false,\"updateBy\":\"\",\"isInsert\":\"1\",\"isRequired\":\"1\",\"javaField\":\"userId\",\"htmlType\":\"input\",\"edit\":true,\"query\":true,\"columnComment\":\"用户ID\",\"isQuery\":\"1\",\"sort\":3,\"list\":true,\"params\":{},\"javaType\":\"Long\",\"queryType\":\"EQ\",\"columnType\":\"bigint(20)\",\"createBy\":\"admin\",\"isPk\":\"0\",\"createTime\":1646826845000,\"isEdit\":\"1\",\"tableId\":8,\"pk\":false,\"columnName\":\"user_id\"},{\"capJavaField\":\"StorePhone\",\"usableColumn\":false,\"columnId\":82,\"isIncrement\":\"0\",\"increment\":false,\"insert\":true,\"isList\":\"1\",\"dictType\":\"\",\"required\":false,\"superColumn\":false,\"updateBy\":\"\",\"isInsert\":\"1\",\"javaField\":\"storePhone\",\"htmlType\":\"input\",\"edit\":true,\"query\":true,\"columnComment\":\"仓库电话\",\"isQuery\":\"1\",\"sort\":4,\"list\":true,\"params\":{},\"javaType\":\"String\",\"queryType\":\"EQ\",\"columnTy', '{\"msg\":\"操作成功\",\"code\":200}', '0', null, '2022-03-09 19:56:08');
INSERT INTO `sys_oper_log` VALUES ('181', '代码生成', '8', 'com.ruoyi.generator.controller.GenController.batchGenCode()', 'GET', '1', 'admin', null, '/tool/gen/batchGenCode', '127.0.0.1', '内网IP', '{}', null, '0', null, '2022-03-09 19:56:11');
INSERT INTO `sys_oper_log` VALUES ('182', '菜单管理', '2', 'com.ruoyi.web.controller.system.SysMenuController.edit()', 'PUT', '1', 'admin', null, '/system/menu', '127.0.0.1', '内网IP', '{\"visible\":\"0\",\"icon\":\"#\",\"orderNum\":1,\"menuName\":\"仓库管理\",\"params\":{},\"parentId\":2086,\"isCache\":\"0\",\"path\":\"store\",\"component\":\"store/store/index\",\"children\":[],\"createTime\":1646827089000,\"updateBy\":\"admin\",\"isFrame\":\"1\",\"menuId\":2087,\"menuType\":\"C\",\"perms\":\"store:store:list\",\"status\":\"0\"}', '{\"msg\":\"操作成功\",\"code\":200}', '0', null, '2022-03-09 20:12:13');
INSERT INTO `sys_oper_log` VALUES ('183', '菜单管理', '2', 'com.ruoyi.web.controller.system.SysMenuController.edit()', 'PUT', '1', 'admin', null, '/system/menu', '127.0.0.1', '内网IP', '{\"visible\":\"0\",\"icon\":\"build\",\"orderNum\":4,\"menuName\":\"存储管理\",\"params\":{},\"parentId\":0,\"isCache\":\"0\",\"path\":\"store\",\"children\":[],\"createTime\":1646826188000,\"updateBy\":\"admin\",\"isFrame\":\"1\",\"menuId\":2086,\"menuType\":\"M\",\"perms\":\"\",\"status\":\"0\"}', '{\"msg\":\"操作成功\",\"code\":200}', '0', null, '2022-03-09 20:12:23');
INSERT INTO `sys_oper_log` VALUES ('184', '菜单管理', '2', 'com.ruoyi.web.controller.system.SysMenuController.edit()', 'PUT', '1', 'admin', null, '/system/menu', '127.0.0.1', '内网IP', '{\"visible\":\"0\",\"icon\":\"build\",\"orderNum\":4,\"menuName\":\"存储管理\",\"params\":{},\"parentId\":0,\"isCache\":\"0\",\"path\":\"store\",\"children\":[],\"createTime\":1646826188000,\"updateBy\":\"admin\",\"isFrame\":\"1\",\"menuId\":2086,\"menuType\":\"M\",\"perms\":\"\",\"status\":\"0\"}', '{\"msg\":\"操作成功\",\"code\":200}', '0', null, '2022-03-09 20:12:24');
INSERT INTO `sys_oper_log` VALUES ('185', '菜单管理', '2', 'com.ruoyi.web.controller.system.SysMenuController.edit()', 'PUT', '1', 'admin', null, '/system/menu', '127.0.0.1', '内网IP', '{\"visible\":\"0\",\"icon\":\"table\",\"orderNum\":1,\"menuName\":\"仓库管理\",\"params\":{},\"parentId\":2086,\"isCache\":\"0\",\"path\":\"store\",\"component\":\"store/store/index\",\"children\":[],\"createTime\":1646827089000,\"updateBy\":\"admin\",\"isFrame\":\"1\",\"menuId\":2087,\"menuType\":\"C\",\"perms\":\"store:store:list\",\"status\":\"0\"}', '{\"msg\":\"操作成功\",\"code\":200}', '0', null, '2022-03-09 20:12:57');
INSERT INTO `sys_oper_log` VALUES ('186', '仓库', '1', 'com.ruoyi.web.controller.store.MmsStoreController.add()', 'POST', '1', 'admin', null, '/store/store', '127.0.0.1', '内网IP', '{\"params\":{},\"createTime\":1646828700865,\"storeAddress\":\"湖北省宜昌市西陵区大学路8号\",\"storePhone\":\"18972600465\",\"storeName\":\"1号仓库\",\"status\":\"0\"}', null, '1', '\r\n### Error updating database.  Cause: java.sql.SQLException: Field \'user_id\' doesn\'t have a default value\r\n### The error may exist in file [D:\\RuoYi-Vue-master\\ruoyi-store\\target\\classes\\mapper\\store\\MmsStoreMapper.xml]\r\n### The error may involve com.ruoyi.store.mapper.MmsStoreMapper.insertMmsStore-Inline\r\n### The error occurred while setting parameters\r\n### SQL: insert into mms_store          ( store_name,                          store_phone,             store_address,             status,                          create_time )           values ( ?,                          ?,             ?,             ?,                          ? )\r\n### Cause: java.sql.SQLException: Field \'user_id\' doesn\'t have a default value\n; Field \'user_id\' doesn\'t have a default value; nested exception is java.sql.SQLException: Field \'user_id\' doesn\'t have a default value', '2022-03-09 20:25:02');
INSERT INTO `sys_oper_log` VALUES ('187', '仓库', '1', 'com.ruoyi.web.controller.store.MmsStoreController.add()', 'POST', '1', 'admin', null, '/store/store', '127.0.0.1', '内网IP', '{\"params\":{},\"createTime\":1646828697750,\"storeAddress\":\"湖北省宜昌市西陵区大学路8号\",\"storePhone\":\"18972600465\",\"storeName\":\"1号仓库\",\"status\":\"0\"}', null, '1', '\r\n### Error updating database.  Cause: java.sql.SQLException: Field \'user_id\' doesn\'t have a default value\r\n### The error may exist in file [D:\\RuoYi-Vue-master\\ruoyi-store\\target\\classes\\mapper\\store\\MmsStoreMapper.xml]\r\n### The error may involve com.ruoyi.store.mapper.MmsStoreMapper.insertMmsStore-Inline\r\n### The error occurred while setting parameters\r\n### SQL: insert into mms_store          ( store_name,                          store_phone,             store_address,             status,                          create_time )           values ( ?,                          ?,             ?,             ?,                          ? )\r\n### Cause: java.sql.SQLException: Field \'user_id\' doesn\'t have a default value\n; Field \'user_id\' doesn\'t have a default value; nested exception is java.sql.SQLException: Field \'user_id\' doesn\'t have a default value', '2022-03-09 20:25:02');
INSERT INTO `sys_oper_log` VALUES ('188', '仓库', '1', 'com.ruoyi.web.controller.store.MmsStoreController.add()', 'POST', '1', 'admin', null, '/store/store', '127.0.0.1', '内网IP', '{\"params\":{},\"createTime\":1646828986438,\"storeAddress\":\"湖北省宜昌市西陵区大学路8号\",\"storePhone\":\"18972600465\",\"storeName\":\"1号仓库\",\"status\":\"0\"}', null, '1', '\r\n### Error updating database.  Cause: java.sql.SQLException: Field \'user_id\' doesn\'t have a default value\r\n### The error may exist in file [D:\\RuoYi-Vue-master\\ruoyi-store\\target\\classes\\mapper\\store\\MmsStoreMapper.xml]\r\n### The error may involve com.ruoyi.store.mapper.MmsStoreMapper.insertMmsStore-Inline\r\n### The error occurred while setting parameters\r\n### SQL: insert into mms_store          ( store_name,                          store_phone,             store_address,             status,                          create_time )           values ( ?,                          ?,             ?,             ?,                          ? )\r\n### Cause: java.sql.SQLException: Field \'user_id\' doesn\'t have a default value\n; Field \'user_id\' doesn\'t have a default value; nested exception is java.sql.SQLException: Field \'user_id\' doesn\'t have a default value', '2022-03-09 20:29:46');
INSERT INTO `sys_oper_log` VALUES ('189', '仓库', '1', 'com.ruoyi.web.controller.store.MmsStoreController.add()', 'POST', '1', 'admin', null, '/store/store', '127.0.0.1', '内网IP', '{\"params\":{},\"createTime\":1646829023640,\"storeAddress\":\"湖北省宜昌市西陵区大学路8号\",\"storePhone\":\"18928223343\",\"storeName\":\"1号仓库\",\"status\":\"0\"}', null, '1', '\r\n### Error updating database.  Cause: java.sql.SQLException: Field \'user_id\' doesn\'t have a default value\r\n### The error may exist in file [D:\\RuoYi-Vue-master\\ruoyi-store\\target\\classes\\mapper\\store\\MmsStoreMapper.xml]\r\n### The error may involve com.ruoyi.store.mapper.MmsStoreMapper.insertMmsStore-Inline\r\n### The error occurred while setting parameters\r\n### SQL: insert into mms_store          ( store_name,                          store_phone,             store_address,             status,                          create_time )           values ( ?,                          ?,             ?,             ?,                          ? )\r\n### Cause: java.sql.SQLException: Field \'user_id\' doesn\'t have a default value\n; Field \'user_id\' doesn\'t have a default value; nested exception is java.sql.SQLException: Field \'user_id\' doesn\'t have a default value', '2022-03-09 20:30:23');
INSERT INTO `sys_oper_log` VALUES ('190', '仓库', '1', 'com.ruoyi.web.controller.store.MmsStoreController.add()', 'POST', '1', 'admin', null, '/store/store', '127.0.0.1', '内网IP', '{\"params\":{},\"storeId\":1,\"userId\":100,\"createTime\":1646829556752,\"storeAddress\":\"湖北省宜昌市西陵区三峡大学\",\"storePhone\":\"15888888888\",\"storeName\":\"1号仓库\",\"status\":\"0\"}', '{\"msg\":\"操作成功\",\"code\":200}', '0', null, '2022-03-09 20:39:19');
INSERT INTO `sys_oper_log` VALUES ('191', '仓库', '1', 'com.ruoyi.web.controller.store.MmsStoreController.add()', 'POST', '1', 'admin', null, '/store/store', '127.0.0.1', '内网IP', '{\"params\":{},\"storeId\":3,\"userId\":1,\"createTime\":1646829963977,\"storeAddress\":\"湖北省宜昌市峡州大道旁\",\"storePhone\":\"15882828383\",\"storeName\":\"2号仓库\",\"status\":\"1\"}', '{\"msg\":\"操作成功\",\"code\":200}', '0', null, '2022-03-09 20:46:04');
INSERT INTO `sys_oper_log` VALUES ('192', '仓库', '1', 'com.ruoyi.web.controller.store.MmsStoreController.add()', 'POST', '1', 'admin', null, '/store/store', '127.0.0.1', '内网IP', '{\"params\":{},\"storeId\":2,\"userId\":1,\"createTime\":1646829946089,\"storeAddress\":\"湖北省宜昌市峡州大道旁\",\"storePhone\":\"15882828383\",\"storeName\":\"2号仓库\",\"status\":\"1\"}', '{\"msg\":\"操作成功\",\"code\":200}', '0', null, '2022-03-09 20:46:04');
INSERT INTO `sys_oper_log` VALUES ('193', '仓库', '1', 'com.ruoyi.web.controller.store.MmsStoreController.add()', 'POST', '1', 'admin', null, '/store/store', '127.0.0.1', '内网IP', '{\"params\":{},\"storeId\":4,\"userId\":1,\"createTime\":1646829993237,\"storeAddress\":\"湖北省宜昌市峡州大道旁\",\"storePhone\":\"15882828383\",\"storeName\":\"2号仓库\",\"status\":\"1\"}', '{\"msg\":\"操作成功\",\"code\":200}', '0', null, '2022-03-09 20:46:35');
INSERT INTO `sys_oper_log` VALUES ('194', '仓库', '3', 'com.ruoyi.web.controller.store.MmsStoreController.remove()', 'DELETE', '1', 'admin', null, '/store/store/4', '127.0.0.1', '内网IP', '{storeIds=4}', '{\"msg\":\"操作成功\",\"code\":200}', '0', null, '2022-03-09 20:46:46');
INSERT INTO `sys_oper_log` VALUES ('195', '仓库', '3', 'com.ruoyi.web.controller.store.MmsStoreController.remove()', 'DELETE', '1', 'admin', null, '/store/store/3', '127.0.0.1', '内网IP', '{storeIds=3}', '{\"msg\":\"操作成功\",\"code\":200}', '0', null, '2022-03-09 20:46:48');
INSERT INTO `sys_oper_log` VALUES ('196', '仓库', '2', 'com.ruoyi.web.controller.store.MmsStoreController.edit()', 'PUT', '1', 'admin', null, '/store/store', '127.0.0.1', '内网IP', '{\"updateTime\":1646830013908,\"params\":{},\"storeId\":1,\"userId\":100,\"createBy\":\"\",\"createTime\":1646829557000,\"storeAddress\":\"湖北省宜昌市西陵区三峡大学\",\"updateBy\":\"\",\"storePhone\":\"15888888888\",\"storeName\":\"1号仓库\",\"status\":\"0\"}', '{\"msg\":\"操作成功\",\"code\":200}', '0', null, '2022-03-09 20:46:54');
INSERT INTO `sys_oper_log` VALUES ('197', '仓库', '2', 'com.ruoyi.web.controller.store.MmsStoreController.edit()', 'PUT', '1', 'admin', null, '/store/store', '127.0.0.1', '内网IP', '{\"updateTime\":1646830216051,\"params\":{},\"storeId\":1,\"userId\":1,\"createBy\":\"\",\"createTime\":1646829557000,\"storeAddress\":\"湖北省宜昌市西陵区三峡大学\",\"updateBy\":\"\",\"storePhone\":\"15888888888\",\"storeName\":\"1号仓库\",\"status\":\"0\"}', '{\"msg\":\"操作成功\",\"code\":200}', '0', null, '2022-03-09 20:50:16');
INSERT INTO `sys_oper_log` VALUES ('198', '仓库', '1', 'com.ruoyi.web.controller.store.MmsStoreController.add()', 'POST', '1', 'admin', null, '/store/store', '127.0.0.1', '内网IP', '{\"params\":{},\"storeId\":5,\"userId\":1,\"createTime\":1646830320808,\"storeAddress\":\"湖北省枝江市马家店街道\",\"storePhone\":\"19829922323\",\"storeName\":\"3号仓库\",\"status\":\"0\"}', '{\"msg\":\"操作成功\",\"code\":200}', '0', null, '2022-03-09 20:52:01');
INSERT INTO `sys_oper_log` VALUES ('199', '用户管理', '1', 'com.ruoyi.web.controller.system.SysUserController.add()', 'POST', '1', 'admin', null, '/system/user', '127.0.0.1', '内网IP', '{\"phonenumber\":\"19898222322\",\"admin\":false,\"password\":\"$2a$10$hURHw88KiYA.hzS1tLMh/.3mxM8Bfb60tO8l5WZ7hDUkCbnQgYVpq\",\"postIds\":[4],\"email\":\"828289933@qq.com\",\"nickName\":\"林玉婷\",\"sex\":\"1\",\"deptId\":105,\"params\":{},\"userName\":\"林玉婷\",\"userId\":101,\"createBy\":\"admin\",\"roleIds\":[2],\"status\":\"0\"}', '{\"msg\":\"操作成功\",\"code\":200}', '0', null, '2022-03-09 20:56:27');
INSERT INTO `sys_oper_log` VALUES ('200', '用户管理', '1', 'com.ruoyi.web.controller.system.SysUserController.add()', 'POST', '1', 'admin', null, '/system/user', '127.0.0.1', '内网IP', '{\"phonenumber\":\"19898222322\",\"admin\":false,\"password\":\"$2a$10$5nl8uyR8i5KlUKEYJbcy/egiHQYWd9VnO4MP1q8A9xt6YjLe6VrdW\",\"postIds\":[4],\"email\":\"828289933@qq.com\",\"nickName\":\"林玉婷\",\"sex\":\"1\",\"deptId\":105,\"params\":{},\"userName\":\"林玉婷\",\"userId\":102,\"createBy\":\"admin\",\"roleIds\":[2],\"status\":\"0\"}', '{\"msg\":\"操作成功\",\"code\":200}', '0', null, '2022-03-09 20:56:27');
INSERT INTO `sys_oper_log` VALUES ('201', '用户管理', '3', 'com.ruoyi.web.controller.system.SysUserController.remove()', 'DELETE', '1', 'admin', null, '/system/user/102', '127.0.0.1', '内网IP', '{userIds=102}', '{\"msg\":\"操作成功\",\"code\":200}', '0', null, '2022-03-09 20:56:44');
INSERT INTO `sys_oper_log` VALUES ('202', '用户管理', '2', 'com.ruoyi.web.controller.system.SysUserController.edit()', 'PUT', '1', 'admin', null, '/system/user', '127.0.0.1', '内网IP', '{\"roles\":[{\"flag\":false,\"roleId\":2,\"admin\":false,\"dataScope\":\"2\",\"params\":{},\"roleSort\":\"2\",\"deptCheckStrictly\":false,\"menuCheckStrictly\":false,\"roleKey\":\"common\",\"roleName\":\"普通角色\",\"status\":\"0\"}],\"phonenumber\":\"19898222322\",\"admin\":false,\"delFlag\":\"0\",\"password\":\"\",\"updateBy\":\"admin\",\"postIds\":[4],\"loginIp\":\"\",\"email\":\"828289933@qq.com\",\"nickName\":\"tingting\",\"sex\":\"1\",\"deptId\":105,\"avatar\":\"\",\"dept\":{\"deptName\":\"仓管部门\",\"leader\":\"若依\",\"deptId\":105,\"orderNum\":\"3\",\"params\":{},\"parentId\":101,\"children\":[],\"status\":\"0\"},\"params\":{},\"userName\":\"林玉婷\",\"userId\":101,\"createBy\":\"admin\",\"roleIds\":[2],\"createTime\":1646830585000,\"status\":\"0\"}', '{\"msg\":\"操作成功\",\"code\":200}', '0', null, '2022-03-09 20:57:10');
INSERT INTO `sys_oper_log` VALUES ('203', '用户管理', '2', 'com.ruoyi.web.controller.system.SysUserController.changeStatus()', 'PUT', '1', 'admin', null, '/system/user/changeStatus', '127.0.0.1', '内网IP', '{\"admin\":false,\"updateBy\":\"admin\",\"params\":{},\"userId\":101,\"status\":\"1\"}', '{\"msg\":\"操作成功\",\"code\":200}', '0', null, '2022-03-09 21:06:09');
INSERT INTO `sys_oper_log` VALUES ('204', '用户管理', '2', 'com.ruoyi.web.controller.system.SysUserController.changeStatus()', 'PUT', '1', 'admin', null, '/system/user/changeStatus', '127.0.0.1', '内网IP', '{\"admin\":false,\"updateBy\":\"admin\",\"params\":{},\"userId\":101,\"status\":\"0\"}', '{\"msg\":\"操作成功\",\"code\":200}', '0', null, '2022-03-09 21:06:10');
INSERT INTO `sys_oper_log` VALUES ('205', '代码生成', '6', 'com.ruoyi.generator.controller.GenController.importTableSave()', 'POST', '1', 'admin', null, '/tool/gen/importTable', '127.0.0.1', '内网IP', 'mms_material', '{\"msg\":\"操作成功\",\"code\":200}', '0', null, '2022-03-09 21:20:09');
INSERT INTO `sys_oper_log` VALUES ('206', '代码生成', '3', 'com.ruoyi.generator.controller.GenController.remove()', 'DELETE', '1', 'admin', null, '/tool/gen/9', '127.0.0.1', '内网IP', '{tableIds=9}', '{\"msg\":\"操作成功\",\"code\":200}', '0', null, '2022-03-09 21:21:44');
INSERT INTO `sys_oper_log` VALUES ('207', '代码生成', '6', 'com.ruoyi.generator.controller.GenController.importTableSave()', 'POST', '1', 'admin', null, '/tool/gen/importTable', '127.0.0.1', '内网IP', 'mms_project_type', '{\"msg\":\"操作成功\",\"code\":200}', '0', null, '2022-03-09 21:22:40');
INSERT INTO `sys_oper_log` VALUES ('208', '代码生成', '2', 'com.ruoyi.generator.controller.GenController.editSave()', 'PUT', '1', 'admin', null, '/tool/gen', '127.0.0.1', '内网IP', '{\"sub\":false,\"functionAuthor\":\"linyuting\",\"columns\":[{\"capJavaField\":\"Id\",\"usableColumn\":false,\"columnId\":101,\"isIncrement\":\"1\",\"increment\":true,\"insert\":true,\"dictType\":\"\",\"required\":false,\"superColumn\":false,\"updateBy\":\"\",\"isInsert\":\"1\",\"javaField\":\"id\",\"htmlType\":\"input\",\"edit\":false,\"query\":false,\"columnComment\":\"项目类型ID\",\"sort\":1,\"list\":false,\"params\":{},\"javaType\":\"Long\",\"queryType\":\"EQ\",\"columnType\":\"int(11)\",\"createBy\":\"admin\",\"isPk\":\"1\",\"createTime\":1646832159000,\"tableId\":10,\"pk\":true,\"columnName\":\"id\"},{\"capJavaField\":\"TypeName\",\"usableColumn\":false,\"columnId\":102,\"isIncrement\":\"0\",\"increment\":false,\"insert\":true,\"isList\":\"1\",\"dictType\":\"\",\"required\":true,\"superColumn\":false,\"updateBy\":\"\",\"isInsert\":\"1\",\"isRequired\":\"1\",\"javaField\":\"typeName\",\"htmlType\":\"input\",\"edit\":true,\"query\":true,\"columnComment\":\"类别名称\",\"isQuery\":\"1\",\"sort\":2,\"list\":true,\"params\":{},\"javaType\":\"String\",\"queryType\":\"LIKE\",\"columnType\":\"varchar(50)\",\"createBy\":\"admin\",\"isPk\":\"0\",\"createTime\":1646832159000,\"isEdit\":\"1\",\"tableId\":10,\"pk\":false,\"columnName\":\"type_name\"}],\"businessName\":\"ptype\",\"moduleName\":\"project\",\"className\":\"MmsProjectType\",\"tableName\":\"mms_project_type\",\"crud\":true,\"options\":\"{\\\"parentMenuId\\\":2006}\",\"genType\":\"0\",\"packageName\":\"com.ruoyi.project\",\"functionName\":\"项目类型\",\"tree\":false,\"tableComment\":\"项目类型表\",\"params\":{\"parentMenuId\":2006},\"tplCategory\":\"crud\",\"parentMenuId\":\"2006\",\"tableId\":10,\"genPath\":\"/\"}', '{\"msg\":\"操作成功\",\"code\":200}', '0', null, '2022-03-09 21:23:39');
INSERT INTO `sys_oper_log` VALUES ('209', '代码生成', '8', 'com.ruoyi.generator.controller.GenController.batchGenCode()', 'GET', '1', 'admin', null, '/tool/gen/batchGenCode', '127.0.0.1', '内网IP', '{}', null, '0', null, '2022-03-09 21:23:46');
INSERT INTO `sys_oper_log` VALUES ('210', '项目类型', '1', 'com.ruoyi.project.controller.MmsProjectTypeController.add()', 'POST', '1', 'admin', null, '/project/ptype', '127.0.0.1', '内网IP', '{\"typeName\":\"水利水电工程项目\",\"id\":1,\"params\":{}}', '{\"msg\":\"操作成功\",\"code\":200}', '0', null, '2022-03-09 21:36:56');
INSERT INTO `sys_oper_log` VALUES ('211', '菜单管理', '2', 'com.ruoyi.web.controller.system.SysMenuController.edit()', 'PUT', '1', 'admin', null, '/system/menu', '127.0.0.1', '内网IP', '{\"visible\":\"0\",\"icon\":\"tab\",\"orderNum\":1,\"menuName\":\"项目类型\",\"params\":{},\"parentId\":2006,\"isCache\":\"0\",\"path\":\"ptype\",\"component\":\"project/ptype/index\",\"children\":[],\"createTime\":1646832462000,\"updateBy\":\"admin\",\"isFrame\":\"1\",\"menuId\":2093,\"menuType\":\"C\",\"perms\":\"project:ptype:list\",\"status\":\"0\"}', '{\"msg\":\"操作成功\",\"code\":200}', '0', null, '2022-03-09 21:37:33');
INSERT INTO `sys_oper_log` VALUES ('212', '菜单管理', '2', 'com.ruoyi.web.controller.system.SysMenuController.edit()', 'PUT', '1', 'admin', null, '/system/menu', '127.0.0.1', '内网IP', '{\"visible\":\"0\",\"icon\":\"tab\",\"orderNum\":3,\"menuName\":\"项目类型\",\"params\":{},\"parentId\":2006,\"isCache\":\"0\",\"path\":\"ptype\",\"component\":\"project/ptype/index\",\"children\":[],\"createTime\":1646832462000,\"updateBy\":\"admin\",\"isFrame\":\"1\",\"menuId\":2093,\"menuType\":\"C\",\"perms\":\"project:ptype:list\",\"status\":\"0\"}', '{\"msg\":\"操作成功\",\"code\":200}', '0', null, '2022-03-09 21:37:40');
INSERT INTO `sys_oper_log` VALUES ('213', '代码生成', '6', 'com.ruoyi.generator.controller.GenController.importTableSave()', 'POST', '1', 'admin', null, '/tool/gen/importTable', '127.0.0.1', '内网IP', 'purchase,purchase_status', '{\"msg\":\"操作成功\",\"code\":200}', '0', null, '2022-03-10 10:53:54');
INSERT INTO `sys_oper_log` VALUES ('214', '代码生成', '2', 'com.ruoyi.generator.controller.GenController.editSave()', 'PUT', '1', 'admin', null, '/tool/gen', '127.0.0.1', '内网IP', '{\"sub\":false,\"functionAuthor\":\"linyuting\",\"columns\":[{\"capJavaField\":\"PurId\",\"usableColumn\":false,\"columnId\":103,\"isIncrement\":\"1\",\"increment\":true,\"insert\":true,\"dictType\":\"\",\"required\":false,\"superColumn\":false,\"updateBy\":\"\",\"isInsert\":\"1\",\"javaField\":\"purId\",\"htmlType\":\"input\",\"edit\":false,\"query\":false,\"columnComment\":\"采购申请编号\",\"sort\":1,\"list\":false,\"params\":{},\"javaType\":\"Long\",\"queryType\":\"EQ\",\"columnType\":\"int(11)\",\"createBy\":\"admin\",\"isPk\":\"1\",\"createTime\":1646880834000,\"tableId\":11,\"pk\":true,\"columnName\":\"pur_id\"},{\"capJavaField\":\"PurName\",\"usableColumn\":false,\"columnId\":104,\"isIncrement\":\"0\",\"increment\":false,\"insert\":true,\"isList\":\"1\",\"dictType\":\"\",\"required\":true,\"superColumn\":false,\"updateBy\":\"\",\"isInsert\":\"1\",\"isRequired\":\"1\",\"javaField\":\"purName\",\"htmlType\":\"input\",\"edit\":true,\"query\":true,\"columnComment\":\"申请名称\",\"isQuery\":\"1\",\"sort\":2,\"list\":true,\"params\":{},\"javaType\":\"String\",\"queryType\":\"LIKE\",\"columnType\":\"varchar(50)\",\"createBy\":\"admin\",\"isPk\":\"0\",\"createTime\":1646880834000,\"isEdit\":\"1\",\"tableId\":11,\"pk\":false,\"columnName\":\"pur_name\"},{\"capJavaField\":\"PurDate\",\"usableColumn\":false,\"columnId\":105,\"isIncrement\":\"0\",\"increment\":false,\"insert\":true,\"isList\":\"1\",\"dictType\":\"\",\"required\":false,\"superColumn\":false,\"updateBy\":\"\",\"isInsert\":\"1\",\"javaField\":\"purDate\",\"htmlType\":\"datetime\",\"edit\":true,\"query\":true,\"columnComment\":\"申请日期\",\"isQuery\":\"1\",\"sort\":3,\"list\":true,\"params\":{},\"javaType\":\"Date\",\"queryType\":\"EQ\",\"columnType\":\"timestamp\",\"createBy\":\"admin\",\"isPk\":\"0\",\"createTime\":1646880834000,\"isEdit\":\"1\",\"tableId\":11,\"pk\":false,\"columnName\":\"pur_date\"},{\"capJavaField\":\"PutypeId\",\"usableColumn\":false,\"columnId\":106,\"isIncrement\":\"0\",\"increment\":false,\"insert\":true,\"isList\":\"1\",\"dictType\":\"mms_pur_status\",\"required\":true,\"superColumn\":false,\"updateBy\":\"\",\"isInsert\":\"1\",\"isRequired\":\"1\",\"javaField\":\"putypeId\",\"htmlType\":\"radio\",\"edit\":true,\"query\":true,\"columnComment\":\"申请状态\",\"isQuery\":\"1\",\"sort\":4,\"list\":true,\"params\":{},\"javaType\":\"Long\",\"queryType\":\"EQ\"', '{\"msg\":\"操作成功\",\"code\":200}', '0', null, '2022-03-10 10:55:09');
INSERT INTO `sys_oper_log` VALUES ('215', '代码生成', '2', 'com.ruoyi.generator.controller.GenController.editSave()', 'PUT', '1', 'admin', null, '/tool/gen', '127.0.0.1', '内网IP', '{\"sub\":false,\"functionAuthor\":\"linyuting\",\"columns\":[{\"capJavaField\":\"Id\",\"usableColumn\":false,\"columnId\":108,\"isIncrement\":\"1\",\"increment\":true,\"insert\":true,\"dictType\":\"\",\"required\":false,\"superColumn\":false,\"updateBy\":\"\",\"isInsert\":\"1\",\"javaField\":\"id\",\"htmlType\":\"input\",\"edit\":false,\"query\":false,\"columnComment\":\"编号\",\"sort\":1,\"list\":false,\"params\":{},\"javaType\":\"Long\",\"queryType\":\"EQ\",\"columnType\":\"int(11)\",\"createBy\":\"admin\",\"isPk\":\"1\",\"createTime\":1646880834000,\"tableId\":12,\"pk\":true,\"columnName\":\"id\"},{\"capJavaField\":\"StatusName\",\"usableColumn\":false,\"columnId\":109,\"isIncrement\":\"0\",\"increment\":false,\"insert\":true,\"isList\":\"1\",\"dictType\":\"\",\"required\":true,\"superColumn\":false,\"updateBy\":\"\",\"isInsert\":\"1\",\"isRequired\":\"1\",\"javaField\":\"statusName\",\"htmlType\":\"input\",\"edit\":true,\"query\":true,\"columnComment\":\"状态名称\",\"isQuery\":\"1\",\"sort\":2,\"list\":true,\"params\":{},\"javaType\":\"String\",\"queryType\":\"LIKE\",\"columnType\":\"varchar(50)\",\"createBy\":\"admin\",\"isPk\":\"0\",\"createTime\":1646880834000,\"isEdit\":\"1\",\"tableId\":12,\"pk\":false,\"columnName\":\"status_name\"}],\"businessName\":\"status\",\"moduleName\":\"project\",\"className\":\"PurchaseStatus\",\"tableName\":\"purchase_status\",\"crud\":true,\"options\":\"{}\",\"genType\":\"0\",\"packageName\":\"com.ruoyi.project\",\"functionName\":\"采购申请状态\",\"tree\":false,\"tableComment\":\"采购申请状态表\",\"params\":{},\"tplCategory\":\"crud\",\"tableId\":12,\"genPath\":\"/\"}', '{\"msg\":\"操作成功\",\"code\":200}', '0', null, '2022-03-10 10:55:23');
INSERT INTO `sys_oper_log` VALUES ('216', '代码生成', '3', 'com.ruoyi.generator.controller.GenController.remove()', 'DELETE', '1', 'admin', null, '/tool/gen/11', '127.0.0.1', '内网IP', '{tableIds=11}', '{\"msg\":\"操作成功\",\"code\":200}', '0', null, '2022-03-10 10:55:45');
INSERT INTO `sys_oper_log` VALUES ('217', '代码生成', '6', 'com.ruoyi.generator.controller.GenController.importTableSave()', 'POST', '1', 'admin', null, '/tool/gen/importTable', '127.0.0.1', '内网IP', 'purchase', '{\"msg\":\"操作成功\",\"code\":200}', '0', null, '2022-03-10 10:55:49');
INSERT INTO `sys_oper_log` VALUES ('218', '代码生成', '2', 'com.ruoyi.generator.controller.GenController.editSave()', 'PUT', '1', 'admin', null, '/tool/gen', '127.0.0.1', '内网IP', '{\"sub\":false,\"functionAuthor\":\"linyuting\",\"columns\":[{\"capJavaField\":\"PurId\",\"usableColumn\":false,\"columnId\":110,\"isIncrement\":\"1\",\"increment\":true,\"insert\":true,\"dictType\":\"\",\"required\":false,\"superColumn\":false,\"updateBy\":\"\",\"isInsert\":\"1\",\"javaField\":\"purId\",\"htmlType\":\"input\",\"edit\":false,\"query\":false,\"columnComment\":\"采购申请编号\",\"sort\":1,\"list\":false,\"params\":{},\"javaType\":\"Long\",\"queryType\":\"EQ\",\"columnType\":\"int(11)\",\"createBy\":\"admin\",\"isPk\":\"1\",\"createTime\":1646880948000,\"tableId\":13,\"pk\":true,\"columnName\":\"pur_id\"},{\"capJavaField\":\"PurName\",\"usableColumn\":false,\"columnId\":111,\"isIncrement\":\"0\",\"increment\":false,\"insert\":true,\"isList\":\"1\",\"dictType\":\"\",\"required\":true,\"superColumn\":false,\"updateBy\":\"\",\"isInsert\":\"1\",\"isRequired\":\"1\",\"javaField\":\"purName\",\"htmlType\":\"input\",\"edit\":true,\"query\":true,\"columnComment\":\"申请名称\",\"isQuery\":\"1\",\"sort\":2,\"list\":true,\"params\":{},\"javaType\":\"String\",\"queryType\":\"LIKE\",\"columnType\":\"varchar(50)\",\"createBy\":\"admin\",\"isPk\":\"0\",\"createTime\":1646880948000,\"isEdit\":\"1\",\"tableId\":13,\"pk\":false,\"columnName\":\"pur_name\"},{\"capJavaField\":\"PurDate\",\"usableColumn\":false,\"columnId\":112,\"isIncrement\":\"0\",\"increment\":false,\"insert\":true,\"isList\":\"1\",\"dictType\":\"\",\"required\":false,\"superColumn\":false,\"updateBy\":\"\",\"isInsert\":\"1\",\"javaField\":\"purDate\",\"htmlType\":\"datetime\",\"edit\":true,\"query\":true,\"columnComment\":\"申请日期\",\"isQuery\":\"1\",\"sort\":3,\"list\":true,\"params\":{},\"javaType\":\"Date\",\"queryType\":\"EQ\",\"columnType\":\"timestamp\",\"createBy\":\"admin\",\"isPk\":\"0\",\"createTime\":1646880948000,\"isEdit\":\"1\",\"tableId\":13,\"pk\":false,\"columnName\":\"pur_date\"},{\"capJavaField\":\"PutypeId\",\"usableColumn\":false,\"columnId\":113,\"isIncrement\":\"0\",\"increment\":false,\"insert\":true,\"isList\":\"1\",\"dictType\":\"\",\"required\":true,\"superColumn\":false,\"updateBy\":\"\",\"isInsert\":\"1\",\"isRequired\":\"1\",\"javaField\":\"putypeId\",\"htmlType\":\"input\",\"edit\":true,\"query\":true,\"columnComment\":\"申请状态\",\"isQuery\":\"1\",\"sort\":4,\"list\":true,\"params\":{},\"javaType\":\"Long\",\"queryType\":\"EQ\",\"columnType\":', '{\"msg\":\"操作成功\",\"code\":200}', '0', null, '2022-03-10 10:56:43');
INSERT INTO `sys_oper_log` VALUES ('219', '代码生成', '2', 'com.ruoyi.generator.controller.GenController.editSave()', 'PUT', '1', 'admin', null, '/tool/gen', '127.0.0.1', '内网IP', '{\"sub\":false,\"functionAuthor\":\"linyuting\",\"columns\":[{\"capJavaField\":\"Id\",\"usableColumn\":false,\"columnId\":108,\"isIncrement\":\"1\",\"increment\":true,\"insert\":true,\"dictType\":\"\",\"required\":false,\"superColumn\":false,\"updateBy\":\"\",\"isInsert\":\"1\",\"javaField\":\"id\",\"htmlType\":\"input\",\"edit\":false,\"query\":false,\"columnComment\":\"编号\",\"updateTime\":1646880923000,\"sort\":1,\"list\":false,\"params\":{},\"javaType\":\"Long\",\"queryType\":\"EQ\",\"columnType\":\"int(11)\",\"createBy\":\"admin\",\"isPk\":\"1\",\"createTime\":1646880834000,\"tableId\":12,\"pk\":true,\"columnName\":\"id\"},{\"capJavaField\":\"StatusName\",\"usableColumn\":false,\"columnId\":109,\"isIncrement\":\"0\",\"increment\":false,\"insert\":true,\"isList\":\"1\",\"dictType\":\"\",\"required\":true,\"superColumn\":false,\"updateBy\":\"\",\"isInsert\":\"1\",\"isRequired\":\"1\",\"javaField\":\"statusName\",\"htmlType\":\"input\",\"edit\":true,\"query\":true,\"columnComment\":\"状态名称\",\"isQuery\":\"1\",\"updateTime\":1646880923000,\"sort\":2,\"list\":true,\"params\":{},\"javaType\":\"String\",\"queryType\":\"LIKE\",\"columnType\":\"varchar(50)\",\"createBy\":\"admin\",\"isPk\":\"0\",\"createTime\":1646880834000,\"isEdit\":\"1\",\"tableId\":12,\"pk\":false,\"columnName\":\"status_name\"}],\"businessName\":\"statustest\",\"moduleName\":\"project\",\"className\":\"PurchaseStatus\",\"tableName\":\"purchase_status\",\"crud\":true,\"options\":\"{\\\"parentMenuId\\\":2006}\",\"genType\":\"0\",\"packageName\":\"com.ruoyi.project\",\"functionName\":\"采购申请状态\",\"tree\":false,\"tableComment\":\"采购申请状态表\",\"params\":{\"parentMenuId\":2006},\"tplCategory\":\"crud\",\"parentMenuId\":\"2006\",\"tableId\":12,\"genPath\":\"/\"}', '{\"msg\":\"操作成功\",\"code\":200}', '0', null, '2022-03-10 10:57:02');
INSERT INTO `sys_oper_log` VALUES ('220', '代码生成', '8', 'com.ruoyi.generator.controller.GenController.batchGenCode()', 'GET', '1', 'admin', null, '/tool/gen/batchGenCode', '127.0.0.1', '内网IP', '{}', null, '0', null, '2022-03-10 10:57:11');
INSERT INTO `sys_oper_log` VALUES ('221', '菜单管理', '1', 'com.ruoyi.web.controller.system.SysMenuController.add()', 'POST', '1', 'admin', null, '/system/menu', '10.98.27.79', '内网IP', '{\"visible\":\"0\",\"icon\":\"table\",\"orderNum\":1,\"menuName\":\"project\",\"params\":{},\"parentId\":0,\"isCache\":\"0\",\"path\":\"project\",\"createBy\":\"admin\",\"children\":[],\"isFrame\":\"1\",\"menuType\":\"M\",\"status\":\"0\"}', '{\"msg\":\"操作成功\",\"code\":200}', '0', null, '2022-03-16 18:58:11');
INSERT INTO `sys_oper_log` VALUES ('222', '菜单管理', '2', 'com.ruoyi.web.controller.system.SysMenuController.edit()', 'PUT', '1', 'admin', null, '/system/menu', '10.98.27.79', '内网IP', '{\"visible\":\"0\",\"icon\":\"table\",\"orderNum\":1,\"menuName\":\"项目管理\",\"params\":{},\"parentId\":0,\"isCache\":\"0\",\"path\":\"project\",\"children\":[],\"createTime\":1647428291000,\"updateBy\":\"admin\",\"isFrame\":\"1\",\"menuId\":2099,\"menuType\":\"M\",\"perms\":\"\",\"status\":\"0\"}', '{\"msg\":\"操作成功\",\"code\":200}', '0', null, '2022-03-16 18:58:28');
INSERT INTO `sys_oper_log` VALUES ('223', '菜单管理', '2', 'com.ruoyi.web.controller.system.SysMenuController.edit()', 'PUT', '1', 'admin', null, '/system/menu', '10.98.27.79', '内网IP', '{\"visible\":\"0\",\"icon\":\"table\",\"orderNum\":2,\"menuName\":\"项目管理\",\"params\":{},\"parentId\":0,\"isCache\":\"0\",\"path\":\"project\",\"children\":[],\"createTime\":1647428291000,\"updateBy\":\"admin\",\"isFrame\":\"1\",\"menuId\":2099,\"menuType\":\"M\",\"perms\":\"\",\"status\":\"0\"}', '{\"msg\":\"操作成功\",\"code\":200}', '0', null, '2022-03-16 18:58:38');
INSERT INTO `sys_oper_log` VALUES ('224', '菜单管理', '2', 'com.ruoyi.web.controller.system.SysMenuController.edit()', 'PUT', '1', 'admin', null, '/system/menu', '10.98.27.79', '内网IP', '{\"visible\":\"0\",\"icon\":\"job\",\"orderNum\":2,\"menuName\":\"项目管理\",\"params\":{},\"parentId\":0,\"isCache\":\"0\",\"path\":\"project\",\"children\":[],\"createTime\":1647428291000,\"updateBy\":\"admin\",\"isFrame\":\"1\",\"menuId\":2099,\"menuType\":\"M\",\"perms\":\"\",\"status\":\"0\"}', '{\"msg\":\"操作成功\",\"code\":200}', '0', null, '2022-03-16 19:03:53');
INSERT INTO `sys_oper_log` VALUES ('225', '代码生成', '3', 'com.ruoyi.generator.controller.GenController.remove()', 'DELETE', '1', 'admin', null, '/tool/gen/3,6,7,8,10,12,13', '10.98.27.79', '内网IP', '{tableIds=3,6,7,8,10,12,13}', '{\"msg\":\"操作成功\",\"code\":200}', '0', null, '2022-03-16 19:11:07');
INSERT INTO `sys_oper_log` VALUES ('226', '代码生成', '6', 'com.ruoyi.generator.controller.GenController.importTableSave()', 'POST', '1', 'admin', null, '/tool/gen/importTable', '10.98.27.79', '内网IP', 'mms_project,mms_project_type', '{\"msg\":\"操作成功\",\"code\":200}', '0', null, '2022-03-16 19:11:15');
INSERT INTO `sys_oper_log` VALUES ('227', '代码生成', '2', 'com.ruoyi.generator.controller.GenController.editSave()', 'PUT', '1', 'admin', null, '/tool/gen', '10.98.27.79', '内网IP', '{\"sub\":true,\"subTableName\":\"mms_project_type\",\"functionAuthor\":\"linyuting\",\"columns\":[{\"capJavaField\":\"ProId\",\"usableColumn\":false,\"columnId\":115,\"isIncrement\":\"1\",\"increment\":true,\"insert\":true,\"dictType\":\"\",\"required\":false,\"superColumn\":false,\"updateBy\":\"\",\"isInsert\":\"1\",\"javaField\":\"proId\",\"htmlType\":\"input\",\"edit\":false,\"query\":false,\"columnComment\":\"项目ID\",\"sort\":1,\"list\":false,\"params\":{},\"javaType\":\"Long\",\"queryType\":\"EQ\",\"columnType\":\"int(11)\",\"createBy\":\"admin\",\"isPk\":\"1\",\"createTime\":1647429074000,\"tableId\":14,\"pk\":true,\"columnName\":\"pro_id\"},{\"capJavaField\":\"ProName\",\"usableColumn\":false,\"columnId\":116,\"isIncrement\":\"0\",\"increment\":false,\"insert\":true,\"isList\":\"1\",\"dictType\":\"\",\"required\":true,\"superColumn\":false,\"updateBy\":\"\",\"isInsert\":\"1\",\"isRequired\":\"1\",\"javaField\":\"proName\",\"htmlType\":\"input\",\"edit\":true,\"query\":true,\"columnComment\":\"项目名称\",\"isQuery\":\"1\",\"sort\":2,\"list\":true,\"params\":{},\"javaType\":\"String\",\"queryType\":\"LIKE\",\"columnType\":\"varchar(50)\",\"createBy\":\"admin\",\"isPk\":\"0\",\"createTime\":1647429074000,\"isEdit\":\"1\",\"tableId\":14,\"pk\":false,\"columnName\":\"pro_name\"},{\"capJavaField\":\"PtypeId\",\"usableColumn\":false,\"columnId\":117,\"isIncrement\":\"0\",\"increment\":false,\"insert\":true,\"isList\":\"1\",\"dictType\":\"\",\"required\":true,\"superColumn\":false,\"updateBy\":\"\",\"isInsert\":\"1\",\"isRequired\":\"1\",\"javaField\":\"ptypeId\",\"htmlType\":\"select\",\"edit\":true,\"query\":true,\"columnComment\":\"工程类型ID\",\"isQuery\":\"1\",\"sort\":3,\"list\":true,\"params\":{},\"javaType\":\"Long\",\"queryType\":\"EQ\",\"columnType\":\"int(11)\",\"createBy\":\"admin\",\"isPk\":\"0\",\"createTime\":1647429074000,\"isEdit\":\"1\",\"tableId\":14,\"pk\":false,\"columnName\":\"ptype_id\"},{\"capJavaField\":\"ProArea\",\"usableColumn\":false,\"columnId\":118,\"isIncrement\":\"0\",\"increment\":false,\"insert\":true,\"isList\":\"1\",\"dictType\":\"\",\"required\":true,\"superColumn\":false,\"updateBy\":\"\",\"isInsert\":\"1\",\"isRequired\":\"1\",\"javaField\":\"proArea\",\"htmlType\":\"input\",\"edit\":true,\"query\":true,\"columnComment\":\"工程面积\",\"isQuery\":\"1\",\"sort\":4,\"list\":true,\"params\":{},\"java', '{\"msg\":\"操作成功\",\"code\":200}', '0', null, '2022-03-16 19:12:44');
INSERT INTO `sys_oper_log` VALUES ('228', '代码生成', '8', 'com.ruoyi.generator.controller.GenController.batchGenCode()', 'GET', '1', 'admin', null, '/tool/gen/batchGenCode', '10.98.27.79', '内网IP', '{}', null, '0', null, '2022-03-16 19:12:50');
INSERT INTO `sys_oper_log` VALUES ('229', '代码生成', '8', 'com.ruoyi.generator.controller.GenController.batchGenCode()', 'GET', '1', 'admin', null, '/tool/gen/batchGenCode', '10.98.27.79', '内网IP', '{}', null, '0', null, '2022-03-16 19:13:09');
INSERT INTO `sys_oper_log` VALUES ('230', '项目', '1', 'com.ruoyi.project.controller.MmsProjectController.add()', 'POST', '1', 'admin', null, '/project/project', '127.0.0.1', '内网IP', '{\"proArea\":10000,\"proAddress\":\"湖北省宜昌市\",\"mmsProjectTypeList\":[{\"typeName\":\"水利水电工程\",\"params\":{}}],\"params\":{},\"userId\":1,\"createTime\":1647430153757,\"proName\":\"1号工程\",\"status\":\"0\"}', null, '1', '\r\n### Error updating database.  Cause: java.sql.SQLIntegrityConstraintViolationException: Cannot add or update a child row: a foreign key constraint fails (`ry-vue`.`mms_project`, CONSTRAINT `mms_project_ibfk_1` FOREIGN KEY (`ptype_id`) REFERENCES `mms_project_type` (`id`))\r\n### The error may exist in file [D:\\RuoYi-Vue-master\\ruoyi-project\\target\\classes\\mapper\\project\\MmsProjectMapper.xml]\r\n### The error may involve com.ruoyi.project.mapper.MmsProjectMapper.insertMmsProject-Inline\r\n### The error occurred while setting parameters\r\n### SQL: insert into mms_project          ( pro_name,                          pro_area,                                       pro_address,                          user_id,             status,                                                                              create_time )           values ( ?,                          ?,                                       ?,                          ?,             ?,                                                                              ? )\r\n### Cause: java.sql.SQLIntegrityConstraintViolationException: Cannot add or update a child row: a foreign key constraint fails (`ry-vue`.`mms_project`, CONSTRAINT `mms_project_ibfk_1` FOREIGN KEY (`ptype_id`) REFERENCES `mms_project_type` (`id`))\n; Cannot add or update a child row: a foreign key constraint fails (`ry-vue`.`mms_project`, CONSTRAINT `mms_project_ibfk_1` FOREIGN KEY (`ptype_id`) REFERENCES `mms_project_type` (`id`)); nested exception is java.sql.SQLIntegrityConstraintViolationException: Cannot add or update a child row: a foreign key constraint fails (`ry-vue`.`mms_project`, CONSTRAINT `mms_project_ibfk_1` FOREIGN KEY (`ptype_id`) REFERENCES `mms_project_type` (`id`))', '2022-03-16 19:29:14');
INSERT INTO `sys_oper_log` VALUES ('231', '代码生成', '2', 'com.ruoyi.generator.controller.GenController.editSave()', 'PUT', '1', 'admin', null, '/tool/gen', '127.0.0.1', '内网IP', '{\"sub\":false,\"subTableName\":\"\",\"functionAuthor\":\"linyuting\",\"columns\":[{\"capJavaField\":\"ProId\",\"usableColumn\":false,\"columnId\":115,\"isIncrement\":\"1\",\"increment\":true,\"insert\":true,\"dictType\":\"\",\"required\":false,\"superColumn\":false,\"updateBy\":\"\",\"isInsert\":\"1\",\"javaField\":\"proId\",\"htmlType\":\"input\",\"edit\":false,\"query\":false,\"columnComment\":\"项目ID\",\"updateTime\":1647429164000,\"sort\":1,\"list\":false,\"params\":{},\"javaType\":\"Long\",\"queryType\":\"EQ\",\"columnType\":\"int(11)\",\"createBy\":\"admin\",\"isPk\":\"1\",\"createTime\":1647429074000,\"tableId\":14,\"pk\":true,\"columnName\":\"pro_id\"},{\"capJavaField\":\"ProName\",\"usableColumn\":false,\"columnId\":116,\"isIncrement\":\"0\",\"increment\":false,\"insert\":true,\"isList\":\"1\",\"dictType\":\"\",\"required\":true,\"superColumn\":false,\"updateBy\":\"\",\"isInsert\":\"1\",\"isRequired\":\"1\",\"javaField\":\"proName\",\"htmlType\":\"input\",\"edit\":true,\"query\":true,\"columnComment\":\"项目名称\",\"isQuery\":\"1\",\"updateTime\":1647429164000,\"sort\":2,\"list\":true,\"params\":{},\"javaType\":\"String\",\"queryType\":\"LIKE\",\"columnType\":\"varchar(50)\",\"createBy\":\"admin\",\"isPk\":\"0\",\"createTime\":1647429074000,\"isEdit\":\"1\",\"tableId\":14,\"pk\":false,\"columnName\":\"pro_name\"},{\"capJavaField\":\"PtypeId\",\"usableColumn\":false,\"columnId\":117,\"isIncrement\":\"0\",\"increment\":false,\"insert\":true,\"isList\":\"1\",\"dictType\":\"\",\"required\":true,\"superColumn\":false,\"updateBy\":\"\",\"isInsert\":\"1\",\"isRequired\":\"1\",\"javaField\":\"ptypeId\",\"htmlType\":\"select\",\"edit\":true,\"query\":true,\"columnComment\":\"工程类型ID\",\"isQuery\":\"1\",\"updateTime\":1647429164000,\"sort\":3,\"list\":true,\"params\":{},\"javaType\":\"Long\",\"queryType\":\"EQ\",\"columnType\":\"int(11)\",\"createBy\":\"admin\",\"isPk\":\"0\",\"createTime\":1647429074000,\"isEdit\":\"1\",\"tableId\":14,\"pk\":false,\"columnName\":\"ptype_id\"},{\"capJavaField\":\"ProArea\",\"usableColumn\":false,\"columnId\":118,\"isIncrement\":\"0\",\"increment\":false,\"insert\":true,\"isList\":\"1\",\"dictType\":\"\",\"required\":true,\"superColumn\":false,\"updateBy\":\"\",\"isInsert\":\"1\",\"isRequired\":\"1\",\"javaField\":\"proArea\",\"htmlType\":\"input\",\"edit\":true,\"query\":true,\"columnCo', '{\"msg\":\"操作成功\",\"code\":200}', '0', null, '2022-03-16 21:37:21');
INSERT INTO `sys_oper_log` VALUES ('232', '代码生成', '2', 'com.ruoyi.generator.controller.GenController.editSave()', 'PUT', '1', 'admin', null, '/tool/gen', '127.0.0.1', '内网IP', '{\"sub\":false,\"functionAuthor\":\"linyuting\",\"columns\":[{\"capJavaField\":\"Id\",\"usableColumn\":false,\"columnId\":133,\"isIncrement\":\"1\",\"increment\":true,\"insert\":true,\"dictType\":\"\",\"required\":false,\"superColumn\":false,\"updateBy\":\"\",\"isInsert\":\"1\",\"javaField\":\"id\",\"htmlType\":\"input\",\"edit\":false,\"query\":false,\"columnComment\":\"项目类型ID\",\"sort\":1,\"list\":false,\"params\":{},\"javaType\":\"Long\",\"queryType\":\"EQ\",\"columnType\":\"int(11)\",\"createBy\":\"admin\",\"isPk\":\"1\",\"createTime\":1647429074000,\"tableId\":15,\"pk\":true,\"columnName\":\"id\"},{\"capJavaField\":\"TypeName\",\"usableColumn\":false,\"columnId\":134,\"isIncrement\":\"0\",\"increment\":false,\"insert\":true,\"isList\":\"1\",\"dictType\":\"\",\"required\":true,\"superColumn\":false,\"updateBy\":\"\",\"isInsert\":\"1\",\"isRequired\":\"1\",\"javaField\":\"typeName\",\"htmlType\":\"input\",\"edit\":true,\"query\":true,\"columnComment\":\"类别名称\",\"isQuery\":\"1\",\"sort\":2,\"list\":true,\"params\":{},\"javaType\":\"String\",\"queryType\":\"LIKE\",\"columnType\":\"varchar(50)\",\"createBy\":\"admin\",\"isPk\":\"0\",\"createTime\":1647429074000,\"isEdit\":\"1\",\"tableId\":15,\"pk\":false,\"columnName\":\"type_name\"}],\"businessName\":\"type\",\"moduleName\":\"project\",\"className\":\"MmsProjectType\",\"tableName\":\"mms_project_type\",\"crud\":true,\"options\":\"{\\\"parentMenuId\\\":2099}\",\"genType\":\"0\",\"packageName\":\"com.ruoyi.project\",\"functionName\":\"项目类型\",\"tree\":false,\"tableComment\":\"项目类型表\",\"params\":{\"parentMenuId\":2099},\"tplCategory\":\"crud\",\"parentMenuId\":\"2099\",\"tableId\":15,\"genPath\":\"/\"}', '{\"msg\":\"操作成功\",\"code\":200}', '0', null, '2022-03-16 21:37:53');
INSERT INTO `sys_oper_log` VALUES ('233', '代码生成', '8', 'com.ruoyi.generator.controller.GenController.batchGenCode()', 'GET', '1', 'admin', null, '/tool/gen/batchGenCode', '127.0.0.1', '内网IP', '{}', null, '0', null, '2022-03-16 21:38:03');
INSERT INTO `sys_oper_log` VALUES ('234', '代码生成', '8', 'com.ruoyi.generator.controller.GenController.batchGenCode()', 'GET', '1', 'admin', null, '/tool/gen/batchGenCode', '127.0.0.1', '内网IP', '{}', null, '0', null, '2022-03-16 21:38:03');
INSERT INTO `sys_oper_log` VALUES ('235', '菜单管理', '2', 'com.ruoyi.web.controller.system.SysMenuController.edit()', 'PUT', '1', 'admin', null, '/system/menu', '127.0.0.1', '内网IP', '{\"visible\":\"0\",\"icon\":\"#\",\"orderNum\":2,\"menuName\":\"项目立项\",\"params\":{},\"parentId\":2099,\"isCache\":\"0\",\"path\":\"project\",\"component\":\"project/project/index\",\"children\":[],\"createTime\":1647438004000,\"updateBy\":\"admin\",\"isFrame\":\"1\",\"menuId\":2112,\"menuType\":\"C\",\"perms\":\"project:project:list\",\"status\":\"0\"}', '{\"msg\":\"操作成功\",\"code\":200}', '0', null, '2022-03-16 22:06:39');
INSERT INTO `sys_oper_log` VALUES ('236', '项目类型', '1', 'com.ruoyi.project.controller.MmsProjectTypeController.add()', 'POST', '1', 'admin', null, '/project/type', '127.0.0.1', '内网IP', '{\"typeName\":\"水利水电工程\",\"id\":1,\"params\":{}}', '{\"msg\":\"操作成功\",\"code\":200}', '0', null, '2022-03-16 22:36:12');
INSERT INTO `sys_oper_log` VALUES ('237', '代码生成', '2', 'com.ruoyi.generator.controller.GenController.editSave()', 'PUT', '1', 'admin', null, '/tool/gen', '127.0.0.1', '内网IP', '{\"sub\":false,\"subTableName\":\"\",\"functionAuthor\":\"linyuting\",\"columns\":[{\"capJavaField\":\"ProId\",\"usableColumn\":false,\"columnId\":115,\"isIncrement\":\"1\",\"increment\":true,\"insert\":true,\"dictType\":\"\",\"required\":false,\"superColumn\":false,\"updateBy\":\"\",\"isInsert\":\"1\",\"javaField\":\"proId\",\"htmlType\":\"input\",\"edit\":false,\"query\":false,\"columnComment\":\"项目ID\",\"updateTime\":1647437841000,\"sort\":1,\"list\":false,\"params\":{},\"javaType\":\"Long\",\"queryType\":\"EQ\",\"columnType\":\"int(11)\",\"createBy\":\"admin\",\"isPk\":\"1\",\"createTime\":1647429074000,\"tableId\":14,\"pk\":true,\"columnName\":\"pro_id\"},{\"capJavaField\":\"ProName\",\"usableColumn\":false,\"columnId\":116,\"isIncrement\":\"0\",\"increment\":false,\"insert\":true,\"isList\":\"1\",\"dictType\":\"\",\"required\":true,\"superColumn\":false,\"updateBy\":\"\",\"isInsert\":\"1\",\"isRequired\":\"1\",\"javaField\":\"proName\",\"htmlType\":\"input\",\"edit\":true,\"query\":true,\"columnComment\":\"项目名称\",\"isQuery\":\"1\",\"updateTime\":1647437841000,\"sort\":2,\"list\":true,\"params\":{},\"javaType\":\"String\",\"queryType\":\"LIKE\",\"columnType\":\"varchar(50)\",\"createBy\":\"admin\",\"isPk\":\"0\",\"createTime\":1647429074000,\"isEdit\":\"1\",\"tableId\":14,\"pk\":false,\"columnName\":\"pro_name\"},{\"capJavaField\":\"PtypeId\",\"usableColumn\":false,\"columnId\":117,\"isIncrement\":\"0\",\"increment\":false,\"insert\":true,\"isList\":\"1\",\"dictType\":\"\",\"required\":true,\"superColumn\":false,\"updateBy\":\"\",\"isInsert\":\"1\",\"isRequired\":\"1\",\"javaField\":\"ptypeId\",\"htmlType\":\"select\",\"edit\":true,\"query\":true,\"columnComment\":\"工程类型ID\",\"isQuery\":\"1\",\"updateTime\":1647437841000,\"sort\":3,\"list\":true,\"params\":{},\"javaType\":\"Long\",\"queryType\":\"EQ\",\"columnType\":\"int(11)\",\"createBy\":\"admin\",\"isPk\":\"0\",\"createTime\":1647429074000,\"isEdit\":\"1\",\"tableId\":14,\"pk\":false,\"columnName\":\"ptype_id\"},{\"capJavaField\":\"ProArea\",\"usableColumn\":false,\"columnId\":118,\"isIncrement\":\"0\",\"increment\":false,\"insert\":true,\"isList\":\"1\",\"dictType\":\"\",\"required\":true,\"superColumn\":false,\"updateBy\":\"\",\"isInsert\":\"1\",\"isRequired\":\"1\",\"javaField\":\"proArea\",\"htmlType\":\"input\",\"edit\":true,\"query\":true,\"columnCo', '{\"msg\":\"操作成功\",\"code\":200}', '0', null, '2022-03-16 22:37:38');
INSERT INTO `sys_oper_log` VALUES ('238', '代码生成', '8', 'com.ruoyi.generator.controller.GenController.batchGenCode()', 'GET', '1', 'admin', null, '/tool/gen/batchGenCode', '127.0.0.1', '内网IP', '{}', null, '0', null, '2022-03-16 22:37:42');
INSERT INTO `sys_oper_log` VALUES ('239', '项目类型', '1', 'com.ruoyi.web.controller.project.MmsProjectTypeController.add()', 'POST', '1', 'admin', null, '/project/type', '127.0.0.1', '内网IP', '{\"typeName\":\"水电站工程\",\"id\":2,\"params\":{}}', '{\"msg\":\"操作成功\",\"code\":200}', '0', null, '2022-03-17 17:29:26');
INSERT INTO `sys_oper_log` VALUES ('240', '项目类型', '1', 'com.ruoyi.web.controller.project.MmsProjectTypeController.add()', 'POST', '1', 'admin', null, '/project/type', '127.0.0.1', '内网IP', '{\"typeName\":\"桥梁工程\",\"id\":3,\"params\":{}}', '{\"msg\":\"操作成功\",\"code\":200}', '0', null, '2022-03-17 17:29:55');
INSERT INTO `sys_oper_log` VALUES ('241', '项目立项', '1', 'com.ruoyi.web.controller.project.MmsProjectController.add()', 'POST', '1', 'admin', null, '/project/project', '127.0.0.1', '内网IP', '{\"taxWay\":\"0\",\"proArea\":200000,\"proAddress\":\"湖北宜昌\",\"params\":{},\"ptypeId\":3,\"createTime\":1647510332138,\"proName\":\"2号\",\"status\":\"0\"}', null, '1', '\r\n### Error updating database.  Cause: java.sql.SQLException: Field \'user_id\' doesn\'t have a default value\r\n### The error may exist in file [D:\\RuoYi-Vue-master\\ruoyi-project\\target\\classes\\mapper\\project\\MmsProjectMapper.xml]\r\n### The error may involve com.ruoyi.project.mapper.MmsProjectMapper.insertMmsProject-Inline\r\n### The error occurred while setting parameters\r\n### SQL: insert into mms_project          ( pro_name,             ptype_id,             pro_area,                                       pro_address,                                       status,                                                    tax_way,                          create_time )           values ( ?,             ?,             ?,                                       ?,                                       ?,                                                    ?,                          ? )\r\n### Cause: java.sql.SQLException: Field \'user_id\' doesn\'t have a default value\n; Field \'user_id\' doesn\'t have a default value; nested exception is java.sql.SQLException: Field \'user_id\' doesn\'t have a default value', '2022-03-17 17:45:32');
INSERT INTO `sys_oper_log` VALUES ('242', '项目立项', '1', 'com.ruoyi.web.controller.project.MmsProjectController.add()', 'POST', '1', 'admin', null, '/project/project', '127.0.0.1', '内网IP', '{\"taxWay\":\"0\",\"endDate\":1647964800000,\"proArea\":200000,\"proAddress\":\"湖北省宜昌市\",\"params\":{},\"ptypeId\":2,\"userId\":1,\"createTime\":1647510759568,\"proId\":2,\"proName\":\"宜昌2号水电工程\",\"proNote\":\"暂无\",\"startDate\":1647446400000,\"status\":\"0\"}', '{\"msg\":\"操作成功\",\"code\":200}', '0', null, '2022-03-17 17:52:39');
INSERT INTO `sys_oper_log` VALUES ('243', '项目立项', '2', 'com.ruoyi.web.controller.project.MmsProjectController.edit()', 'PUT', '1', 'admin', null, '/project/project', '127.0.0.1', '内网IP', '{\"taxWay\":\"0\",\"endDate\":1647964800000,\"proArea\":200000,\"projectType\":{\"typeName\":\"水电站工程\",\"id\":2,\"params\":{}},\"proAddress\":\"湖北省宜昌市\",\"updateTime\":1647517361284,\"params\":{},\"ptypeId\":2,\"proPhone\":\"\",\"userId\":1,\"createBy\":\"\",\"createTime\":1647510760000,\"updateBy\":\"\",\"proId\":2,\"proUnit\":\"湖北水电局\",\"supervisionUnit\":\"\",\"proName\":\"宜昌2号水电工程\",\"proNote\":\"暂无\",\"user\":{\"phonenumber\":\"15888888888\",\"admin\":true,\"email\":\"ry@163.com\",\"nickName\":\"若依\",\"sex\":\"1\",\"params\":{},\"userName\":\"admin\",\"userId\":1},\"startDate\":1647446400000,\"status\":\"0\"}', '{\"msg\":\"操作成功\",\"code\":200}', '0', null, '2022-03-17 19:42:41');
INSERT INTO `sys_oper_log` VALUES ('244', '项目立项', '2', 'com.ruoyi.web.controller.project.MmsProjectController.edit()', 'PUT', '1', 'admin', null, '/project/project', '127.0.0.1', '内网IP', '{\"taxWay\":\"0\",\"endDate\":1649347200000,\"proArea\":1000000,\"projectType\":{\"typeName\":\"水利水电工程\",\"id\":1,\"params\":{}},\"proAddress\":\"湖北省宜昌市西陵区\",\"updateTime\":1647517442825,\"params\":{},\"ptypeId\":1,\"proPhone\":\"\",\"userId\":1,\"createBy\":\"\",\"updateBy\":\"\",\"proId\":1,\"proUnit\":\"湖北省水电局\",\"supervisionUnit\":\"\",\"proName\":\"宜昌1号水利水电工程\",\"proNote\":\"\",\"user\":{\"phonenumber\":\"15888888888\",\"admin\":true,\"email\":\"ry@163.com\",\"nickName\":\"林玉婷\",\"sex\":\"1\",\"params\":{},\"userName\":\"admin\",\"userId\":1},\"startDate\":1646150400000,\"status\":\"0\"}', '{\"msg\":\"操作成功\",\"code\":200}', '0', null, '2022-03-17 19:44:03');
INSERT INTO `sys_oper_log` VALUES ('245', '菜单管理', '2', 'com.ruoyi.web.controller.system.SysMenuController.edit()', 'PUT', '1', 'admin', null, '/system/menu', '127.0.0.1', '内网IP', '{\"visible\":\"0\",\"icon\":\"post\",\"orderNum\":1,\"menuName\":\"项目类型\",\"params\":{},\"parentId\":2099,\"isCache\":\"0\",\"path\":\"type\",\"component\":\"project/type/index\",\"children\":[],\"createTime\":1647437967000,\"updateBy\":\"admin\",\"isFrame\":\"1\",\"menuId\":2106,\"menuType\":\"C\",\"perms\":\"project:type:list\",\"status\":\"0\"}', '{\"msg\":\"操作成功\",\"code\":200}', '0', null, '2022-03-17 19:46:02');
INSERT INTO `sys_oper_log` VALUES ('246', '菜单管理', '2', 'com.ruoyi.web.controller.system.SysMenuController.edit()', 'PUT', '1', 'admin', null, '/system/menu', '127.0.0.1', '内网IP', '{\"visible\":\"0\",\"icon\":\"form\",\"orderNum\":2,\"menuName\":\"项目立项\",\"params\":{},\"parentId\":2099,\"isCache\":\"0\",\"path\":\"project\",\"component\":\"project/project/index\",\"children\":[],\"createTime\":1647438004000,\"updateBy\":\"admin\",\"isFrame\":\"1\",\"menuId\":2112,\"menuType\":\"C\",\"perms\":\"project:project:list\",\"status\":\"0\"}', '{\"msg\":\"操作成功\",\"code\":200}', '0', null, '2022-03-17 19:46:21');
INSERT INTO `sys_oper_log` VALUES ('247', '项目立项', '5', 'com.ruoyi.web.controller.project.MmsProjectController.export()', 'POST', '1', 'admin', null, '/project/project/export', '127.0.0.1', '内网IP', '{\"params\":{}}', null, '0', null, '2022-03-17 19:48:12');
INSERT INTO `sys_oper_log` VALUES ('248', '项目立项', '1', 'com.ruoyi.web.controller.project.MmsProjectController.add()', 'POST', '1', 'admin', null, '/project/project', '127.0.0.1', '内网IP', '{\"taxWay\":\"0\",\"proArea\":2323,\"proAddress\":\"湖北\",\"params\":{},\"ptypeId\":3,\"userId\":1,\"createTime\":1647518148530,\"proId\":3,\"proName\":\"s\"}', '{\"msg\":\"操作成功\",\"code\":200}', '0', null, '2022-03-17 19:55:48');
INSERT INTO `sys_oper_log` VALUES ('249', '项目立项', '3', 'com.ruoyi.web.controller.project.MmsProjectController.remove()', 'DELETE', '1', 'admin', null, '/project/project/3', '127.0.0.1', '内网IP', '{proIds=3}', '{\"msg\":\"操作成功\",\"code\":200}', '0', null, '2022-03-17 19:55:56');
INSERT INTO `sys_oper_log` VALUES ('250', '项目立项', '1', 'com.ruoyi.web.controller.project.MmsProjectController.add()', 'POST', '1', 'admin', null, '/project/project', '127.0.0.1', '内网IP', '{\"taxWay\":\"0\",\"endDate\":1647446400000,\"proArea\":300000,\"proAddress\":\"湖北宜昌\",\"params\":{},\"ptypeId\":2,\"userId\":1,\"createTime\":1647518388848,\"proId\":4,\"proName\":\"宜昌3号水利水电工程\",\"startDate\":1646668800000,\"status\":\"2\"}', '{\"msg\":\"操作成功\",\"code\":200}', '0', null, '2022-03-17 19:59:49');
INSERT INTO `sys_oper_log` VALUES ('251', '代码生成', '6', 'com.ruoyi.generator.controller.GenController.importTableSave()', 'POST', '1', 'admin', null, '/tool/gen/importTable', '127.0.0.1', '内网IP', 'sys_user', '{\"msg\":\"操作成功\",\"code\":200}', '0', null, '2022-03-17 20:06:25');
INSERT INTO `sys_oper_log` VALUES ('252', '代码生成', '6', 'com.ruoyi.generator.controller.GenController.importTableSave()', 'POST', '1', 'admin', null, '/tool/gen/importTable', '127.0.0.1', '内网IP', 'mms_store', '{\"msg\":\"操作成功\",\"code\":200}', '0', null, '2022-03-17 20:06:33');
INSERT INTO `sys_oper_log` VALUES ('253', '代码生成', '2', 'com.ruoyi.generator.controller.GenController.editSave()', 'PUT', '1', 'admin', null, '/tool/gen', '127.0.0.1', '内网IP', '{\"sub\":false,\"functionAuthor\":\"linyuting\",\"columns\":[{\"capJavaField\":\"StoreId\",\"usableColumn\":false,\"columnId\":154,\"isIncrement\":\"1\",\"increment\":true,\"insert\":true,\"dictType\":\"\",\"required\":false,\"superColumn\":false,\"updateBy\":\"\",\"isInsert\":\"1\",\"javaField\":\"storeId\",\"htmlType\":\"input\",\"edit\":false,\"query\":false,\"columnComment\":\"仓库ID\",\"sort\":1,\"list\":false,\"params\":{},\"javaType\":\"Long\",\"queryType\":\"EQ\",\"columnType\":\"int(11)\",\"createBy\":\"admin\",\"isPk\":\"1\",\"createTime\":1647518792000,\"tableId\":17,\"pk\":true,\"columnName\":\"store_id\"},{\"capJavaField\":\"ProId\",\"usableColumn\":false,\"columnId\":155,\"isIncrement\":\"0\",\"increment\":false,\"insert\":true,\"isList\":\"1\",\"dictType\":\"\",\"required\":true,\"superColumn\":false,\"updateBy\":\"\",\"isInsert\":\"1\",\"isRequired\":\"1\",\"javaField\":\"proId\",\"htmlType\":\"input\",\"edit\":true,\"query\":true,\"columnComment\":\"项目ID\",\"isQuery\":\"1\",\"sort\":2,\"list\":true,\"params\":{},\"javaType\":\"Long\",\"queryType\":\"EQ\",\"columnType\":\"int(11)\",\"createBy\":\"admin\",\"isPk\":\"0\",\"createTime\":1647518792000,\"isEdit\":\"1\",\"tableId\":17,\"pk\":false,\"columnName\":\"pro_id\"},{\"capJavaField\":\"StoreName\",\"usableColumn\":false,\"columnId\":156,\"isIncrement\":\"0\",\"increment\":false,\"insert\":true,\"isList\":\"1\",\"dictType\":\"\",\"required\":true,\"superColumn\":false,\"updateBy\":\"\",\"isInsert\":\"1\",\"isRequired\":\"1\",\"javaField\":\"storeName\",\"htmlType\":\"input\",\"edit\":true,\"query\":true,\"columnComment\":\"仓库名称\",\"isQuery\":\"1\",\"sort\":3,\"list\":true,\"params\":{},\"javaType\":\"String\",\"queryType\":\"LIKE\",\"columnType\":\"varchar(50)\",\"createBy\":\"admin\",\"isPk\":\"0\",\"createTime\":1647518792000,\"isEdit\":\"1\",\"tableId\":17,\"pk\":false,\"columnName\":\"store_name\"},{\"capJavaField\":\"UserId\",\"usableColumn\":false,\"columnId\":157,\"isIncrement\":\"0\",\"increment\":false,\"insert\":true,\"isList\":\"1\",\"dictType\":\"\",\"required\":true,\"superColumn\":false,\"updateBy\":\"\",\"isInsert\":\"1\",\"isRequired\":\"1\",\"javaField\":\"userId\",\"htmlType\":\"input\",\"edit\":true,\"query\":true,\"columnComment\":\"用户ID\",\"isQuery\":\"1\",\"sort\":4,\"list\":true,\"params\":{},\"javaType\":\"Long\",\"queryType\":\"EQ\",\"c', '{\"msg\":\"操作成功\",\"code\":200}', '0', null, '2022-03-17 20:26:03');
INSERT INTO `sys_oper_log` VALUES ('254', '菜单管理', '1', 'com.ruoyi.web.controller.system.SysMenuController.add()', 'POST', '1', 'admin', null, '/system/menu', '127.0.0.1', '内网IP', '{\"visible\":\"0\",\"icon\":\"log\",\"orderNum\":3,\"menuName\":\"仓库管理\",\"params\":{},\"parentId\":0,\"isCache\":\"0\",\"path\":\"store\",\"createBy\":\"admin\",\"children\":[],\"isFrame\":\"1\",\"menuType\":\"M\",\"status\":\"0\"}', '{\"msg\":\"操作成功\",\"code\":200}', '0', null, '2022-03-17 20:26:51');
INSERT INTO `sys_oper_log` VALUES ('255', '代码生成', '2', 'com.ruoyi.generator.controller.GenController.editSave()', 'PUT', '1', 'admin', null, '/tool/gen', '127.0.0.1', '内网IP', '{\"sub\":false,\"functionAuthor\":\"linyuting\",\"columns\":[{\"capJavaField\":\"StoreId\",\"usableColumn\":false,\"columnId\":154,\"isIncrement\":\"1\",\"increment\":true,\"insert\":true,\"dictType\":\"\",\"required\":false,\"superColumn\":false,\"updateBy\":\"\",\"isInsert\":\"1\",\"javaField\":\"storeId\",\"htmlType\":\"input\",\"edit\":false,\"query\":false,\"columnComment\":\"仓库ID\",\"updateTime\":1647519963000,\"sort\":1,\"list\":false,\"params\":{},\"javaType\":\"Long\",\"queryType\":\"EQ\",\"columnType\":\"int(11)\",\"createBy\":\"admin\",\"isPk\":\"1\",\"createTime\":1647518792000,\"tableId\":17,\"pk\":true,\"columnName\":\"store_id\"},{\"capJavaField\":\"ProId\",\"usableColumn\":false,\"columnId\":155,\"isIncrement\":\"0\",\"increment\":false,\"insert\":true,\"isList\":\"1\",\"dictType\":\"\",\"required\":true,\"superColumn\":false,\"updateBy\":\"\",\"isInsert\":\"1\",\"isRequired\":\"1\",\"javaField\":\"proId\",\"htmlType\":\"input\",\"edit\":true,\"query\":true,\"columnComment\":\"项目ID\",\"isQuery\":\"1\",\"updateTime\":1647519963000,\"sort\":2,\"list\":true,\"params\":{},\"javaType\":\"Long\",\"queryType\":\"EQ\",\"columnType\":\"int(11)\",\"createBy\":\"admin\",\"isPk\":\"0\",\"createTime\":1647518792000,\"isEdit\":\"1\",\"tableId\":17,\"pk\":false,\"columnName\":\"pro_id\"},{\"capJavaField\":\"StoreName\",\"usableColumn\":false,\"columnId\":156,\"isIncrement\":\"0\",\"increment\":false,\"insert\":true,\"isList\":\"1\",\"dictType\":\"\",\"required\":true,\"superColumn\":false,\"updateBy\":\"\",\"isInsert\":\"1\",\"isRequired\":\"1\",\"javaField\":\"storeName\",\"htmlType\":\"input\",\"edit\":true,\"query\":true,\"columnComment\":\"仓库名称\",\"isQuery\":\"1\",\"updateTime\":1647519963000,\"sort\":3,\"list\":true,\"params\":{},\"javaType\":\"String\",\"queryType\":\"LIKE\",\"columnType\":\"varchar(50)\",\"createBy\":\"admin\",\"isPk\":\"0\",\"createTime\":1647518792000,\"isEdit\":\"1\",\"tableId\":17,\"pk\":false,\"columnName\":\"store_name\"},{\"capJavaField\":\"UserId\",\"usableColumn\":false,\"columnId\":157,\"isIncrement\":\"0\",\"increment\":false,\"insert\":true,\"isList\":\"1\",\"dictType\":\"\",\"required\":true,\"superColumn\":false,\"updateBy\":\"\",\"isInsert\":\"1\",\"isRequired\":\"1\",\"javaField\":\"userId\",\"htmlType\":\"input\",\"edit\":true,\"query\":true,\"columnComment\":\"用户ID\",\"is', '{\"msg\":\"操作成功\",\"code\":200}', '0', null, '2022-03-17 20:27:17');
INSERT INTO `sys_oper_log` VALUES ('256', '代码生成', '2', 'com.ruoyi.generator.controller.GenController.editSave()', 'PUT', '1', 'admin', null, '/tool/gen', '127.0.0.1', '内网IP', '{\"sub\":true,\"subTableName\":\"sys_user\",\"functionAuthor\":\"linyuting\",\"columns\":[{\"capJavaField\":\"StoreId\",\"usableColumn\":false,\"columnId\":154,\"isIncrement\":\"1\",\"increment\":true,\"insert\":true,\"dictType\":\"\",\"required\":false,\"superColumn\":false,\"updateBy\":\"\",\"isInsert\":\"1\",\"javaField\":\"storeId\",\"htmlType\":\"input\",\"edit\":false,\"query\":false,\"columnComment\":\"仓库ID\",\"updateTime\":1647520037000,\"sort\":1,\"list\":false,\"params\":{},\"javaType\":\"Long\",\"queryType\":\"EQ\",\"columnType\":\"int(11)\",\"createBy\":\"admin\",\"isPk\":\"1\",\"createTime\":1647518792000,\"tableId\":17,\"pk\":true,\"columnName\":\"store_id\"},{\"capJavaField\":\"ProId\",\"usableColumn\":false,\"columnId\":155,\"isIncrement\":\"0\",\"increment\":false,\"insert\":true,\"isList\":\"1\",\"dictType\":\"\",\"required\":true,\"superColumn\":false,\"updateBy\":\"\",\"isInsert\":\"1\",\"isRequired\":\"1\",\"javaField\":\"proId\",\"htmlType\":\"input\",\"edit\":true,\"query\":true,\"columnComment\":\"项目ID\",\"isQuery\":\"1\",\"updateTime\":1647520037000,\"sort\":2,\"list\":true,\"params\":{},\"javaType\":\"Long\",\"queryType\":\"EQ\",\"columnType\":\"int(11)\",\"createBy\":\"admin\",\"isPk\":\"0\",\"createTime\":1647518792000,\"isEdit\":\"1\",\"tableId\":17,\"pk\":false,\"columnName\":\"pro_id\"},{\"capJavaField\":\"StoreName\",\"usableColumn\":false,\"columnId\":156,\"isIncrement\":\"0\",\"increment\":false,\"insert\":true,\"isList\":\"1\",\"dictType\":\"\",\"required\":true,\"superColumn\":false,\"updateBy\":\"\",\"isInsert\":\"1\",\"isRequired\":\"1\",\"javaField\":\"storeName\",\"htmlType\":\"input\",\"edit\":true,\"query\":true,\"columnComment\":\"仓库名称\",\"isQuery\":\"1\",\"updateTime\":1647520037000,\"sort\":3,\"list\":true,\"params\":{},\"javaType\":\"String\",\"queryType\":\"LIKE\",\"columnType\":\"varchar(50)\",\"createBy\":\"admin\",\"isPk\":\"0\",\"createTime\":1647518792000,\"isEdit\":\"1\",\"tableId\":17,\"pk\":false,\"columnName\":\"store_name\"},{\"capJavaField\":\"UserId\",\"usableColumn\":false,\"columnId\":157,\"isIncrement\":\"0\",\"increment\":false,\"insert\":true,\"isList\":\"1\",\"dictType\":\"\",\"required\":true,\"superColumn\":false,\"updateBy\":\"\",\"isInsert\":\"1\",\"isRequired\":\"1\",\"javaField\":\"userId\",\"htmlType\":\"input\",\"edit\":true,\"query\":true,\"', '{\"msg\":\"操作成功\",\"code\":200}', '0', null, '2022-03-17 20:27:41');
INSERT INTO `sys_oper_log` VALUES ('257', '代码生成', '8', 'com.ruoyi.generator.controller.GenController.batchGenCode()', 'GET', '1', 'admin', null, '/tool/gen/batchGenCode', '127.0.0.1', '内网IP', '{}', null, '0', null, '2022-03-17 20:27:47');
INSERT INTO `sys_oper_log` VALUES ('258', '代码生成', '2', 'com.ruoyi.generator.controller.GenController.editSave()', 'PUT', '1', 'admin', null, '/tool/gen', '127.0.0.1', '内网IP', '{\"sub\":false,\"subTableName\":\"\",\"functionAuthor\":\"linyuting\",\"columns\":[{\"capJavaField\":\"StoreId\",\"usableColumn\":false,\"columnId\":154,\"isIncrement\":\"1\",\"increment\":true,\"insert\":true,\"dictType\":\"\",\"required\":false,\"superColumn\":false,\"updateBy\":\"\",\"isInsert\":\"1\",\"javaField\":\"storeId\",\"htmlType\":\"input\",\"edit\":false,\"query\":false,\"columnComment\":\"仓库ID\",\"updateTime\":1647520061000,\"sort\":1,\"list\":false,\"params\":{},\"javaType\":\"Long\",\"queryType\":\"EQ\",\"columnType\":\"int(11)\",\"createBy\":\"admin\",\"isPk\":\"1\",\"createTime\":1647518792000,\"tableId\":17,\"pk\":true,\"columnName\":\"store_id\"},{\"capJavaField\":\"ProId\",\"usableColumn\":false,\"columnId\":155,\"isIncrement\":\"0\",\"increment\":false,\"insert\":true,\"isList\":\"1\",\"dictType\":\"\",\"required\":true,\"superColumn\":false,\"updateBy\":\"\",\"isInsert\":\"1\",\"isRequired\":\"1\",\"javaField\":\"proId\",\"htmlType\":\"input\",\"edit\":true,\"query\":true,\"columnComment\":\"项目ID\",\"isQuery\":\"1\",\"updateTime\":1647520061000,\"sort\":2,\"list\":true,\"params\":{},\"javaType\":\"Long\",\"queryType\":\"EQ\",\"columnType\":\"int(11)\",\"createBy\":\"admin\",\"isPk\":\"0\",\"createTime\":1647518792000,\"isEdit\":\"1\",\"tableId\":17,\"pk\":false,\"columnName\":\"pro_id\"},{\"capJavaField\":\"StoreName\",\"usableColumn\":false,\"columnId\":156,\"isIncrement\":\"0\",\"increment\":false,\"insert\":true,\"isList\":\"1\",\"dictType\":\"\",\"required\":true,\"superColumn\":false,\"updateBy\":\"\",\"isInsert\":\"1\",\"isRequired\":\"1\",\"javaField\":\"storeName\",\"htmlType\":\"input\",\"edit\":true,\"query\":true,\"columnComment\":\"仓库名称\",\"isQuery\":\"1\",\"updateTime\":1647520061000,\"sort\":3,\"list\":true,\"params\":{},\"javaType\":\"String\",\"queryType\":\"LIKE\",\"columnType\":\"varchar(50)\",\"createBy\":\"admin\",\"isPk\":\"0\",\"createTime\":1647518792000,\"isEdit\":\"1\",\"tableId\":17,\"pk\":false,\"columnName\":\"store_name\"},{\"capJavaField\":\"UserId\",\"usableColumn\":false,\"columnId\":157,\"isIncrement\":\"0\",\"increment\":false,\"insert\":true,\"isList\":\"1\",\"dictType\":\"\",\"required\":true,\"superColumn\":false,\"updateBy\":\"\",\"isInsert\":\"1\",\"isRequired\":\"1\",\"javaField\":\"userId\",\"htmlType\":\"input\",\"edit\":true,\"query\":true,\"columnC', '{\"msg\":\"操作成功\",\"code\":200}', '0', null, '2022-03-17 20:41:08');
INSERT INTO `sys_oper_log` VALUES ('259', '代码生成', '8', 'com.ruoyi.generator.controller.GenController.batchGenCode()', 'GET', '1', 'admin', null, '/tool/gen/batchGenCode', '127.0.0.1', '内网IP', '{}', null, '0', null, '2022-03-17 20:41:12');
INSERT INTO `sys_oper_log` VALUES ('260', '仓库管理', '2', 'com.ruoyi.web.controller.store.MmsStoreController.edit()', 'PUT', '1', 'admin', null, '/store/store', '127.0.0.1', '内网IP', '{\"project\":{\"params\":{},\"proId\":2,\"proName\":\"宜昌2号水电工程\"},\"updateTime\":1647523111937,\"params\":{},\"storeId\":2,\"userId\":1,\"createBy\":\"\",\"updateBy\":\"\",\"proId\":2,\"storePhone\":\"15888888888\",\"storeName\":\"1号仓库\",\"user\":{\"phonenumber\":\"15666666666\",\"admin\":false,\"email\":\"ry@qq.com\",\"nickName\":\"若依\",\"sex\":\"1\",\"params\":{},\"userName\":\"ry\",\"userId\":2},\"status\":\"0\"}', '{\"msg\":\"操作成功\",\"code\":200}', '0', null, '2022-03-17 21:18:32');
INSERT INTO `sys_oper_log` VALUES ('261', '仓库管理', '2', 'com.ruoyi.web.controller.store.MmsStoreController.edit()', 'PUT', '1', 'admin', null, '/store/store', '127.0.0.1', '内网IP', '{\"project\":{\"params\":{},\"proId\":2,\"proName\":\"宜昌2号水电工程\"},\"updateTime\":1647523118458,\"params\":{},\"storeId\":2,\"userId\":2,\"createBy\":\"\",\"updateBy\":\"\",\"proId\":2,\"storePhone\":\"15888888888\",\"storeName\":\"1号仓库\",\"user\":{\"phonenumber\":\"15888888888\",\"admin\":true,\"email\":\"ry@163.com\",\"nickName\":\"林玉婷\",\"sex\":\"1\",\"params\":{},\"userName\":\"admin\",\"userId\":1},\"status\":\"0\"}', '{\"msg\":\"操作成功\",\"code\":200}', '0', null, '2022-03-17 21:18:38');
INSERT INTO `sys_oper_log` VALUES ('262', '仓库管理', '2', 'com.ruoyi.web.controller.store.MmsStoreController.edit()', 'PUT', '1', 'admin', null, '/store/store', '127.0.0.1', '内网IP', '{\"project\":{\"params\":{},\"proId\":1,\"proName\":\"宜昌1号水利水电工程\"},\"updateTime\":1647523211337,\"params\":{},\"storeId\":1,\"userId\":1,\"createBy\":\"\",\"storeAddress\":\"湖北省宜昌市\",\"updateBy\":\"\",\"proId\":2,\"storePhone\":\"15876655666\",\"storeName\":\"1号仓库\",\"user\":{\"phonenumber\":\"15888888888\",\"admin\":true,\"email\":\"ry@163.com\",\"nickName\":\"林玉婷\",\"sex\":\"1\",\"params\":{},\"userName\":\"admin\",\"userId\":1},\"status\":\"0\"}', '{\"msg\":\"操作成功\",\"code\":200}', '0', null, '2022-03-17 21:20:11');
INSERT INTO `sys_oper_log` VALUES ('263', '仓库管理', '2', 'com.ruoyi.web.controller.store.MmsStoreController.edit()', 'PUT', '1', 'admin', null, '/store/store', '127.0.0.1', '内网IP', '{\"project\":{\"params\":{},\"proId\":2,\"proName\":\"宜昌2号水电工程\"},\"updateTime\":1647523216443,\"params\":{},\"storeId\":1,\"userId\":1,\"createBy\":\"\",\"storeAddress\":\"湖北省宜昌市\",\"updateBy\":\"\",\"proId\":1,\"storePhone\":\"15876655666\",\"storeName\":\"1号仓库\",\"user\":{\"phonenumber\":\"15888888888\",\"admin\":true,\"email\":\"ry@163.com\",\"nickName\":\"林玉婷\",\"sex\":\"1\",\"params\":{},\"userName\":\"admin\",\"userId\":1},\"status\":\"0\"}', '{\"msg\":\"操作成功\",\"code\":200}', '0', null, '2022-03-17 21:20:16');
INSERT INTO `sys_oper_log` VALUES ('264', '仓库管理', '2', 'com.ruoyi.web.controller.store.MmsStoreController.edit()', 'PUT', '1', 'admin', null, '/store/store', '127.0.0.1', '内网IP', '{\"project\":{\"params\":{},\"proId\":2,\"proName\":\"宜昌2号水电工程\"},\"updateTime\":1647523232483,\"params\":{},\"storeId\":2,\"userId\":1,\"createBy\":\"\",\"updateBy\":\"\",\"proId\":2,\"storePhone\":\"15888888888\",\"storeName\":\"1号仓库\",\"user\":{\"phonenumber\":\"15666666666\",\"admin\":false,\"email\":\"ry@qq.com\",\"nickName\":\"若依\",\"sex\":\"1\",\"params\":{},\"userName\":\"ry\",\"userId\":2},\"status\":\"0\"}', '{\"msg\":\"操作成功\",\"code\":200}', '0', null, '2022-03-17 21:20:32');
INSERT INTO `sys_oper_log` VALUES ('265', '仓库管理', '2', 'com.ruoyi.web.controller.store.MmsStoreController.edit()', 'PUT', '1', 'admin', null, '/store/store', '127.0.0.1', '内网IP', '{\"project\":{\"params\":{},\"proId\":2,\"proName\":\"宜昌2号水电工程\"},\"updateTime\":1647523236290,\"params\":{},\"storeId\":2,\"userId\":1,\"createBy\":\"\",\"updateBy\":\"\",\"proId\":2,\"storePhone\":\"15888888888\",\"storeName\":\"1号仓库\",\"user\":{\"phonenumber\":\"15888888888\",\"admin\":true,\"email\":\"ry@163.com\",\"nickName\":\"林玉婷\",\"sex\":\"1\",\"params\":{},\"userName\":\"admin\",\"userId\":1},\"status\":\"1\"}', '{\"msg\":\"操作成功\",\"code\":200}', '0', null, '2022-03-17 21:20:36');
INSERT INTO `sys_oper_log` VALUES ('266', '仓库管理', '2', 'com.ruoyi.web.controller.store.MmsStoreController.edit()', 'PUT', '1', 'admin', null, '/store/store', '127.0.0.1', '内网IP', '{\"project\":{\"params\":{},\"proId\":2,\"proName\":\"宜昌2号水电工程\"},\"updateTime\":1647523240571,\"params\":{},\"storeId\":2,\"userId\":1,\"createBy\":\"\",\"updateBy\":\"\",\"proId\":2,\"storePhone\":\"15888888888\",\"storeName\":\"1号仓库\",\"user\":{\"phonenumber\":\"15888888888\",\"admin\":true,\"email\":\"ry@163.com\",\"nickName\":\"林玉婷\",\"sex\":\"1\",\"params\":{},\"userName\":\"admin\",\"userId\":1},\"status\":\"0\"}', '{\"msg\":\"操作成功\",\"code\":200}', '0', null, '2022-03-17 21:20:40');
INSERT INTO `sys_oper_log` VALUES ('267', '仓库管理', '2', 'com.ruoyi.web.controller.store.MmsStoreController.edit()', 'PUT', '1', 'admin', null, '/store/store', '127.0.0.1', '内网IP', '{\"project\":{\"params\":{},\"proId\":1,\"proName\":\"宜昌1号水利水电工程\"},\"updateTime\":1647523340514,\"params\":{},\"storeId\":1,\"userId\":2,\"createBy\":\"\",\"storeAddress\":\"湖北省宜昌市\",\"updateBy\":\"\",\"proId\":1,\"storePhone\":\"15876655666\",\"storeName\":\"1号仓库\",\"user\":{\"phonenumber\":\"15888888888\",\"admin\":true,\"email\":\"ry@163.com\",\"nickName\":\"林玉婷\",\"sex\":\"1\",\"params\":{},\"userName\":\"admin\",\"userId\":1},\"status\":\"0\"}', '{\"msg\":\"操作成功\",\"code\":200}', '0', null, '2022-03-17 21:22:20');
INSERT INTO `sys_oper_log` VALUES ('268', '仓库管理', '2', 'com.ruoyi.web.controller.store.MmsStoreController.edit()', 'PUT', '1', 'admin', null, '/store/store', '127.0.0.1', '内网IP', '{\"project\":{\"params\":{},\"proId\":1,\"proName\":\"宜昌1号水利水电工程\"},\"updateTime\":1647525876424,\"params\":{},\"storeId\":1,\"userId\":2,\"createBy\":\"\",\"storeAddress\":\"湖北省宜昌市西陵区\",\"updateBy\":\"\",\"proId\":1,\"storePhone\":\"15876655666\",\"storeName\":\"1号仓库\",\"user\":{\"phonenumber\":\"15666666666\",\"admin\":false,\"email\":\"ry@qq.com\",\"nickName\":\"若依\",\"sex\":\"1\",\"params\":{},\"userName\":\"ry\",\"userId\":2},\"status\":\"0\"}', '{\"msg\":\"操作成功\",\"code\":200}', '0', null, '2022-03-17 22:04:36');
INSERT INTO `sys_oper_log` VALUES ('269', '仓库管理', '2', 'com.ruoyi.web.controller.store.MmsStoreController.edit()', 'PUT', '1', 'admin', null, '/store/store', '127.0.0.1', '内网IP', '{\"project\":{\"params\":{},\"proId\":2,\"proName\":\"宜昌2号水电工程\"},\"updateTime\":1647525888405,\"params\":{},\"storeId\":2,\"userId\":1,\"createBy\":\"\",\"storeAddress\":\"湖北省\",\"updateBy\":\"\",\"proId\":2,\"storePhone\":\"15888888888\",\"storeName\":\"1号仓库\",\"user\":{\"phonenumber\":\"15888888888\",\"admin\":true,\"email\":\"ry@163.com\",\"nickName\":\"林玉婷\",\"sex\":\"1\",\"params\":{},\"userName\":\"admin\",\"userId\":1},\"status\":\"0\"}', '{\"msg\":\"操作成功\",\"code\":200}', '0', null, '2022-03-17 22:04:48');
INSERT INTO `sys_oper_log` VALUES ('270', '仓库管理', '1', 'com.ruoyi.web.controller.store.MmsStoreController.add()', 'POST', '1', 'admin', null, '/store/store', '127.0.0.1', '内网IP', '{\"params\":{},\"createTime\":1647525949341,\"proId\":2,\"storePhone\":\"15000223232\",\"storeName\":\"1号仓库\",\"status\":\"0\"}', null, '1', '\r\n### Error updating database.  Cause: java.sql.SQLException: Field \'user_id\' doesn\'t have a default value\r\n### The error may exist in file [D:\\RuoYi-Vue-master\\ruoyi-store\\target\\classes\\mapper\\store\\MmsStoreMapper.xml]\r\n### The error may involve com.ruoyi.store.mapper.MmsStoreMapper.insertMmsStore-Inline\r\n### The error occurred while setting parameters\r\n### SQL: insert into mms_store          ( pro_id,             store_name,                          store_phone,                          status,                          create_time )           values ( ?,             ?,                          ?,                          ?,                          ? )\r\n### Cause: java.sql.SQLException: Field \'user_id\' doesn\'t have a default value\n; Field \'user_id\' doesn\'t have a default value; nested exception is java.sql.SQLException: Field \'user_id\' doesn\'t have a default value', '2022-03-17 22:05:49');
INSERT INTO `sys_oper_log` VALUES ('271', '仓库管理', '1', 'com.ruoyi.web.controller.store.MmsStoreController.add()', 'POST', '1', 'admin', null, '/store/store', '127.0.0.1', '内网IP', '{\"params\":{},\"storeId\":3,\"userId\":1,\"createTime\":1647526061161,\"proId\":2,\"storePhone\":\"15000223232\",\"storeName\":\"1号仓库\",\"status\":\"0\"}', '{\"msg\":\"操作成功\",\"code\":200}', '0', null, '2022-03-17 22:07:41');
INSERT INTO `sys_oper_log` VALUES ('272', '仓库管理', '2', 'com.ruoyi.web.controller.store.MmsStoreController.edit()', 'PUT', '1', 'admin', null, '/store/store', '127.0.0.1', '内网IP', '{\"project\":{\"params\":{},\"proId\":1,\"proName\":\"宜昌1号水利水电工程\"},\"updateTime\":1647526067433,\"params\":{},\"storeId\":1,\"userId\":1,\"createBy\":\"\",\"storeAddress\":\"湖北省宜昌市西陵区\",\"updateBy\":\"\",\"proId\":1,\"storePhone\":\"15876655666\",\"storeName\":\"1号仓库\",\"user\":{\"phonenumber\":\"15666666666\",\"admin\":false,\"email\":\"ry@qq.com\",\"nickName\":\"若依\",\"sex\":\"1\",\"params\":{},\"userName\":\"ry\",\"userId\":2},\"status\":\"0\"}', '{\"msg\":\"操作成功\",\"code\":200}', '0', null, '2022-03-17 22:07:47');
INSERT INTO `sys_oper_log` VALUES ('273', '菜单管理', '2', 'com.ruoyi.web.controller.system.SysMenuController.edit()', 'PUT', '1', 'admin', null, '/system/menu', '127.0.0.1', '内网IP', '{\"visible\":\"0\",\"icon\":\"icon\",\"orderNum\":1,\"menuName\":\"仓库管理\",\"params\":{},\"parentId\":2118,\"isCache\":\"0\",\"path\":\"store\",\"component\":\"store/store/index\",\"children\":[],\"createTime\":1647520917000,\"updateBy\":\"admin\",\"isFrame\":\"1\",\"menuId\":2125,\"menuType\":\"C\",\"perms\":\"store:store:list\",\"status\":\"0\"}', '{\"msg\":\"操作成功\",\"code\":200}', '0', null, '2022-03-17 22:16:23');
INSERT INTO `sys_oper_log` VALUES ('274', '菜单管理', '1', 'com.ruoyi.web.controller.system.SysMenuController.add()', 'POST', '1', 'admin', null, '/system/menu', '127.0.0.1', '内网IP', '{\"visible\":\"0\",\"icon\":\"lock\",\"orderNum\":6,\"menuName\":\"采购管理\",\"params\":{},\"parentId\":0,\"isCache\":\"0\",\"path\":\"purchase\",\"createBy\":\"admin\",\"children\":[],\"isFrame\":\"1\",\"menuType\":\"M\",\"status\":\"0\"}', '{\"msg\":\"操作成功\",\"code\":200}', '0', null, '2022-03-17 22:20:38');
INSERT INTO `sys_oper_log` VALUES ('275', '菜单管理', '2', 'com.ruoyi.web.controller.system.SysMenuController.edit()', 'PUT', '1', 'admin', null, '/system/menu', '127.0.0.1', '内网IP', '{\"visible\":\"0\",\"icon\":\"lock\",\"orderNum\":4,\"menuName\":\"采购管理\",\"params\":{},\"parentId\":0,\"isCache\":\"0\",\"path\":\"purchase\",\"children\":[],\"createTime\":1647526838000,\"updateBy\":\"admin\",\"isFrame\":\"1\",\"menuId\":2131,\"menuType\":\"M\",\"perms\":\"\",\"status\":\"0\"}', '{\"msg\":\"操作成功\",\"code\":200}', '0', null, '2022-03-17 22:20:47');
INSERT INTO `sys_oper_log` VALUES ('276', '菜单管理', '1', 'com.ruoyi.web.controller.system.SysMenuController.add()', 'POST', '1', 'admin', null, '/system/menu', '127.0.0.1', '内网IP', '{\"visible\":\"0\",\"icon\":\"input\",\"orderNum\":5,\"menuName\":\"库存管理\",\"params\":{},\"parentId\":0,\"isCache\":\"0\",\"path\":\"inventory\",\"createBy\":\"admin\",\"children\":[],\"isFrame\":\"1\",\"menuType\":\"M\",\"status\":\"0\"}', '{\"msg\":\"操作成功\",\"code\":200}', '0', null, '2022-03-17 22:22:27');
INSERT INTO `sys_oper_log` VALUES ('277', '菜单管理', '1', 'com.ruoyi.web.controller.system.SysMenuController.add()', 'POST', '1', 'admin', null, '/system/menu', '127.0.0.1', '内网IP', '{\"visible\":\"0\",\"icon\":\"cascader\",\"orderNum\":5,\"menuName\":\"供应商管理\",\"params\":{},\"parentId\":0,\"isCache\":\"0\",\"path\":\"supplier\",\"createBy\":\"admin\",\"children\":[],\"isFrame\":\"1\",\"menuType\":\"M\",\"status\":\"0\"}', '{\"msg\":\"操作成功\",\"code\":200}', '0', null, '2022-03-17 22:23:41');
INSERT INTO `sys_oper_log` VALUES ('278', '菜单管理', '2', 'com.ruoyi.web.controller.system.SysMenuController.edit()', 'PUT', '1', 'admin', null, '/system/menu', '127.0.0.1', '内网IP', '{\"visible\":\"0\",\"icon\":\"cascader\",\"orderNum\":9,\"menuName\":\"供应商管理\",\"params\":{},\"parentId\":0,\"isCache\":\"0\",\"path\":\"supplier\",\"children\":[],\"createTime\":1647527021000,\"updateBy\":\"admin\",\"isFrame\":\"1\",\"menuId\":2133,\"menuType\":\"M\",\"perms\":\"\",\"status\":\"0\"}', '{\"msg\":\"操作成功\",\"code\":200}', '0', null, '2022-03-17 22:23:55');
INSERT INTO `sys_oper_log` VALUES ('279', '用户管理', '2', 'com.ruoyi.web.controller.system.SysUserController.edit()', 'PUT', '1', 'admin', null, '/system/user', '127.0.0.1', '内网IP', '{\"roles\":[{\"flag\":false,\"roleId\":2,\"admin\":false,\"dataScope\":\"2\",\"params\":{},\"roleSort\":\"2\",\"deptCheckStrictly\":false,\"menuCheckStrictly\":false,\"roleKey\":\"common\",\"roleName\":\"普通角色\",\"status\":\"0\"}],\"phonenumber\":\"19898222322\",\"admin\":false,\"loginDate\":1647583029000,\"delFlag\":\"0\",\"password\":\"\",\"updateBy\":\"admin\",\"postIds\":[4],\"loginIp\":\"127.0.0.1\",\"email\":\"828289933@qq.com\",\"nickName\":\"tingting\",\"sex\":\"1\",\"deptId\":105,\"avatar\":\"\",\"dept\":{\"deptName\":\"仓管部门\",\"leader\":\"若依\",\"deptId\":105,\"orderNum\":\"3\",\"params\":{},\"parentId\":101,\"children\":[],\"status\":\"0\"},\"params\":{},\"userName\":\"林玉婷\",\"userId\":101,\"createBy\":\"admin\",\"roleIds\":[2],\"createTime\":1646830585000,\"status\":\"0\"}', '{\"msg\":\"操作成功\",\"code\":200}', '0', null, '2022-03-18 14:06:26');
INSERT INTO `sys_oper_log` VALUES ('280', '角色管理', '1', 'com.ruoyi.web.controller.system.SysRoleController.add()', 'POST', '1', 'admin', null, '/system/role', '127.0.0.1', '内网IP', '{\"flag\":false,\"roleId\":100,\"admin\":false,\"params\":{},\"roleSort\":\"3\",\"deptCheckStrictly\":true,\"createBy\":\"admin\",\"menuCheckStrictly\":true,\"roleKey\":\"keeper\",\"roleName\":\"仓管角色\",\"deptIds\":[],\"menuIds\":[2099,2106,2112,2107,2111,2113,2117,2118,2125,2126,2127,2128,2129,2130],\"status\":\"0\"}', '{\"msg\":\"操作成功\",\"code\":200}', '0', null, '2022-03-18 14:10:48');
INSERT INTO `sys_oper_log` VALUES ('281', '用户管理', '2', 'com.ruoyi.web.controller.system.SysUserController.edit()', 'PUT', '1', 'admin', null, '/system/user', '127.0.0.1', '内网IP', '{\"roles\":[{\"flag\":false,\"roleId\":2,\"admin\":false,\"dataScope\":\"2\",\"params\":{},\"roleSort\":\"2\",\"deptCheckStrictly\":false,\"menuCheckStrictly\":false,\"roleKey\":\"common\",\"roleName\":\"普通角色\",\"status\":\"0\"}],\"phonenumber\":\"19898222322\",\"admin\":false,\"loginDate\":1647583029000,\"delFlag\":\"0\",\"password\":\"\",\"updateBy\":\"admin\",\"postIds\":[4],\"loginIp\":\"127.0.0.1\",\"email\":\"828289933@qq.com\",\"nickName\":\"tingting\",\"sex\":\"1\",\"deptId\":105,\"avatar\":\"\",\"dept\":{\"deptName\":\"仓管部门\",\"leader\":\"若依\",\"deptId\":105,\"orderNum\":\"3\",\"params\":{},\"parentId\":101,\"children\":[],\"status\":\"0\"},\"params\":{},\"userName\":\"林玉婷\",\"userId\":101,\"createBy\":\"admin\",\"roleIds\":[100],\"createTime\":1646830585000,\"status\":\"0\"}', '{\"msg\":\"操作成功\",\"code\":200}', '0', null, '2022-03-18 14:11:04');
INSERT INTO `sys_oper_log` VALUES ('282', '仓库管理', '2', 'com.ruoyi.web.controller.store.MmsStoreController.edit()', 'PUT', '1', '林玉婷', null, '/store/store', '127.0.0.1', '内网IP', '{\"project\":{\"params\":{},\"proId\":1,\"proName\":\"宜昌1号水利水电工程\"},\"updateTime\":1647583920296,\"params\":{},\"storeId\":1,\"userId\":101,\"createBy\":\"\",\"storeAddress\":\"湖北省宜昌市西陵区\",\"updateBy\":\"\",\"proId\":1,\"storePhone\":\"15876655666\",\"storeName\":\"1号仓库\",\"user\":{\"phonenumber\":\"15888888888\",\"admin\":true,\"email\":\"ry@163.com\",\"nickName\":\"林玉婷\",\"sex\":\"1\",\"params\":{},\"userName\":\"admin\",\"userId\":1},\"status\":\"0\"}', '{\"msg\":\"操作成功\",\"code\":200}', '0', null, '2022-03-18 14:12:00');
INSERT INTO `sys_oper_log` VALUES ('283', '用户管理', '2', 'com.ruoyi.web.controller.system.SysUserController.edit()', 'PUT', '1', 'admin', null, '/system/user', '127.0.0.1', '内网IP', '{\"roles\":[{\"flag\":false,\"roleId\":100,\"admin\":false,\"dataScope\":\"1\",\"params\":{},\"roleSort\":\"3\",\"deptCheckStrictly\":false,\"menuCheckStrictly\":false,\"roleKey\":\"keeper\",\"roleName\":\"仓管角色\",\"status\":\"0\"}],\"phonenumber\":\"19898222322\",\"admin\":false,\"loginDate\":1647583883000,\"delFlag\":\"0\",\"password\":\"\",\"updateBy\":\"admin\",\"postIds\":[4],\"loginIp\":\"127.0.0.1\",\"email\":\"828289933@qq.com\",\"nickName\":\"tingting\",\"sex\":\"1\",\"deptId\":105,\"avatar\":\"\",\"dept\":{\"deptName\":\"仓管部门\",\"leader\":\"若依\",\"deptId\":105,\"orderNum\":\"3\",\"params\":{},\"parentId\":101,\"children\":[],\"status\":\"0\"},\"params\":{},\"userName\":\"林玉婷\",\"userId\":101,\"createBy\":\"admin\",\"roleIds\":[],\"createTime\":1646830585000,\"status\":\"0\"}', '{\"msg\":\"操作成功\",\"code\":200}', '0', null, '2022-03-18 14:13:10');
INSERT INTO `sys_oper_log` VALUES ('284', '用户管理', '2', 'com.ruoyi.web.controller.system.SysUserController.edit()', 'PUT', '1', 'admin', null, '/system/user', '127.0.0.1', '内网IP', '{\"roles\":[],\"phonenumber\":\"19898222322\",\"admin\":false,\"loginDate\":1647583883000,\"delFlag\":\"0\",\"password\":\"\",\"updateBy\":\"admin\",\"postIds\":[4],\"loginIp\":\"127.0.0.1\",\"email\":\"828289933@qq.com\",\"nickName\":\"tingting\",\"sex\":\"1\",\"deptId\":105,\"avatar\":\"\",\"dept\":{\"deptName\":\"仓管部门\",\"leader\":\"若依\",\"deptId\":105,\"orderNum\":\"3\",\"params\":{},\"parentId\":101,\"children\":[],\"status\":\"0\"},\"params\":{},\"userName\":\"林玉婷\",\"userId\":101,\"createBy\":\"admin\",\"roleIds\":[100],\"createTime\":1646830585000,\"status\":\"0\"}', '{\"msg\":\"操作成功\",\"code\":200}', '0', null, '2022-03-18 14:13:15');
INSERT INTO `sys_oper_log` VALUES ('285', '角色管理', '2', 'com.ruoyi.web.controller.system.SysRoleController.edit()', 'PUT', '1', 'admin', null, '/system/role', '127.0.0.1', '内网IP', '{\"flag\":false,\"roleId\":100,\"admin\":false,\"dataScope\":\"1\",\"delFlag\":\"0\",\"params\":{},\"roleSort\":\"3\",\"deptCheckStrictly\":true,\"createTime\":1647583848000,\"updateBy\":\"admin\",\"menuCheckStrictly\":true,\"roleKey\":\"keeper\",\"roleName\":\"仓管角色\",\"menuIds\":[2099,2106,2112,2107,2111,2113,2117,2118,2125,2126,2127,2128,2129,2130],\"status\":\"0\"}', '{\"msg\":\"操作成功\",\"code\":200}', '0', null, '2022-03-18 14:14:45');
INSERT INTO `sys_oper_log` VALUES ('286', '菜单管理', '1', 'com.ruoyi.web.controller.system.SysMenuController.add()', 'POST', '1', 'admin', null, '/system/menu', '127.0.0.1', '内网IP', '{\"visible\":\"0\",\"icon\":\"row\",\"orderNum\":10,\"menuName\":\"材料管理\",\"params\":{},\"parentId\":0,\"isCache\":\"0\",\"path\":\"material\",\"createBy\":\"admin\",\"children\":[],\"isFrame\":\"1\",\"menuType\":\"M\",\"status\":\"0\"}', '{\"msg\":\"操作成功\",\"code\":200}', '0', null, '2022-03-18 14:16:26');
INSERT INTO `sys_oper_log` VALUES ('287', '仓库管理', '1', 'com.ruoyi.web.controller.store.MmsStoreController.add()', 'POST', '1', '林玉婷', null, '/store/store', '127.0.0.1', '内网IP', '{\"params\":{},\"storeId\":4,\"userId\":101,\"createTime\":1647586035157,\"proId\":4,\"storeName\":\"2\",\"status\":\"0\"}', '{\"msg\":\"操作成功\",\"code\":200}', '0', null, '2022-03-18 14:47:15');
INSERT INTO `sys_oper_log` VALUES ('288', '代码生成', '6', 'com.ruoyi.generator.controller.GenController.importTableSave()', 'POST', '1', 'admin', null, '/tool/gen/importTable', '127.0.0.1', '内网IP', 'mms_supplier_type,mms_supplier', '{\"msg\":\"操作成功\",\"code\":200}', '0', null, '2022-03-18 14:48:42');
INSERT INTO `sys_oper_log` VALUES ('289', '代码生成', '2', 'com.ruoyi.generator.controller.GenController.editSave()', 'PUT', '1', 'admin', null, '/tool/gen', '127.0.0.1', '内网IP', '{\"sub\":false,\"functionAuthor\":\"linyuting\",\"columns\":[{\"capJavaField\":\"SupplierId\",\"usableColumn\":false,\"columnId\":165,\"isIncrement\":\"1\",\"increment\":true,\"insert\":true,\"dictType\":\"\",\"required\":false,\"superColumn\":false,\"updateBy\":\"\",\"isInsert\":\"1\",\"javaField\":\"supplierId\",\"htmlType\":\"input\",\"edit\":false,\"query\":false,\"columnComment\":\"供应商ID\",\"sort\":1,\"list\":false,\"params\":{},\"javaType\":\"Long\",\"queryType\":\"EQ\",\"columnType\":\"int(11)\",\"createBy\":\"admin\",\"isPk\":\"1\",\"createTime\":1647586122000,\"tableId\":18,\"pk\":true,\"columnName\":\"supplier_id\"},{\"capJavaField\":\"SupplierName\",\"usableColumn\":false,\"columnId\":166,\"isIncrement\":\"0\",\"increment\":false,\"insert\":true,\"isList\":\"1\",\"dictType\":\"\",\"required\":true,\"superColumn\":false,\"updateBy\":\"\",\"isInsert\":\"1\",\"isRequired\":\"1\",\"javaField\":\"supplierName\",\"htmlType\":\"input\",\"edit\":true,\"query\":true,\"columnComment\":\"供应商名称\",\"isQuery\":\"1\",\"sort\":2,\"list\":true,\"params\":{},\"javaType\":\"String\",\"queryType\":\"LIKE\",\"columnType\":\"varchar(50)\",\"createBy\":\"admin\",\"isPk\":\"0\",\"createTime\":1647586122000,\"isEdit\":\"1\",\"tableId\":18,\"pk\":false,\"columnName\":\"supplier_name\"},{\"capJavaField\":\"SupplierBank\",\"usableColumn\":false,\"columnId\":167,\"isIncrement\":\"0\",\"increment\":false,\"insert\":true,\"isList\":\"1\",\"dictType\":\"\",\"required\":true,\"superColumn\":false,\"updateBy\":\"\",\"isInsert\":\"1\",\"isRequired\":\"1\",\"javaField\":\"supplierBank\",\"htmlType\":\"input\",\"edit\":true,\"query\":true,\"columnComment\":\"供应商开户行\",\"isQuery\":\"1\",\"sort\":3,\"list\":true,\"params\":{},\"javaType\":\"String\",\"queryType\":\"EQ\",\"columnType\":\"varchar(50)\",\"createBy\":\"admin\",\"isPk\":\"0\",\"createTime\":1647586122000,\"isEdit\":\"1\",\"tableId\":18,\"pk\":false,\"columnName\":\"supplier_bank\"},{\"capJavaField\":\"SupplierCard\",\"usableColumn\":false,\"columnId\":168,\"isIncrement\":\"0\",\"increment\":false,\"insert\":true,\"isList\":\"1\",\"dictType\":\"\",\"required\":false,\"superColumn\":false,\"updateBy\":\"\",\"isInsert\":\"1\",\"javaField\":\"supplierCard\",\"htmlType\":\"input\",\"edit\":true,\"query\":true,\"columnComment\":\"供应商银行账号\",\"isQuery\":\"1\",\"sort\":4,\"list\":true,\"', '{\"msg\":\"操作成功\",\"code\":200}', '0', null, '2022-03-18 14:55:31');
INSERT INTO `sys_oper_log` VALUES ('290', '代码生成', '2', 'com.ruoyi.generator.controller.GenController.editSave()', 'PUT', '1', 'admin', null, '/tool/gen', '127.0.0.1', '内网IP', '{\"sub\":false,\"functionAuthor\":\"linyuting\",\"columns\":[{\"capJavaField\":\"Id\",\"usableColumn\":false,\"columnId\":177,\"isIncrement\":\"1\",\"increment\":true,\"insert\":true,\"dictType\":\"\",\"required\":false,\"superColumn\":false,\"updateBy\":\"\",\"isInsert\":\"1\",\"javaField\":\"id\",\"htmlType\":\"input\",\"edit\":false,\"query\":false,\"columnComment\":\"供应商类型ID\",\"sort\":1,\"list\":false,\"params\":{},\"javaType\":\"Long\",\"queryType\":\"EQ\",\"columnType\":\"int(11)\",\"createBy\":\"admin\",\"isPk\":\"1\",\"createTime\":1647586122000,\"tableId\":19,\"pk\":true,\"columnName\":\"id\"},{\"capJavaField\":\"TypeName\",\"usableColumn\":false,\"columnId\":178,\"isIncrement\":\"0\",\"increment\":false,\"insert\":true,\"isList\":\"1\",\"dictType\":\"\",\"required\":true,\"superColumn\":false,\"updateBy\":\"\",\"isInsert\":\"1\",\"isRequired\":\"1\",\"javaField\":\"typeName\",\"htmlType\":\"input\",\"edit\":true,\"query\":true,\"columnComment\":\"类别名称\",\"isQuery\":\"1\",\"sort\":2,\"list\":true,\"params\":{},\"javaType\":\"String\",\"queryType\":\"LIKE\",\"columnType\":\"varchar(50)\",\"createBy\":\"admin\",\"isPk\":\"0\",\"createTime\":1647586122000,\"isEdit\":\"1\",\"tableId\":19,\"pk\":false,\"columnName\":\"type_name\"},{\"capJavaField\":\"CreateBy\",\"usableColumn\":false,\"columnId\":179,\"isIncrement\":\"0\",\"increment\":false,\"insert\":true,\"dictType\":\"\",\"required\":false,\"superColumn\":true,\"updateBy\":\"\",\"isInsert\":\"1\",\"javaField\":\"createBy\",\"htmlType\":\"input\",\"edit\":false,\"query\":false,\"columnComment\":\"创建者\",\"sort\":3,\"list\":false,\"params\":{},\"javaType\":\"String\",\"queryType\":\"EQ\",\"columnType\":\"varchar(64)\",\"createBy\":\"admin\",\"isPk\":\"0\",\"createTime\":1647586122000,\"tableId\":19,\"pk\":false,\"columnName\":\"create_by\"},{\"capJavaField\":\"CreateTime\",\"usableColumn\":false,\"columnId\":180,\"isIncrement\":\"0\",\"increment\":false,\"insert\":true,\"dictType\":\"\",\"required\":false,\"superColumn\":true,\"updateBy\":\"\",\"isInsert\":\"1\",\"javaField\":\"createTime\",\"htmlType\":\"datetime\",\"edit\":false,\"query\":false,\"columnComment\":\"创建时间\",\"sort\":4,\"list\":false,\"params\":{},\"javaType\":\"Date\",\"queryType\":\"EQ\",\"columnType\":\"datetime\",\"createBy\":\"admin\",\"isPk\":\"0\",\"createTime\":1647586122000,\"tableI', '{\"msg\":\"操作成功\",\"code\":200}', '0', null, '2022-03-18 14:56:09');
INSERT INTO `sys_oper_log` VALUES ('291', '代码生成', '8', 'com.ruoyi.generator.controller.GenController.batchGenCode()', 'GET', '1', 'admin', null, '/tool/gen/batchGenCode', '127.0.0.1', '内网IP', '{}', null, '0', null, '2022-03-18 14:56:13');
INSERT INTO `sys_oper_log` VALUES ('292', '代码生成', '8', 'com.ruoyi.generator.controller.GenController.batchGenCode()', 'GET', '1', 'admin', null, '/tool/gen/batchGenCode', '127.0.0.1', '内网IP', '{}', null, '0', null, '2022-03-18 14:56:14');
INSERT INTO `sys_oper_log` VALUES ('293', '供应商类型管理', '1', 'com.ruoyi.web.controller.supplier.MmsSupplierTypeController.add()', 'POST', '1', 'admin', null, '/supplier/type', '127.0.0.1', '内网IP', '{\"createTime\":1647614343256,\"typeName\":\"建材类\",\"id\":1,\"params\":{}}', '{\"msg\":\"操作成功\",\"code\":200}', '0', null, '2022-03-18 22:39:03');
INSERT INTO `sys_oper_log` VALUES ('294', '供应商类型管理', '1', 'com.ruoyi.web.controller.supplier.MmsSupplierTypeController.add()', 'POST', '1', 'admin', null, '/supplier/type', '127.0.0.1', '内网IP', '{\"createTime\":1647614365048,\"typeName\":\"桥梁类\",\"id\":2,\"params\":{}}', '{\"msg\":\"操作成功\",\"code\":200}', '0', null, '2022-03-18 22:39:25');
INSERT INTO `sys_oper_log` VALUES ('295', '供应商类型管理', '1', 'com.ruoyi.web.controller.supplier.MmsSupplierTypeController.add()', 'POST', '1', 'admin', null, '/supplier/type', '127.0.0.1', '内网IP', '{\"createTime\":1647614378717,\"typeName\":\"水工类\",\"id\":3,\"params\":{}}', '{\"msg\":\"操作成功\",\"code\":200}', '0', null, '2022-03-18 22:39:38');
INSERT INTO `sys_oper_log` VALUES ('296', '供应商管理', '1', 'com.ruoyi.web.controller.supplier.MmsSupplierController.add()', 'POST', '1', 'admin', null, '/supplier/supplier', '127.0.0.1', '内网IP', '{\"supplierName\":\"宜昌市第一建材公司\",\"supplierId\":1,\"cardName\":\"曹亚丞\",\"params\":{},\"stypeId\":1,\"createTime\":1647615219624,\"supplierBank\":\"中国农业银行三峡支行\"}', '{\"msg\":\"操作成功\",\"code\":200}', '0', null, '2022-03-18 22:53:40');
INSERT INTO `sys_oper_log` VALUES ('297', '供应商管理', '2', 'com.ruoyi.web.controller.supplier.MmsSupplierController.edit()', 'PUT', '1', 'admin', null, '/supplier/supplier', '127.0.0.1', '内网IP', '{\"supplierName\":\"宜昌市第一建材公司\",\"supplierId\":1,\"cardName\":\"曹亚丞\",\"updateTime\":1647615473704,\"params\":{},\"createBy\":\"\",\"stypeId\":3,\"createTime\":1647615220000,\"updateBy\":\"\",\"supplierBank\":\"中国农业银行三峡支行\"}', '{\"msg\":\"操作成功\",\"code\":200}', '0', null, '2022-03-18 22:57:53');
INSERT INTO `sys_oper_log` VALUES ('298', '供应商管理', '2', 'com.ruoyi.web.controller.supplier.MmsSupplierController.edit()', 'PUT', '1', 'admin', null, '/supplier/supplier', '127.0.0.1', '内网IP', '{\"supplierName\":\"宜昌市第一建材公司\",\"supplierId\":1,\"cardName\":\"曹亚丞\",\"updateTime\":1647617330384,\"params\":{},\"createBy\":\"\",\"stypeId\":1,\"createTime\":1647615220000,\"updateBy\":\"\",\"supplierBank\":\"中国农业银行三峡支行\",\"supplierType\":{\"typeName\":\"水工类\",\"id\":3,\"params\":{}}}', '{\"msg\":\"操作成功\",\"code\":200}', '0', null, '2022-03-18 23:28:50');
INSERT INTO `sys_oper_log` VALUES ('299', '代码生成', '8', 'com.ruoyi.generator.controller.GenController.batchGenCode()', 'GET', '1', 'admin', null, '/tool/gen/batchGenCode', '127.0.0.1', '内网IP', '{}', null, '0', null, '2022-03-23 10:57:02');
INSERT INTO `sys_oper_log` VALUES ('300', '代码生成', '3', 'com.ruoyi.generator.controller.GenController.remove()', 'DELETE', '1', 'admin', null, '/tool/gen/17', '127.0.0.1', '内网IP', '{tableIds=17}', '{\"msg\":\"操作成功\",\"code\":200}', '0', null, '2022-03-23 10:57:24');
INSERT INTO `sys_oper_log` VALUES ('301', '代码生成', '6', 'com.ruoyi.generator.controller.GenController.importTableSave()', 'POST', '1', 'admin', null, '/tool/gen/importTable', '127.0.0.1', '内网IP', 'mms_store', '{\"msg\":\"操作成功\",\"code\":200}', '0', null, '2022-03-23 10:57:29');
INSERT INTO `sys_oper_log` VALUES ('302', '代码生成', '2', 'com.ruoyi.generator.controller.GenController.editSave()', 'PUT', '1', 'admin', null, '/tool/gen', '127.0.0.1', '内网IP', '{\"sub\":false,\"functionAuthor\":\"linyuting\",\"columns\":[{\"capJavaField\":\"StoreId\",\"usableColumn\":false,\"columnId\":183,\"isIncrement\":\"1\",\"increment\":true,\"insert\":true,\"dictType\":\"\",\"required\":false,\"superColumn\":false,\"updateBy\":\"\",\"isInsert\":\"1\",\"javaField\":\"storeId\",\"htmlType\":\"input\",\"edit\":false,\"query\":false,\"columnComment\":\"仓库ID\",\"sort\":1,\"list\":false,\"params\":{},\"javaType\":\"Long\",\"queryType\":\"EQ\",\"columnType\":\"int(11)\",\"createBy\":\"admin\",\"isPk\":\"1\",\"createTime\":1648004248000,\"tableId\":20,\"pk\":true,\"columnName\":\"store_id\"},{\"capJavaField\":\"ProId\",\"usableColumn\":false,\"columnId\":184,\"isIncrement\":\"0\",\"increment\":false,\"insert\":true,\"isList\":\"1\",\"dictType\":\"\",\"required\":true,\"superColumn\":false,\"updateBy\":\"\",\"isInsert\":\"1\",\"isRequired\":\"1\",\"javaField\":\"proId\",\"htmlType\":\"input\",\"edit\":true,\"query\":true,\"columnComment\":\"项目ID\",\"isQuery\":\"1\",\"sort\":2,\"list\":true,\"params\":{},\"javaType\":\"Long\",\"queryType\":\"EQ\",\"columnType\":\"int(11)\",\"createBy\":\"admin\",\"isPk\":\"0\",\"createTime\":1648004248000,\"isEdit\":\"1\",\"tableId\":20,\"pk\":false,\"columnName\":\"pro_id\"},{\"capJavaField\":\"StoreName\",\"usableColumn\":false,\"columnId\":185,\"isIncrement\":\"0\",\"increment\":false,\"insert\":true,\"isList\":\"1\",\"dictType\":\"\",\"required\":true,\"superColumn\":false,\"updateBy\":\"\",\"isInsert\":\"1\",\"isRequired\":\"1\",\"javaField\":\"storeName\",\"htmlType\":\"input\",\"edit\":true,\"query\":true,\"columnComment\":\"仓库名称\",\"isQuery\":\"1\",\"sort\":3,\"list\":true,\"params\":{},\"javaType\":\"String\",\"queryType\":\"LIKE\",\"columnType\":\"varchar(50)\",\"createBy\":\"admin\",\"isPk\":\"0\",\"createTime\":1648004248000,\"isEdit\":\"1\",\"tableId\":20,\"pk\":false,\"columnName\":\"store_name\"},{\"capJavaField\":\"UserId\",\"usableColumn\":false,\"columnId\":186,\"isIncrement\":\"0\",\"increment\":false,\"insert\":true,\"isList\":\"1\",\"dictType\":\"\",\"required\":true,\"superColumn\":false,\"updateBy\":\"\",\"isInsert\":\"1\",\"isRequired\":\"1\",\"javaField\":\"userId\",\"htmlType\":\"input\",\"edit\":true,\"query\":true,\"columnComment\":\"用户ID\",\"isQuery\":\"1\",\"sort\":4,\"list\":true,\"params\":{},\"javaType\":\"Long\",\"queryType\":\"EQ\",\"c', '{\"msg\":\"操作成功\",\"code\":200}', '0', null, '2022-03-23 19:01:43');
INSERT INTO `sys_oper_log` VALUES ('303', '代码生成', '8', 'com.ruoyi.generator.controller.GenController.batchGenCode()', 'GET', '1', 'admin', null, '/tool/gen/batchGenCode', '127.0.0.1', '内网IP', '{}', null, '0', null, '2022-03-23 19:01:47');
INSERT INTO `sys_oper_log` VALUES ('304', '代码生成', '6', 'com.ruoyi.generator.controller.GenController.importTableSave()', 'POST', '1', 'admin', null, '/tool/gen/importTable', '127.0.0.1', '内网IP', 'mms_material,mms_material_type', '{\"msg\":\"操作成功\",\"code\":200}', '0', null, '2022-03-23 19:29:58');
INSERT INTO `sys_oper_log` VALUES ('305', '代码生成', '2', 'com.ruoyi.generator.controller.GenController.editSave()', 'PUT', '1', 'admin', null, '/tool/gen', '127.0.0.1', '内网IP', '{\"sub\":true,\"subTableName\":\"mms_material_type\",\"functionAuthor\":\"linyuting\",\"columns\":[{\"capJavaField\":\"MatId\",\"usableColumn\":false,\"columnId\":194,\"isIncrement\":\"1\",\"increment\":true,\"insert\":true,\"dictType\":\"\",\"required\":false,\"superColumn\":false,\"updateBy\":\"\",\"isInsert\":\"1\",\"javaField\":\"matId\",\"htmlType\":\"input\",\"edit\":false,\"query\":false,\"columnComment\":\"材料ID\",\"sort\":1,\"list\":false,\"params\":{},\"javaType\":\"Long\",\"queryType\":\"EQ\",\"columnType\":\"int(11)\",\"createBy\":\"admin\",\"isPk\":\"1\",\"createTime\":1648034998000,\"tableId\":21,\"pk\":true,\"columnName\":\"mat_id\"},{\"capJavaField\":\"MatName\",\"usableColumn\":false,\"columnId\":195,\"isIncrement\":\"0\",\"increment\":false,\"insert\":true,\"isList\":\"1\",\"dictType\":\"\",\"required\":true,\"superColumn\":false,\"updateBy\":\"\",\"isInsert\":\"1\",\"isRequired\":\"1\",\"javaField\":\"matName\",\"htmlType\":\"input\",\"edit\":true,\"query\":true,\"columnComment\":\"材料名称\",\"isQuery\":\"1\",\"sort\":2,\"list\":true,\"params\":{},\"javaType\":\"String\",\"queryType\":\"LIKE\",\"columnType\":\"varchar(50)\",\"createBy\":\"admin\",\"isPk\":\"0\",\"createTime\":1648034998000,\"isEdit\":\"1\",\"tableId\":21,\"pk\":false,\"columnName\":\"mat_name\"},{\"capJavaField\":\"MtypeId\",\"usableColumn\":false,\"columnId\":196,\"isIncrement\":\"0\",\"increment\":false,\"insert\":true,\"isList\":\"1\",\"dictType\":\"\",\"required\":true,\"superColumn\":false,\"updateBy\":\"\",\"isInsert\":\"1\",\"isRequired\":\"1\",\"javaField\":\"mtypeId\",\"htmlType\":\"select\",\"edit\":true,\"query\":true,\"columnComment\":\"材料类型ID\",\"isQuery\":\"1\",\"sort\":3,\"list\":true,\"params\":{},\"javaType\":\"Long\",\"queryType\":\"EQ\",\"columnType\":\"int(11)\",\"createBy\":\"admin\",\"isPk\":\"0\",\"createTime\":1648034998000,\"isEdit\":\"1\",\"tableId\":21,\"pk\":false,\"columnName\":\"mtype_id\"},{\"capJavaField\":\"MatSize\",\"usableColumn\":false,\"columnId\":197,\"isIncrement\":\"0\",\"increment\":false,\"insert\":true,\"isList\":\"1\",\"dictType\":\"\",\"required\":true,\"superColumn\":false,\"updateBy\":\"\",\"isInsert\":\"1\",\"isRequired\":\"1\",\"javaField\":\"matSize\",\"htmlType\":\"input\",\"edit\":true,\"query\":true,\"columnComment\":\"材料规格\",\"isQuery\":\"1\",\"sort\":4,\"list\":true,\"params\":{},\"jav', '{\"msg\":\"操作成功\",\"code\":200}', '0', null, '2022-03-23 21:55:54');
INSERT INTO `sys_oper_log` VALUES ('306', '代码生成', '8', 'com.ruoyi.generator.controller.GenController.batchGenCode()', 'GET', '1', 'admin', null, '/tool/gen/batchGenCode', '127.0.0.1', '内网IP', '{}', null, '0', null, '2022-03-23 21:56:46');
INSERT INTO `sys_oper_log` VALUES ('307', '材料管理', '1', 'com.ruoyi.web.controller.material.MmsMaterialController.add()', 'POST', '1', 'admin', null, '/material/material', '127.0.0.1', '内网IP', '{\"params\":{},\"createTime\":1648044632003,\"matSize\":200,\"matUnit\":\"吨\",\"mmsMaterialTypeList\":[{\"typeName\":\"墙体建筑材料\",\"params\":{}},{\"typeName\":\"桥梁建筑材料\",\"params\":{}}],\"matName\":\"白水泥\"}', null, '1', '\r\n### Error updating database.  Cause: java.sql.SQLException: Field \'mtype_id\' doesn\'t have a default value\r\n### The error may exist in file [D:\\RuoYi-Vue-master\\ruoyi-material\\target\\classes\\mapper\\material\\MmsMaterialMapper.xml]\r\n### The error may involve com.ruoyi.material.mapper.MmsMaterialMapper.insertMmsMaterial-Inline\r\n### The error occurred while setting parameters\r\n### SQL: insert into mms_material          ( mat_name,                          mat_size,             mat_unit,                          create_time )           values ( ?,                          ?,             ?,                          ? )\r\n### Cause: java.sql.SQLException: Field \'mtype_id\' doesn\'t have a default value\n; Field \'mtype_id\' doesn\'t have a default value; nested exception is java.sql.SQLException: Field \'mtype_id\' doesn\'t have a default value', '2022-03-23 22:10:32');
INSERT INTO `sys_oper_log` VALUES ('308', '字典类型', '1', 'com.ruoyi.web.controller.system.SysDictTypeController.add()', 'POST', '1', 'admin', null, '/system/dict/type', '127.0.0.1', '内网IP', '{\"createBy\":\"admin\",\"dictName\":\"材料类型\",\"params\":{},\"dictType\":\"mms_material_type\",\"status\":\"0\"}', '{\"msg\":\"操作成功\",\"code\":200}', '0', null, '2022-03-23 22:13:44');
INSERT INTO `sys_oper_log` VALUES ('309', '字典类型', '2', 'com.ruoyi.web.controller.system.SysDictTypeController.edit()', 'PUT', '1', 'admin', null, '/system/dict/type', '127.0.0.1', '内网IP', '{\"createBy\":\"admin\",\"createTime\":1648044824000,\"updateBy\":\"admin\",\"dictName\":\"材料类型\",\"remark\":\"材料类型列表\",\"dictId\":104,\"params\":{},\"dictType\":\"mms_material_type\",\"status\":\"0\"}', '{\"msg\":\"操作成功\",\"code\":200}', '0', null, '2022-03-23 22:14:01');
INSERT INTO `sys_oper_log` VALUES ('310', '代码生成', '3', 'com.ruoyi.generator.controller.GenController.remove()', 'DELETE', '1', 'admin', null, '/tool/gen/22', '127.0.0.1', '内网IP', '{tableIds=22}', '{\"msg\":\"操作成功\",\"code\":200}', '0', null, '2022-03-23 22:18:43');
INSERT INTO `sys_oper_log` VALUES ('311', '代码生成', '3', 'com.ruoyi.generator.controller.GenController.remove()', 'DELETE', '1', 'admin', null, '/tool/gen/21', '127.0.0.1', '内网IP', '{tableIds=21}', '{\"msg\":\"操作成功\",\"code\":200}', '0', null, '2022-03-23 22:18:47');
INSERT INTO `sys_oper_log` VALUES ('312', '代码生成', '6', 'com.ruoyi.generator.controller.GenController.importTableSave()', 'POST', '1', 'admin', null, '/tool/gen/importTable', '127.0.0.1', '内网IP', 'mms_material', '{\"msg\":\"操作成功\",\"code\":200}', '0', null, '2022-03-23 22:18:53');
INSERT INTO `sys_oper_log` VALUES ('313', '代码生成', '2', 'com.ruoyi.generator.controller.GenController.editSave()', 'PUT', '1', 'admin', null, '/tool/gen', '127.0.0.1', '内网IP', '{\"sub\":false,\"functionAuthor\":\"linyuting\",\"columns\":[{\"capJavaField\":\"MatId\",\"usableColumn\":false,\"columnId\":209,\"isIncrement\":\"1\",\"increment\":true,\"insert\":true,\"dictType\":\"\",\"required\":false,\"superColumn\":false,\"updateBy\":\"\",\"isInsert\":\"1\",\"javaField\":\"matId\",\"htmlType\":\"input\",\"edit\":false,\"query\":false,\"columnComment\":\"材料ID\",\"sort\":1,\"list\":false,\"params\":{},\"javaType\":\"Long\",\"queryType\":\"EQ\",\"columnType\":\"int(11)\",\"createBy\":\"admin\",\"isPk\":\"1\",\"createTime\":1648045132000,\"tableId\":23,\"pk\":true,\"columnName\":\"mat_id\"},{\"capJavaField\":\"MatName\",\"usableColumn\":false,\"columnId\":210,\"isIncrement\":\"0\",\"increment\":false,\"insert\":true,\"isList\":\"1\",\"dictType\":\"\",\"required\":true,\"superColumn\":false,\"updateBy\":\"\",\"isInsert\":\"1\",\"isRequired\":\"1\",\"javaField\":\"matName\",\"htmlType\":\"input\",\"edit\":true,\"query\":true,\"columnComment\":\"材料名称\",\"isQuery\":\"1\",\"sort\":2,\"list\":true,\"params\":{},\"javaType\":\"String\",\"queryType\":\"LIKE\",\"columnType\":\"varchar(50)\",\"createBy\":\"admin\",\"isPk\":\"0\",\"createTime\":1648045132000,\"isEdit\":\"1\",\"tableId\":23,\"pk\":false,\"columnName\":\"mat_name\"},{\"capJavaField\":\"MatSize\",\"usableColumn\":false,\"columnId\":211,\"isIncrement\":\"0\",\"increment\":false,\"insert\":true,\"isList\":\"1\",\"dictType\":\"\",\"required\":true,\"superColumn\":false,\"updateBy\":\"\",\"isInsert\":\"1\",\"isRequired\":\"1\",\"javaField\":\"matSize\",\"htmlType\":\"input\",\"edit\":true,\"query\":true,\"columnComment\":\"材料规格\",\"isQuery\":\"1\",\"sort\":3,\"list\":true,\"params\":{},\"javaType\":\"Long\",\"queryType\":\"EQ\",\"columnType\":\"double\",\"createBy\":\"admin\",\"isPk\":\"0\",\"createTime\":1648045132000,\"isEdit\":\"1\",\"tableId\":23,\"pk\":false,\"columnName\":\"mat_size\"},{\"capJavaField\":\"MatUnit\",\"usableColumn\":false,\"columnId\":212,\"isIncrement\":\"0\",\"increment\":false,\"insert\":true,\"isList\":\"1\",\"dictType\":\"\",\"required\":false,\"superColumn\":false,\"updateBy\":\"\",\"isInsert\":\"1\",\"javaField\":\"matUnit\",\"htmlType\":\"input\",\"edit\":true,\"query\":true,\"columnComment\":\"材料单位\",\"isQuery\":\"1\",\"sort\":4,\"list\":true,\"params\":{},\"javaType\":\"String\",\"queryType\":\"EQ\",\"columnType\":\"varchar', '{\"msg\":\"操作成功\",\"code\":200}', '0', null, '2022-03-23 22:19:41');
INSERT INTO `sys_oper_log` VALUES ('314', '代码生成', '8', 'com.ruoyi.generator.controller.GenController.batchGenCode()', 'GET', '1', 'admin', null, '/tool/gen/batchGenCode', '127.0.0.1', '内网IP', '{}', null, '0', null, '2022-03-23 22:19:45');
INSERT INTO `sys_oper_log` VALUES ('315', '材料管理', '1', 'com.ruoyi.web.controller.material.MmsMaterialController.add()', 'POST', '1', 'admin', null, '/material/material', '127.0.0.1', '内网IP', '{\"createTime\":1648045446957,\"matId\":10000,\"matSize\":12,\"matUnit\":\"吨\",\"params\":{},\"matType\":\"0\",\"matName\":\"白水泥\"}', '{\"msg\":\"操作成功\",\"code\":200}', '0', null, '2022-03-23 22:24:07');
INSERT INTO `sys_oper_log` VALUES ('316', '材料管理', '1', 'com.ruoyi.web.controller.material.MmsMaterialController.add()', 'POST', '1', 'admin', null, '/material/material', '127.0.0.1', '内网IP', '{\"createTime\":1648045465344,\"matId\":10001,\"matSize\":10,\"matUnit\":\"吨\",\"params\":{},\"matType\":\"0\",\"matName\":\"灰水泥\"}', '{\"msg\":\"操作成功\",\"code\":200}', '0', null, '2022-03-23 22:24:25');
INSERT INTO `sys_oper_log` VALUES ('317', '代码生成', '6', 'com.ruoyi.generator.controller.GenController.importTableSave()', 'POST', '1', 'admin', null, '/tool/gen/importTable', '127.0.0.1', '内网IP', 'mms_plan,mms_plan_material', '{\"msg\":\"操作成功\",\"code\":200}', '0', null, '2022-03-23 22:34:04');
INSERT INTO `sys_oper_log` VALUES ('318', '代码生成', '2', 'com.ruoyi.generator.controller.GenController.editSave()', 'PUT', '1', 'admin', null, '/tool/gen', '127.0.0.1', '内网IP', '{\"sub\":false,\"functionAuthor\":\"linyuting\",\"columns\":[{\"capJavaField\":\"PlanId\",\"usableColumn\":false,\"columnId\":218,\"isIncrement\":\"1\",\"increment\":true,\"insert\":true,\"dictType\":\"\",\"required\":false,\"superColumn\":false,\"updateBy\":\"\",\"isInsert\":\"1\",\"javaField\":\"planId\",\"htmlType\":\"input\",\"edit\":false,\"query\":false,\"columnComment\":\"计划ID\",\"sort\":1,\"list\":false,\"params\":{},\"javaType\":\"Long\",\"queryType\":\"EQ\",\"columnType\":\"int(11)\",\"createBy\":\"admin\",\"isPk\":\"1\",\"createTime\":1648046044000,\"tableId\":24,\"pk\":true,\"columnName\":\"plan_id\"},{\"capJavaField\":\"PlanName\",\"usableColumn\":false,\"columnId\":219,\"isIncrement\":\"0\",\"increment\":false,\"insert\":true,\"isList\":\"1\",\"dictType\":\"\",\"required\":true,\"superColumn\":false,\"updateBy\":\"\",\"isInsert\":\"1\",\"isRequired\":\"1\",\"javaField\":\"planName\",\"htmlType\":\"input\",\"edit\":true,\"query\":true,\"columnComment\":\"计划名称\",\"isQuery\":\"1\",\"sort\":2,\"list\":true,\"params\":{},\"javaType\":\"String\",\"queryType\":\"LIKE\",\"columnType\":\"varchar(50)\",\"createBy\":\"admin\",\"isPk\":\"0\",\"createTime\":1648046044000,\"isEdit\":\"1\",\"tableId\":24,\"pk\":false,\"columnName\":\"plan_name\"},{\"capJavaField\":\"ProId\",\"usableColumn\":false,\"columnId\":220,\"isIncrement\":\"0\",\"increment\":false,\"insert\":true,\"isList\":\"1\",\"dictType\":\"\",\"required\":true,\"superColumn\":false,\"updateBy\":\"\",\"isInsert\":\"1\",\"isRequired\":\"1\",\"javaField\":\"proId\",\"htmlType\":\"input\",\"edit\":true,\"query\":true,\"columnComment\":\"项目ID\",\"isQuery\":\"1\",\"sort\":3,\"list\":true,\"params\":{},\"javaType\":\"Long\",\"queryType\":\"EQ\",\"columnType\":\"int(11)\",\"createBy\":\"admin\",\"isPk\":\"0\",\"createTime\":1648046044000,\"isEdit\":\"1\",\"tableId\":24,\"pk\":false,\"columnName\":\"pro_id\"},{\"capJavaField\":\"Status\",\"usableColumn\":false,\"columnId\":221,\"isIncrement\":\"0\",\"increment\":false,\"insert\":true,\"isList\":\"1\",\"dictType\":\"mms_pur_status\",\"required\":false,\"superColumn\":false,\"updateBy\":\"\",\"isInsert\":\"1\",\"javaField\":\"status\",\"htmlType\":\"select\",\"edit\":true,\"query\":true,\"columnComment\":\"材料总计划状态（0待审核 1已通过 2未通过）\",\"isQuery\":\"1\",\"sort\":4,\"list\":true,\"params\":{},\"javaType\":\"String\",\"quer', '{\"msg\":\"操作成功\",\"code\":200}', '0', null, '2022-03-23 22:36:46');
INSERT INTO `sys_oper_log` VALUES ('319', '菜单管理', '2', 'com.ruoyi.web.controller.system.SysMenuController.edit()', 'PUT', '1', 'admin', null, '/system/menu', '127.0.0.1', '内网IP', '{\"visible\":\"0\",\"icon\":\"lock\",\"orderNum\":4,\"menuName\":\"采购管理\",\"params\":{},\"parentId\":0,\"isCache\":\"0\",\"path\":\"purchase\",\"children\":[],\"createTime\":1647526838000,\"updateBy\":\"admin\",\"isFrame\":\"1\",\"menuId\":2131,\"menuType\":\"M\",\"perms\":\"\",\"status\":\"0\"}', '{\"msg\":\"操作成功\",\"code\":200}', '0', null, '2022-03-23 22:36:59');
INSERT INTO `sys_oper_log` VALUES ('320', '代码生成', '2', 'com.ruoyi.generator.controller.GenController.editSave()', 'PUT', '1', 'admin', null, '/tool/gen', '127.0.0.1', '内网IP', '{\"sub\":true,\"subTableName\":\"\",\"functionAuthor\":\"linyuting\",\"columns\":[{\"capJavaField\":\"PlanId\",\"usableColumn\":false,\"columnId\":218,\"isIncrement\":\"1\",\"increment\":true,\"insert\":true,\"dictType\":\"\",\"required\":false,\"superColumn\":false,\"updateBy\":\"\",\"isInsert\":\"1\",\"javaField\":\"planId\",\"htmlType\":\"input\",\"edit\":false,\"query\":false,\"columnComment\":\"计划ID\",\"updateTime\":1648046206000,\"sort\":1,\"list\":false,\"params\":{},\"javaType\":\"Long\",\"queryType\":\"EQ\",\"columnType\":\"int(11)\",\"createBy\":\"admin\",\"isPk\":\"1\",\"createTime\":1648046044000,\"tableId\":24,\"pk\":true,\"columnName\":\"plan_id\"},{\"capJavaField\":\"PlanName\",\"usableColumn\":false,\"columnId\":219,\"isIncrement\":\"0\",\"increment\":false,\"insert\":true,\"isList\":\"1\",\"dictType\":\"\",\"required\":true,\"superColumn\":false,\"updateBy\":\"\",\"isInsert\":\"1\",\"isRequired\":\"1\",\"javaField\":\"planName\",\"htmlType\":\"input\",\"edit\":true,\"query\":true,\"columnComment\":\"计划名称\",\"isQuery\":\"1\",\"updateTime\":1648046206000,\"sort\":2,\"list\":true,\"params\":{},\"javaType\":\"String\",\"queryType\":\"LIKE\",\"columnType\":\"varchar(50)\",\"createBy\":\"admin\",\"isPk\":\"0\",\"createTime\":1648046044000,\"isEdit\":\"1\",\"tableId\":24,\"pk\":false,\"columnName\":\"plan_name\"},{\"capJavaField\":\"ProId\",\"usableColumn\":false,\"columnId\":220,\"isIncrement\":\"0\",\"increment\":false,\"insert\":true,\"isList\":\"1\",\"dictType\":\"\",\"required\":true,\"superColumn\":false,\"updateBy\":\"\",\"isInsert\":\"1\",\"isRequired\":\"1\",\"javaField\":\"proId\",\"htmlType\":\"input\",\"edit\":true,\"query\":true,\"columnComment\":\"项目ID\",\"isQuery\":\"1\",\"updateTime\":1648046206000,\"sort\":3,\"list\":true,\"params\":{},\"javaType\":\"Long\",\"queryType\":\"EQ\",\"columnType\":\"int(11)\",\"createBy\":\"admin\",\"isPk\":\"0\",\"createTime\":1648046044000,\"isEdit\":\"1\",\"tableId\":24,\"pk\":false,\"columnName\":\"pro_id\"},{\"capJavaField\":\"Status\",\"usableColumn\":false,\"columnId\":221,\"isIncrement\":\"0\",\"increment\":false,\"insert\":true,\"isList\":\"1\",\"dictType\":\"mms_pur_status\",\"required\":false,\"superColumn\":false,\"updateBy\":\"\",\"isInsert\":\"1\",\"javaField\":\"status\",\"htmlType\":\"select\",\"edit\":true,\"query\":true,\"columnComment\":', '{\"msg\":\"操作成功\",\"code\":200}', '0', null, '2022-03-23 22:38:25');
INSERT INTO `sys_oper_log` VALUES ('321', '代码生成', '2', 'com.ruoyi.generator.controller.GenController.editSave()', 'PUT', '1', 'admin', null, '/tool/gen', '127.0.0.1', '内网IP', '{\"sub\":true,\"subTableName\":\"mms_plan_material\",\"functionAuthor\":\"linyuting\",\"columns\":[{\"capJavaField\":\"PlanId\",\"usableColumn\":false,\"columnId\":218,\"isIncrement\":\"1\",\"increment\":true,\"insert\":true,\"dictType\":\"\",\"required\":false,\"superColumn\":false,\"updateBy\":\"\",\"isInsert\":\"1\",\"javaField\":\"planId\",\"htmlType\":\"input\",\"edit\":false,\"query\":false,\"columnComment\":\"计划ID\",\"updateTime\":1648046305000,\"sort\":1,\"list\":false,\"params\":{},\"javaType\":\"Long\",\"queryType\":\"EQ\",\"columnType\":\"int(11)\",\"createBy\":\"admin\",\"isPk\":\"1\",\"createTime\":1648046044000,\"tableId\":24,\"pk\":true,\"columnName\":\"plan_id\"},{\"capJavaField\":\"PlanName\",\"usableColumn\":false,\"columnId\":219,\"isIncrement\":\"0\",\"increment\":false,\"insert\":true,\"isList\":\"1\",\"dictType\":\"\",\"required\":true,\"superColumn\":false,\"updateBy\":\"\",\"isInsert\":\"1\",\"isRequired\":\"1\",\"javaField\":\"planName\",\"htmlType\":\"input\",\"edit\":true,\"query\":true,\"columnComment\":\"计划名称\",\"isQuery\":\"1\",\"updateTime\":1648046305000,\"sort\":2,\"list\":true,\"params\":{},\"javaType\":\"String\",\"queryType\":\"LIKE\",\"columnType\":\"varchar(50)\",\"createBy\":\"admin\",\"isPk\":\"0\",\"createTime\":1648046044000,\"isEdit\":\"1\",\"tableId\":24,\"pk\":false,\"columnName\":\"plan_name\"},{\"capJavaField\":\"ProId\",\"usableColumn\":false,\"columnId\":220,\"isIncrement\":\"0\",\"increment\":false,\"insert\":true,\"isList\":\"1\",\"dictType\":\"\",\"required\":true,\"superColumn\":false,\"updateBy\":\"\",\"isInsert\":\"1\",\"isRequired\":\"1\",\"javaField\":\"proId\",\"htmlType\":\"input\",\"edit\":true,\"query\":true,\"columnComment\":\"项目ID\",\"isQuery\":\"1\",\"updateTime\":1648046305000,\"sort\":3,\"list\":true,\"params\":{},\"javaType\":\"Long\",\"queryType\":\"EQ\",\"columnType\":\"int(11)\",\"createBy\":\"admin\",\"isPk\":\"0\",\"createTime\":1648046044000,\"isEdit\":\"1\",\"tableId\":24,\"pk\":false,\"columnName\":\"pro_id\"},{\"capJavaField\":\"Status\",\"usableColumn\":false,\"columnId\":221,\"isIncrement\":\"0\",\"increment\":false,\"insert\":true,\"isList\":\"1\",\"dictType\":\"mms_pur_status\",\"required\":false,\"superColumn\":false,\"updateBy\":\"\",\"isInsert\":\"1\",\"javaField\":\"status\",\"htmlType\":\"select\",\"edit\":true,\"query\":true', '{\"msg\":\"操作成功\",\"code\":200}', '0', null, '2022-03-23 22:38:54');
INSERT INTO `sys_oper_log` VALUES ('322', '代码生成', '8', 'com.ruoyi.generator.controller.GenController.batchGenCode()', 'GET', '1', 'admin', null, '/tool/gen/batchGenCode', '127.0.0.1', '内网IP', '{}', null, '0', null, '2022-03-23 22:38:59');
INSERT INTO `sys_oper_log` VALUES ('323', '材料总计划', '1', 'com.ruoyi.web.controller.purchase.MmsPlanController.add()', 'POST', '1', 'admin', null, '/purchase/plan', '127.0.0.1', '内网IP', '{\"mmsPlanMaterialList\":[{\"planNum\":1,\"matId\":10000,\"remark\":\"\",\"params\":{}},{\"planNum\":2,\"matId\":10001,\"remark\":\"\",\"params\":{}}],\"planName\":\"1号计划\",\"params\":{},\"createTime\":1648086661363,\"proId\":1,\"status\":\"0\"}', null, '1', '\r\n### Error updating database.  Cause: java.sql.SQLException: Field \'user_id\' doesn\'t have a default value\r\n### The error may exist in file [D:\\RuoYi-Vue-master\\ruoyi-purchase\\target\\classes\\mapper\\purchase\\MmsPlanMapper.xml]\r\n### The error may involve com.ruoyi.purchase.mapper.MmsPlanMapper.insertMmsPlan-Inline\r\n### The error occurred while setting parameters\r\n### SQL: insert into mms_plan          ( plan_name,             pro_id,             status,                                       create_time )           values ( ?,             ?,             ?,                                       ? )\r\n### Cause: java.sql.SQLException: Field \'user_id\' doesn\'t have a default value\n; Field \'user_id\' doesn\'t have a default value; nested exception is java.sql.SQLException: Field \'user_id\' doesn\'t have a default value', '2022-03-24 09:51:01');
INSERT INTO `sys_oper_log` VALUES ('324', '材料总计划', '1', 'com.ruoyi.web.controller.purchase.MmsPlanController.add()', 'POST', '1', 'admin', null, '/purchase/plan', '127.0.0.1', '内网IP', '{\"mmsPlanMaterialList\":[{\"planNum\":1,\"matId\":10000,\"remark\":\"\",\"params\":{}},{\"planNum\":2,\"matId\":10001,\"remark\":\"\",\"params\":{}}],\"planName\":\"1号计划\",\"params\":{},\"createTime\":1648086664539,\"proId\":1,\"status\":\"0\"}', null, '1', '\r\n### Error updating database.  Cause: java.sql.SQLException: Field \'user_id\' doesn\'t have a default value\r\n### The error may exist in file [D:\\RuoYi-Vue-master\\ruoyi-purchase\\target\\classes\\mapper\\purchase\\MmsPlanMapper.xml]\r\n### The error may involve com.ruoyi.purchase.mapper.MmsPlanMapper.insertMmsPlan-Inline\r\n### The error occurred while setting parameters\r\n### SQL: insert into mms_plan          ( plan_name,             pro_id,             status,                                       create_time )           values ( ?,             ?,             ?,                                       ? )\r\n### Cause: java.sql.SQLException: Field \'user_id\' doesn\'t have a default value\n; Field \'user_id\' doesn\'t have a default value; nested exception is java.sql.SQLException: Field \'user_id\' doesn\'t have a default value', '2022-03-24 09:51:04');
INSERT INTO `sys_oper_log` VALUES ('325', '材料总计划', '1', 'com.ruoyi.web.controller.purchase.MmsPlanController.add()', 'POST', '1', 'admin', null, '/purchase/plan', '127.0.0.1', '内网IP', '{\"mmsPlanMaterialList\":[{\"planNum\":2,\"matId\":10000,\"planId\":1,\"remark\":\"\",\"params\":{}},{\"planNum\":3,\"matId\":10001,\"planId\":1,\"remark\":\"\",\"params\":{}}],\"planName\":\"1号计划\",\"params\":{},\"userId\":1,\"createTime\":1648087278114,\"proId\":1,\"planId\":1,\"status\":\"0\"}', '{\"msg\":\"操作成功\",\"code\":200}', '0', null, '2022-03-24 10:01:18');
INSERT INTO `sys_oper_log` VALUES ('326', '材料总计划', '5', 'com.ruoyi.web.controller.purchase.MmsPlanController.export()', 'POST', '1', 'admin', null, '/purchase/plan/export', '127.0.0.1', '内网IP', '{\"params\":{},\"status\":\"0\"}', null, '0', null, '2022-03-24 10:04:09');
INSERT INTO `sys_oper_log` VALUES ('327', '材料总计划', '1', 'com.ruoyi.web.controller.purchase.MmsPlanController.add()', 'POST', '1', 'admin', null, '/purchase/plan', '127.0.0.1', '内网IP', '{\"mmsPlanMaterialList\":[{\"planNum\":12,\"matId\":10000,\"planId\":2,\"remark\":\"\",\"params\":{}}],\"planName\":\"2号计划\",\"params\":{},\"userId\":1,\"createTime\":1648087494773,\"proId\":2,\"planId\":2,\"status\":\"0\"}', '{\"msg\":\"操作成功\",\"code\":200}', '0', null, '2022-03-24 10:04:54');
INSERT INTO `sys_oper_log` VALUES ('328', '材料总计划', '2', 'com.ruoyi.web.controller.purchase.MmsPlanController.edit()', 'PUT', '1', 'admin', null, '/purchase/plan', '127.0.0.1', '内网IP', '{\"mmsPlanMaterialList\":[{\"planNum\":2,\"matId\":10000,\"planId\":1,\"remark\":\"\",\"id\":1,\"params\":{}},{\"planNum\":3,\"matId\":10001,\"planId\":1,\"remark\":\"\",\"id\":2,\"params\":{}}],\"planName\":\"1号计划\",\"project\":{\"params\":{},\"proId\":1},\"updateTime\":1648091109405,\"params\":{},\"userId\":1,\"createBy\":\"\",\"createTime\":1648087278000,\"updateBy\":\"\",\"proId\":1,\"planId\":1,\"user\":{\"admin\":true,\"params\":{},\"userId\":1},\"status\":\"1\"}', '{\"msg\":\"操作成功\",\"code\":200}', '0', null, '2022-03-24 11:05:09');
INSERT INTO `sys_oper_log` VALUES ('329', '材料总计划', '1', 'com.ruoyi.web.controller.purchase.MmsPlanController.add()', 'POST', '1', 'admin', null, '/purchase/plan', '127.0.0.1', '内网IP', '{\"mmsPlanMaterialList\":[{\"planNum\":1,\"matId\":10000,\"planId\":3,\"remark\":\"\",\"params\":{}}],\"planName\":\"3\",\"params\":{},\"userId\":1,\"createTime\":1648091882950,\"proId\":4,\"planId\":3}', '{\"msg\":\"操作成功\",\"code\":200}', '0', null, '2022-03-24 11:18:03');
INSERT INTO `sys_oper_log` VALUES ('330', '代码生成', '2', 'com.ruoyi.generator.controller.GenController.editSave()', 'PUT', '1', 'admin', null, '/tool/gen', '127.0.0.1', '内网IP', '{\"sub\":false,\"functionAuthor\":\"linyuting\",\"columns\":[{\"capJavaField\":\"Id\",\"usableColumn\":false,\"columnId\":228,\"isIncrement\":\"1\",\"increment\":true,\"insert\":true,\"dictType\":\"\",\"required\":false,\"superColumn\":false,\"updateBy\":\"\",\"isInsert\":\"1\",\"javaField\":\"id\",\"htmlType\":\"input\",\"edit\":false,\"query\":false,\"columnComment\":\"材料与材料总计划表ID\",\"sort\":1,\"list\":false,\"params\":{},\"javaType\":\"Long\",\"queryType\":\"EQ\",\"columnType\":\"int(11)\",\"createBy\":\"admin\",\"isPk\":\"1\",\"createTime\":1648046044000,\"tableId\":25,\"pk\":true,\"columnName\":\"id\"},{\"capJavaField\":\"MatId\",\"usableColumn\":false,\"columnId\":229,\"isIncrement\":\"0\",\"increment\":false,\"insert\":true,\"isList\":\"1\",\"dictType\":\"\",\"required\":true,\"superColumn\":false,\"updateBy\":\"\",\"isInsert\":\"1\",\"isRequired\":\"1\",\"javaField\":\"matId\",\"htmlType\":\"input\",\"edit\":true,\"query\":true,\"columnComment\":\"材料ID\",\"isQuery\":\"1\",\"sort\":2,\"list\":true,\"params\":{},\"javaType\":\"Long\",\"queryType\":\"EQ\",\"columnType\":\"int(11)\",\"createBy\":\"admin\",\"isPk\":\"0\",\"createTime\":1648046044000,\"isEdit\":\"1\",\"tableId\":25,\"pk\":false,\"columnName\":\"mat_id\"},{\"capJavaField\":\"PlanId\",\"usableColumn\":false,\"columnId\":230,\"isIncrement\":\"0\",\"increment\":false,\"insert\":false,\"isList\":\"1\",\"dictType\":\"\",\"required\":false,\"superColumn\":false,\"updateBy\":\"\",\"javaField\":\"planId\",\"htmlType\":\"input\",\"edit\":false,\"query\":true,\"columnComment\":\"计划ID\",\"isQuery\":\"1\",\"sort\":3,\"list\":true,\"params\":{},\"javaType\":\"Long\",\"queryType\":\"EQ\",\"columnType\":\"int(11)\",\"createBy\":\"admin\",\"isPk\":\"0\",\"createTime\":1648046044000,\"tableId\":25,\"pk\":false,\"columnName\":\"plan_id\"},{\"capJavaField\":\"PlanNum\",\"usableColumn\":false,\"columnId\":231,\"isIncrement\":\"0\",\"increment\":false,\"insert\":true,\"isList\":\"1\",\"dictType\":\"\",\"required\":false,\"superColumn\":false,\"updateBy\":\"\",\"isInsert\":\"1\",\"javaField\":\"planNum\",\"htmlType\":\"input\",\"edit\":true,\"query\":true,\"columnComment\":\"计划数量\",\"isQuery\":\"1\",\"sort\":4,\"list\":true,\"params\":{},\"javaType\":\"Long\",\"queryType\":\"EQ\",\"columnType\":\"bigint(20)\",\"createBy\":\"admin\",\"isPk\":\"0\",\"createTime\":1648046044000,\"', '{\"msg\":\"操作成功\",\"code\":200}', '0', null, '2022-03-24 11:24:15');
INSERT INTO `sys_oper_log` VALUES ('331', '代码生成', '8', 'com.ruoyi.generator.controller.GenController.batchGenCode()', 'GET', '1', 'admin', null, '/tool/gen/batchGenCode', '127.0.0.1', '内网IP', '{}', null, '0', null, '2022-03-24 11:24:20');
INSERT INTO `sys_oper_log` VALUES ('332', '菜单管理', '2', 'com.ruoyi.web.controller.system.SysMenuController.edit()', 'PUT', '1', 'admin', null, '/system/menu', '127.0.0.1', '内网IP', '{\"visible\":\"1\",\"icon\":\"#\",\"orderNum\":1,\"menuName\":\"材料与材料总计划\",\"params\":{},\"parentId\":2131,\"isCache\":\"0\",\"path\":\"plandetail\",\"component\":\"purchase/plandetail/index\",\"children\":[],\"createTime\":1648092780000,\"updateBy\":\"admin\",\"isFrame\":\"1\",\"menuId\":2171,\"menuType\":\"C\",\"perms\":\"purchase:plandetail:list\",\"status\":\"0\"}', '{\"msg\":\"操作成功\",\"code\":200}', '0', null, '2022-03-24 21:24:09');
INSERT INTO `sys_oper_log` VALUES ('333', '代码生成', '6', 'com.ruoyi.generator.controller.GenController.importTableSave()', 'POST', '1', 'admin', null, '/tool/gen/importTable', '127.0.0.1', '内网IP', 'mms_need,mms_need_material', '{\"msg\":\"操作成功\",\"code\":200}', '0', null, '2022-03-24 21:25:12');
INSERT INTO `sys_oper_log` VALUES ('334', '代码生成', '2', 'com.ruoyi.generator.controller.GenController.editSave()', 'PUT', '1', 'admin', null, '/tool/gen', '127.0.0.1', '内网IP', '{\"sub\":false,\"functionAuthor\":\"linyuting\",\"columns\":[{\"capJavaField\":\"NeedId\",\"usableColumn\":false,\"columnId\":237,\"isIncrement\":\"1\",\"increment\":true,\"insert\":true,\"dictType\":\"\",\"required\":false,\"superColumn\":false,\"updateBy\":\"\",\"isInsert\":\"1\",\"javaField\":\"needId\",\"htmlType\":\"input\",\"edit\":false,\"query\":false,\"columnComment\":\"需用计划ID\",\"sort\":1,\"list\":false,\"params\":{},\"javaType\":\"Long\",\"queryType\":\"EQ\",\"columnType\":\"int(11)\",\"createBy\":\"admin\",\"isPk\":\"1\",\"createTime\":1648128312000,\"tableId\":26,\"pk\":true,\"columnName\":\"need_id\"},{\"capJavaField\":\"NeedName\",\"usableColumn\":false,\"columnId\":238,\"isIncrement\":\"0\",\"increment\":false,\"insert\":true,\"isList\":\"1\",\"dictType\":\"\",\"required\":true,\"superColumn\":false,\"updateBy\":\"\",\"isInsert\":\"1\",\"isRequired\":\"1\",\"javaField\":\"needName\",\"htmlType\":\"input\",\"edit\":true,\"query\":true,\"columnComment\":\"需用计划名称\",\"isQuery\":\"1\",\"sort\":2,\"list\":true,\"params\":{},\"javaType\":\"String\",\"queryType\":\"LIKE\",\"columnType\":\"varchar(50)\",\"createBy\":\"admin\",\"isPk\":\"0\",\"createTime\":1648128312000,\"isEdit\":\"1\",\"tableId\":26,\"pk\":false,\"columnName\":\"need_name\"},{\"capJavaField\":\"PlanId\",\"usableColumn\":false,\"columnId\":239,\"isIncrement\":\"0\",\"increment\":false,\"insert\":true,\"isList\":\"1\",\"dictType\":\"\",\"required\":true,\"superColumn\":false,\"updateBy\":\"\",\"isInsert\":\"1\",\"isRequired\":\"1\",\"javaField\":\"planId\",\"htmlType\":\"input\",\"edit\":true,\"query\":true,\"columnComment\":\"原计划ID\",\"isQuery\":\"1\",\"sort\":3,\"list\":true,\"params\":{},\"javaType\":\"Long\",\"queryType\":\"EQ\",\"columnType\":\"int(11)\",\"createBy\":\"admin\",\"isPk\":\"0\",\"createTime\":1648128312000,\"isEdit\":\"1\",\"tableId\":26,\"pk\":false,\"columnName\":\"plan_id\"},{\"capJavaField\":\"ProId\",\"usableColumn\":false,\"columnId\":240,\"isIncrement\":\"0\",\"increment\":false,\"insert\":true,\"isList\":\"1\",\"dictType\":\"\",\"required\":true,\"superColumn\":false,\"updateBy\":\"\",\"isInsert\":\"1\",\"isRequired\":\"1\",\"javaField\":\"proId\",\"htmlType\":\"input\",\"edit\":true,\"query\":true,\"columnComment\":\"项目ID\",\"isQuery\":\"1\",\"sort\":4,\"list\":true,\"params\":{},\"javaType\":\"Long\",\"queryType\":\"EQ\",\"c', '{\"msg\":\"操作成功\",\"code\":200}', '0', null, '2022-03-24 21:27:00');
INSERT INTO `sys_oper_log` VALUES ('335', '代码生成', '2', 'com.ruoyi.generator.controller.GenController.editSave()', 'PUT', '1', 'admin', null, '/tool/gen', '127.0.0.1', '内网IP', '{\"sub\":false,\"functionAuthor\":\"linyuting\",\"columns\":[{\"capJavaField\":\"NeedId\",\"usableColumn\":false,\"columnId\":237,\"isIncrement\":\"1\",\"increment\":true,\"insert\":true,\"dictType\":\"\",\"required\":false,\"superColumn\":false,\"updateBy\":\"\",\"isInsert\":\"1\",\"javaField\":\"needId\",\"htmlType\":\"input\",\"edit\":false,\"query\":false,\"columnComment\":\"需用计划ID\",\"updateTime\":1648128419000,\"sort\":1,\"list\":false,\"params\":{},\"javaType\":\"Long\",\"queryType\":\"EQ\",\"columnType\":\"int(11)\",\"createBy\":\"admin\",\"isPk\":\"1\",\"createTime\":1648128312000,\"tableId\":26,\"pk\":true,\"columnName\":\"need_id\"},{\"capJavaField\":\"NeedName\",\"usableColumn\":false,\"columnId\":238,\"isIncrement\":\"0\",\"increment\":false,\"insert\":true,\"isList\":\"1\",\"dictType\":\"\",\"required\":true,\"superColumn\":false,\"updateBy\":\"\",\"isInsert\":\"1\",\"isRequired\":\"1\",\"javaField\":\"needName\",\"htmlType\":\"input\",\"edit\":true,\"query\":true,\"columnComment\":\"需用计划名称\",\"isQuery\":\"1\",\"updateTime\":1648128419000,\"sort\":2,\"list\":true,\"params\":{},\"javaType\":\"String\",\"queryType\":\"LIKE\",\"columnType\":\"varchar(50)\",\"createBy\":\"admin\",\"isPk\":\"0\",\"createTime\":1648128312000,\"isEdit\":\"1\",\"tableId\":26,\"pk\":false,\"columnName\":\"need_name\"},{\"capJavaField\":\"PlanId\",\"usableColumn\":false,\"columnId\":239,\"isIncrement\":\"0\",\"increment\":false,\"insert\":true,\"isList\":\"1\",\"dictType\":\"\",\"required\":true,\"superColumn\":false,\"updateBy\":\"\",\"isInsert\":\"1\",\"isRequired\":\"1\",\"javaField\":\"planId\",\"htmlType\":\"input\",\"edit\":true,\"query\":true,\"columnComment\":\"原计划ID\",\"isQuery\":\"1\",\"updateTime\":1648128419000,\"sort\":3,\"list\":true,\"params\":{},\"javaType\":\"Long\",\"queryType\":\"EQ\",\"columnType\":\"int(11)\",\"createBy\":\"admin\",\"isPk\":\"0\",\"createTime\":1648128312000,\"isEdit\":\"1\",\"tableId\":26,\"pk\":false,\"columnName\":\"plan_id\"},{\"capJavaField\":\"ProId\",\"usableColumn\":false,\"columnId\":240,\"isIncrement\":\"0\",\"increment\":false,\"insert\":true,\"isList\":\"1\",\"dictType\":\"\",\"required\":true,\"superColumn\":false,\"updateBy\":\"\",\"isInsert\":\"1\",\"isRequired\":\"1\",\"javaField\":\"proId\",\"htmlType\":\"input\",\"edit\":true,\"query\":true,\"columnComment\":\"项目ID\",\"is', '{\"msg\":\"操作成功\",\"code\":200}', '0', null, '2022-03-24 21:27:17');
INSERT INTO `sys_oper_log` VALUES ('336', '代码生成', '2', 'com.ruoyi.generator.controller.GenController.editSave()', 'PUT', '1', 'admin', null, '/tool/gen', '127.0.0.1', '内网IP', '{\"sub\":true,\"subTableName\":\"mms_need_material\",\"functionAuthor\":\"linyuting\",\"columns\":[{\"capJavaField\":\"NeedId\",\"usableColumn\":false,\"columnId\":237,\"isIncrement\":\"1\",\"increment\":true,\"insert\":true,\"dictType\":\"\",\"required\":false,\"superColumn\":false,\"updateBy\":\"\",\"isInsert\":\"1\",\"javaField\":\"needId\",\"htmlType\":\"input\",\"edit\":false,\"query\":false,\"columnComment\":\"需用计划ID\",\"updateTime\":1648128437000,\"sort\":1,\"list\":false,\"params\":{},\"javaType\":\"Long\",\"queryType\":\"EQ\",\"columnType\":\"int(11)\",\"createBy\":\"admin\",\"isPk\":\"1\",\"createTime\":1648128312000,\"tableId\":26,\"pk\":true,\"columnName\":\"need_id\"},{\"capJavaField\":\"NeedName\",\"usableColumn\":false,\"columnId\":238,\"isIncrement\":\"0\",\"increment\":false,\"insert\":true,\"isList\":\"1\",\"dictType\":\"\",\"required\":true,\"superColumn\":false,\"updateBy\":\"\",\"isInsert\":\"1\",\"isRequired\":\"1\",\"javaField\":\"needName\",\"htmlType\":\"input\",\"edit\":true,\"query\":true,\"columnComment\":\"需用计划名称\",\"isQuery\":\"1\",\"updateTime\":1648128437000,\"sort\":2,\"list\":true,\"params\":{},\"javaType\":\"String\",\"queryType\":\"LIKE\",\"columnType\":\"varchar(50)\",\"createBy\":\"admin\",\"isPk\":\"0\",\"createTime\":1648128312000,\"isEdit\":\"1\",\"tableId\":26,\"pk\":false,\"columnName\":\"need_name\"},{\"capJavaField\":\"PlanId\",\"usableColumn\":false,\"columnId\":239,\"isIncrement\":\"0\",\"increment\":false,\"insert\":true,\"isList\":\"1\",\"dictType\":\"\",\"required\":true,\"superColumn\":false,\"updateBy\":\"\",\"isInsert\":\"1\",\"isRequired\":\"1\",\"javaField\":\"planId\",\"htmlType\":\"input\",\"edit\":true,\"query\":true,\"columnComment\":\"原计划ID\",\"isQuery\":\"1\",\"updateTime\":1648128437000,\"sort\":3,\"list\":true,\"params\":{},\"javaType\":\"Long\",\"queryType\":\"EQ\",\"columnType\":\"int(11)\",\"createBy\":\"admin\",\"isPk\":\"0\",\"createTime\":1648128312000,\"isEdit\":\"1\",\"tableId\":26,\"pk\":false,\"columnName\":\"plan_id\"},{\"capJavaField\":\"ProId\",\"usableColumn\":false,\"columnId\":240,\"isIncrement\":\"0\",\"increment\":false,\"insert\":true,\"isList\":\"1\",\"dictType\":\"\",\"required\":true,\"superColumn\":false,\"updateBy\":\"\",\"isInsert\":\"1\",\"isRequired\":\"1\",\"javaField\":\"proId\",\"htmlType\":\"input\",\"edit\":true,\"quer', '{\"msg\":\"操作成功\",\"code\":200}', '0', null, '2022-03-24 21:27:43');
INSERT INTO `sys_oper_log` VALUES ('337', '代码生成', '8', 'com.ruoyi.generator.controller.GenController.batchGenCode()', 'GET', '1', 'admin', null, '/tool/gen/batchGenCode', '127.0.0.1', '内网IP', '{}', null, '0', null, '2022-03-24 21:27:47');
INSERT INTO `sys_oper_log` VALUES ('338', '材料需用计划', '1', 'com.ruoyi.web.controller.purchase.MmsNeedController.add()', 'POST', '1', 'admin', null, '/purchase/need', '127.0.0.1', '内网IP', '{\"params\":{},\"userId\":1,\"createTime\":1648133351365,\"needName\":\"1号\",\"mmsNeedMaterialList\":[],\"planId\":1,\"status\":\"0\"}', null, '1', '\r\n### Error updating database.  Cause: java.sql.SQLException: Field \'pro_id\' doesn\'t have a default value\r\n### The error may exist in file [D:\\RuoYi-Vue-master\\ruoyi-purchase\\target\\classes\\mapper\\purchase\\MmsNeedMapper.xml]\r\n### The error may involve com.ruoyi.purchase.mapper.MmsNeedMapper.insertMmsNeed-Inline\r\n### The error occurred while setting parameters\r\n### SQL: insert into mms_need          ( need_name,             plan_id,                          status,             user_id,                          create_time )           values ( ?,             ?,                          ?,             ?,                          ? )\r\n### Cause: java.sql.SQLException: Field \'pro_id\' doesn\'t have a default value\n; Field \'pro_id\' doesn\'t have a default value; nested exception is java.sql.SQLException: Field \'pro_id\' doesn\'t have a default value', '2022-03-24 22:49:11');
INSERT INTO `sys_oper_log` VALUES ('339', '材料需用计划', '1', 'com.ruoyi.web.controller.purchase.MmsNeedController.add()', 'POST', '1', 'admin', null, '/purchase/need', '127.0.0.1', '内网IP', '{\"needId\":1,\"params\":{},\"userId\":1,\"createTime\":1648182866590,\"needName\":\"3号\",\"proId\":4,\"mmsNeedMaterialList\":[{\"needId\":1,\"matId\":10000,\"matUprice\":10,\"remark\":\"\",\"id\":4,\"params\":{}}],\"planId\":3,\"status\":\"0\"}', '{\"msg\":\"操作成功\",\"code\":200}', '0', null, '2022-03-25 12:34:27');
INSERT INTO `sys_oper_log` VALUES ('340', '材料需用计划', '1', 'com.ruoyi.web.controller.purchase.MmsNeedController.add()', 'POST', '1', 'admin', null, '/purchase/need', '127.0.0.1', '内网IP', '{\"needId\":2,\"params\":{},\"userId\":1,\"createTime\":1648182917128,\"needName\":\"测试需用计划\",\"proId\":1,\"mmsNeedMaterialList\":[{\"needId\":2,\"matId\":10000,\"matUprice\":10,\"remark\":\"\",\"id\":1,\"params\":{}},{\"needId\":2,\"matId\":10001,\"matUprice\":12,\"remark\":\"\",\"id\":2,\"params\":{}}],\"planId\":1,\"status\":\"0\"}', '{\"msg\":\"操作成功\",\"code\":200}', '0', null, '2022-03-25 12:35:17');
INSERT INTO `sys_oper_log` VALUES ('341', '材料管理', '1', 'com.ruoyi.web.controller.material.MmsMaterialController.add()', 'POST', '1', 'admin', null, '/material/material', '127.0.0.1', '内网IP', '{\"createTime\":1648183003458,\"matId\":10002,\"matSize\":1,\"matUnit\":\"捆\",\"params\":{},\"matType\":\"0\",\"matName\":\"钢筋\"}', '{\"msg\":\"操作成功\",\"code\":200}', '0', null, '2022-03-25 12:36:43');
INSERT INTO `sys_oper_log` VALUES ('342', '材料需用计划', '2', 'com.ruoyi.web.controller.purchase.MmsNeedController.edit()', 'PUT', '1', 'admin', null, '/purchase/need', '127.0.0.1', '内网IP', '{\"needId\":1,\"project\":{\"params\":{},\"proId\":4},\"updateTime\":1648183040730,\"params\":{},\"userId\":1,\"createBy\":\"\",\"createTime\":1648182867000,\"updateBy\":\"\",\"needName\":\"3号\",\"proId\":4,\"mmsNeedMaterialList\":[{\"needId\":1,\"matId\":10000,\"matUprice\":10,\"remark\":\"\",\"id\":4,\"params\":{}},{\"needId\":1,\"matId\":10002,\"matUprice\":100,\"remark\":\"\",\"params\":{}}],\"planId\":3,\"plan\":{\"params\":{},\"proId\":4,\"planId\":3},\"user\":{\"admin\":true,\"params\":{},\"userId\":1},\"status\":\"0\"}', '{\"msg\":\"操作成功\",\"code\":200}', '0', null, '2022-03-25 12:37:20');
INSERT INTO `sys_oper_log` VALUES ('343', '材料需用计划', '2', 'com.ruoyi.web.controller.purchase.MmsNeedController.edit()', 'PUT', '1', 'admin', null, '/purchase/need', '127.0.0.1', '内网IP', '{\"needId\":2,\"project\":{\"params\":{},\"proId\":1},\"updateTime\":1648183115105,\"params\":{},\"userId\":1,\"createBy\":\"\",\"createTime\":1648182917000,\"updateBy\":\"\",\"needName\":\"测试需用计划\",\"proId\":1,\"mmsNeedMaterialList\":[{\"needId\":2,\"matId\":10000,\"matUprice\":10,\"remark\":\"\",\"id\":1,\"params\":{}},{\"needId\":2,\"matId\":10001,\"matUprice\":12,\"remark\":\"\",\"id\":2,\"params\":{}},{\"needId\":2,\"matId\":10002,\"matUprice\":100,\"remark\":\"\",\"params\":{}}],\"planId\":1,\"plan\":{\"params\":{},\"proId\":1,\"planId\":1},\"user\":{\"admin\":true,\"params\":{},\"userId\":1},\"status\":\"0\"}', '{\"msg\":\"操作成功\",\"code\":200}', '0', null, '2022-03-25 12:38:35');
INSERT INTO `sys_oper_log` VALUES ('344', '代码生成', '6', 'com.ruoyi.generator.controller.GenController.importTableSave()', 'POST', '1', 'admin', null, '/tool/gen/importTable', '127.0.0.1', '内网IP', 'mms_contract_material,mms_contract', '{\"msg\":\"操作成功\",\"code\":200}', '0', null, '2022-03-25 12:41:05');
INSERT INTO `sys_oper_log` VALUES ('345', '代码生成', '2', 'com.ruoyi.generator.controller.GenController.editSave()', 'PUT', '1', 'admin', null, '/tool/gen', '127.0.0.1', '内网IP', '{\"sub\":false,\"functionAuthor\":\"linyuting\",\"columns\":[{\"capJavaField\":\"ConId\",\"usableColumn\":false,\"columnId\":257,\"isIncrement\":\"1\",\"increment\":true,\"insert\":true,\"dictType\":\"\",\"required\":false,\"superColumn\":false,\"updateBy\":\"\",\"isInsert\":\"1\",\"javaField\":\"conId\",\"htmlType\":\"input\",\"edit\":false,\"query\":false,\"columnComment\":\"合同ID\",\"sort\":1,\"list\":false,\"params\":{},\"javaType\":\"Long\",\"queryType\":\"EQ\",\"columnType\":\"int(11)\",\"createBy\":\"admin\",\"isPk\":\"1\",\"createTime\":1648183265000,\"tableId\":28,\"pk\":true,\"columnName\":\"con_id\"},{\"capJavaField\":\"ConName\",\"usableColumn\":false,\"columnId\":258,\"isIncrement\":\"0\",\"increment\":false,\"insert\":true,\"isList\":\"1\",\"dictType\":\"\",\"required\":true,\"superColumn\":false,\"updateBy\":\"\",\"isInsert\":\"1\",\"isRequired\":\"1\",\"javaField\":\"conName\",\"htmlType\":\"input\",\"edit\":true,\"query\":true,\"columnComment\":\"合同名称\",\"isQuery\":\"1\",\"sort\":2,\"list\":true,\"params\":{},\"javaType\":\"String\",\"queryType\":\"LIKE\",\"columnType\":\"varchar(255)\",\"createBy\":\"admin\",\"isPk\":\"0\",\"createTime\":1648183265000,\"isEdit\":\"1\",\"tableId\":28,\"pk\":false,\"columnName\":\"con_name\"},{\"capJavaField\":\"ProId\",\"usableColumn\":false,\"columnId\":259,\"isIncrement\":\"0\",\"increment\":false,\"insert\":true,\"isList\":\"1\",\"dictType\":\"\",\"required\":true,\"superColumn\":false,\"updateBy\":\"\",\"isInsert\":\"1\",\"isRequired\":\"1\",\"javaField\":\"proId\",\"htmlType\":\"select\",\"edit\":true,\"query\":true,\"columnComment\":\"项目ID\",\"isQuery\":\"1\",\"sort\":3,\"list\":true,\"params\":{},\"javaType\":\"Long\",\"queryType\":\"EQ\",\"columnType\":\"int(11)\",\"createBy\":\"admin\",\"isPk\":\"0\",\"createTime\":1648183265000,\"isEdit\":\"1\",\"tableId\":28,\"pk\":false,\"columnName\":\"pro_id\"},{\"capJavaField\":\"NeedId\",\"usableColumn\":false,\"columnId\":260,\"isIncrement\":\"0\",\"increment\":false,\"insert\":true,\"isList\":\"1\",\"dictType\":\"\",\"required\":true,\"superColumn\":false,\"updateBy\":\"\",\"isInsert\":\"1\",\"isRequired\":\"1\",\"javaField\":\"needId\",\"htmlType\":\"select\",\"edit\":true,\"query\":true,\"columnComment\":\"需用计划ID\",\"isQuery\":\"1\",\"sort\":4,\"list\":true,\"params\":{},\"javaType\":\"Long\",\"queryType\":\"EQ\",\"columnTy', '{\"msg\":\"操作成功\",\"code\":200}', '0', null, '2022-03-25 13:12:02');
INSERT INTO `sys_oper_log` VALUES ('346', '代码生成', '2', 'com.ruoyi.generator.controller.GenController.editSave()', 'PUT', '1', 'admin', null, '/tool/gen', '127.0.0.1', '内网IP', '{\"sub\":true,\"subTableName\":\"mms_contract_material\",\"functionAuthor\":\"linyuting\",\"columns\":[{\"capJavaField\":\"ConId\",\"usableColumn\":false,\"columnId\":257,\"isIncrement\":\"1\",\"increment\":true,\"insert\":true,\"dictType\":\"\",\"required\":false,\"superColumn\":false,\"updateBy\":\"\",\"isInsert\":\"1\",\"javaField\":\"conId\",\"htmlType\":\"input\",\"edit\":false,\"query\":false,\"columnComment\":\"合同ID\",\"updateTime\":1648185122000,\"sort\":1,\"list\":false,\"params\":{},\"javaType\":\"Long\",\"queryType\":\"EQ\",\"columnType\":\"int(11)\",\"createBy\":\"admin\",\"isPk\":\"1\",\"createTime\":1648183265000,\"tableId\":28,\"pk\":true,\"columnName\":\"con_id\"},{\"capJavaField\":\"ConName\",\"usableColumn\":false,\"columnId\":258,\"isIncrement\":\"0\",\"increment\":false,\"insert\":true,\"isList\":\"1\",\"dictType\":\"\",\"required\":true,\"superColumn\":false,\"updateBy\":\"\",\"isInsert\":\"1\",\"isRequired\":\"1\",\"javaField\":\"conName\",\"htmlType\":\"input\",\"edit\":true,\"query\":true,\"columnComment\":\"合同名称\",\"isQuery\":\"1\",\"updateTime\":1648185122000,\"sort\":2,\"list\":true,\"params\":{},\"javaType\":\"String\",\"queryType\":\"LIKE\",\"columnType\":\"varchar(255)\",\"createBy\":\"admin\",\"isPk\":\"0\",\"createTime\":1648183265000,\"isEdit\":\"1\",\"tableId\":28,\"pk\":false,\"columnName\":\"con_name\"},{\"capJavaField\":\"ProId\",\"usableColumn\":false,\"columnId\":259,\"isIncrement\":\"0\",\"increment\":false,\"insert\":true,\"isList\":\"1\",\"dictType\":\"\",\"required\":true,\"superColumn\":false,\"updateBy\":\"\",\"isInsert\":\"1\",\"isRequired\":\"1\",\"javaField\":\"proId\",\"htmlType\":\"select\",\"edit\":true,\"query\":true,\"columnComment\":\"项目ID\",\"isQuery\":\"1\",\"updateTime\":1648185122000,\"sort\":3,\"list\":true,\"params\":{},\"javaType\":\"Long\",\"queryType\":\"EQ\",\"columnType\":\"int(11)\",\"createBy\":\"admin\",\"isPk\":\"0\",\"createTime\":1648183265000,\"isEdit\":\"1\",\"tableId\":28,\"pk\":false,\"columnName\":\"pro_id\"},{\"capJavaField\":\"NeedId\",\"usableColumn\":false,\"columnId\":260,\"isIncrement\":\"0\",\"increment\":false,\"insert\":true,\"isList\":\"1\",\"dictType\":\"\",\"required\":true,\"superColumn\":false,\"updateBy\":\"\",\"isInsert\":\"1\",\"isRequired\":\"1\",\"javaField\":\"needId\",\"htmlType\":\"select\",\"edit\":true,\"query\":tr', '{\"msg\":\"操作成功\",\"code\":200}', '0', null, '2022-03-25 13:12:26');
INSERT INTO `sys_oper_log` VALUES ('347', '字典类型', '2', 'com.ruoyi.web.controller.system.SysDictTypeController.edit()', 'PUT', '1', 'admin', null, '/system/dict/type', '127.0.0.1', '内网IP', '{\"createBy\":\"\",\"updateBy\":\"admin\",\"dictName\":\"交货方式\",\"remark\":\"交货方式列表\",\"dictId\":106,\"params\":{},\"dictType\":\"mms_delivery\",\"status\":\"0\"}', '{\"msg\":\"操作成功\",\"code\":200}', '0', null, '2022-03-25 16:55:09');
INSERT INTO `sys_oper_log` VALUES ('348', '字典类型', '2', 'com.ruoyi.web.controller.system.SysDictTypeController.edit()', 'PUT', '1', 'admin', null, '/system/dict/type', '127.0.0.1', '内网IP', '{\"createBy\":\"\",\"updateBy\":\"admin\",\"dictName\":\"结算方式\",\"remark\":\"结算方式列表\",\"dictId\":107,\"params\":{},\"dictType\":\"mms_clear\",\"status\":\"0\"}', '{\"msg\":\"操作成功\",\"code\":200}', '0', null, '2022-03-25 16:55:19');
INSERT INTO `sys_oper_log` VALUES ('349', '代码生成', '2', 'com.ruoyi.generator.controller.GenController.editSave()', 'PUT', '1', 'admin', null, '/tool/gen', '127.0.0.1', '内网IP', '{\"sub\":true,\"subTableName\":\"mms_contract_material\",\"functionAuthor\":\"linyuting\",\"columns\":[{\"capJavaField\":\"ConId\",\"usableColumn\":false,\"columnId\":257,\"isIncrement\":\"1\",\"increment\":true,\"insert\":true,\"dictType\":\"\",\"required\":false,\"superColumn\":false,\"updateBy\":\"\",\"isInsert\":\"1\",\"javaField\":\"conId\",\"htmlType\":\"input\",\"edit\":false,\"query\":false,\"columnComment\":\"合同ID\",\"updateTime\":1648185146000,\"sort\":1,\"list\":false,\"params\":{},\"javaType\":\"Long\",\"queryType\":\"EQ\",\"columnType\":\"int(11)\",\"createBy\":\"admin\",\"isPk\":\"1\",\"createTime\":1648183265000,\"tableId\":28,\"pk\":true,\"columnName\":\"con_id\"},{\"capJavaField\":\"ConName\",\"usableColumn\":false,\"columnId\":258,\"isIncrement\":\"0\",\"increment\":false,\"insert\":true,\"isList\":\"1\",\"dictType\":\"\",\"required\":true,\"superColumn\":false,\"updateBy\":\"\",\"isInsert\":\"1\",\"isRequired\":\"1\",\"javaField\":\"conName\",\"htmlType\":\"input\",\"edit\":true,\"query\":true,\"columnComment\":\"合同名称\",\"isQuery\":\"1\",\"updateTime\":1648185146000,\"sort\":2,\"list\":true,\"params\":{},\"javaType\":\"String\",\"queryType\":\"LIKE\",\"columnType\":\"varchar(255)\",\"createBy\":\"admin\",\"isPk\":\"0\",\"createTime\":1648183265000,\"isEdit\":\"1\",\"tableId\":28,\"pk\":false,\"columnName\":\"con_name\"},{\"capJavaField\":\"ProId\",\"usableColumn\":false,\"columnId\":259,\"isIncrement\":\"0\",\"increment\":false,\"insert\":true,\"isList\":\"1\",\"dictType\":\"\",\"required\":true,\"superColumn\":false,\"updateBy\":\"\",\"isInsert\":\"1\",\"isRequired\":\"1\",\"javaField\":\"proId\",\"htmlType\":\"select\",\"edit\":true,\"query\":true,\"columnComment\":\"项目ID\",\"isQuery\":\"1\",\"updateTime\":1648185146000,\"sort\":3,\"list\":true,\"params\":{},\"javaType\":\"Long\",\"queryType\":\"EQ\",\"columnType\":\"int(11)\",\"createBy\":\"admin\",\"isPk\":\"0\",\"createTime\":1648183265000,\"isEdit\":\"1\",\"tableId\":28,\"pk\":false,\"columnName\":\"pro_id\"},{\"capJavaField\":\"NeedId\",\"usableColumn\":false,\"columnId\":260,\"isIncrement\":\"0\",\"increment\":false,\"insert\":true,\"isList\":\"1\",\"dictType\":\"\",\"required\":true,\"superColumn\":false,\"updateBy\":\"\",\"isInsert\":\"1\",\"isRequired\":\"1\",\"javaField\":\"needId\",\"htmlType\":\"select\",\"edit\":true,\"query\":tr', '{\"msg\":\"操作成功\",\"code\":200}', '0', null, '2022-03-25 17:01:05');
INSERT INTO `sys_oper_log` VALUES ('350', '代码生成', '8', 'com.ruoyi.generator.controller.GenController.batchGenCode()', 'GET', '1', 'admin', null, '/tool/gen/batchGenCode', '127.0.0.1', '内网IP', '{}', null, '0', null, '2022-03-25 17:01:18');
INSERT INTO `sys_oper_log` VALUES ('351', '材料合同', '1', 'com.ruoyi.web.controller.purchase.MmsContractController.add()', 'POST', '1', 'admin', null, '/purchase/contract', '127.0.0.1', '内网IP', '{\"needId\":2,\"supplierId\":1,\"endDate\":1649952000000,\"conName\":\"正经合同\",\"paymentWay\":\"0\",\"params\":{},\"userId\":1,\"clearingForm\":\"0\",\"createTime\":1648295176537,\"proId\":1,\"mmsContractMaterialList\":[{\"conUprice\":10.0,\"conTprice\":12.0,\"remark\":\"\",\"params\":{},\"conTax\":0.2,\"matId\":10000,\"conId\":1,\"conNum\":1000,\"id\":1},{\"conUprice\":9.0,\"conTprice\":10.8,\"remark\":\"\",\"params\":{},\"conTax\":0.2,\"matId\":10001,\"conId\":1,\"conNum\":1000,\"id\":2},{\"conUprice\":11.0,\"conTprice\":13.2,\"remark\":\"\",\"params\":{},\"conTax\":0.2,\"matId\":10002,\"conId\":1,\"conNum\":1000,\"id\":7}],\"conId\":1,\"deliveryWay\":\"1\",\"startDate\":1648224000000}', '{\"msg\":\"操作成功\",\"code\":200}', '0', null, '2022-03-26 19:46:17');
INSERT INTO `sys_oper_log` VALUES ('352', '代码生成', '6', 'com.ruoyi.generator.controller.GenController.importTableSave()', 'POST', '1', 'admin', null, '/tool/gen/importTable', '127.0.0.1', '内网IP', 'mms_store_material', '{\"msg\":\"操作成功\",\"code\":200}', '0', null, '2022-03-26 20:19:21');
INSERT INTO `sys_oper_log` VALUES ('353', '代码生成', '6', 'com.ruoyi.generator.controller.GenController.importTableSave()', 'POST', '1', 'admin', null, '/tool/gen/importTable', '127.0.0.1', '内网IP', 'mms_received_material,mms_received', '{\"msg\":\"操作成功\",\"code\":200}', '0', null, '2022-03-26 20:19:27');
INSERT INTO `sys_oper_log` VALUES ('354', '代码生成', '2', 'com.ruoyi.generator.controller.GenController.editSave()', 'PUT', '1', 'admin', null, '/tool/gen', '127.0.0.1', '内网IP', '{\"sub\":true,\"subTableName\":\"mms_store_material\",\"functionAuthor\":\"linyuting\",\"columns\":[{\"capJavaField\":\"StoreId\",\"usableColumn\":false,\"columnId\":183,\"isIncrement\":\"1\",\"increment\":true,\"insert\":true,\"dictType\":\"\",\"required\":false,\"superColumn\":false,\"updateBy\":\"\",\"isInsert\":\"1\",\"javaField\":\"storeId\",\"htmlType\":\"input\",\"edit\":false,\"query\":false,\"columnComment\":\"仓库ID\",\"updateTime\":1648033302000,\"sort\":1,\"list\":false,\"params\":{},\"javaType\":\"Long\",\"queryType\":\"EQ\",\"columnType\":\"int(11)\",\"createBy\":\"admin\",\"isPk\":\"1\",\"createTime\":1648004248000,\"tableId\":20,\"pk\":true,\"columnName\":\"store_id\"},{\"capJavaField\":\"ProId\",\"usableColumn\":false,\"columnId\":184,\"isIncrement\":\"0\",\"increment\":false,\"insert\":true,\"isList\":\"1\",\"dictType\":\"\",\"required\":true,\"superColumn\":false,\"updateBy\":\"\",\"isInsert\":\"1\",\"isRequired\":\"1\",\"javaField\":\"proId\",\"htmlType\":\"input\",\"edit\":true,\"query\":true,\"columnComment\":\"项目ID\",\"isQuery\":\"1\",\"updateTime\":1648033302000,\"sort\":2,\"list\":true,\"params\":{},\"javaType\":\"Long\",\"queryType\":\"EQ\",\"columnType\":\"int(11)\",\"createBy\":\"admin\",\"isPk\":\"0\",\"createTime\":1648004248000,\"isEdit\":\"1\",\"tableId\":20,\"pk\":false,\"columnName\":\"pro_id\"},{\"capJavaField\":\"StoreName\",\"usableColumn\":false,\"columnId\":185,\"isIncrement\":\"0\",\"increment\":false,\"insert\":true,\"isList\":\"1\",\"dictType\":\"\",\"required\":true,\"superColumn\":false,\"updateBy\":\"\",\"isInsert\":\"1\",\"isRequired\":\"1\",\"javaField\":\"storeName\",\"htmlType\":\"input\",\"edit\":true,\"query\":true,\"columnComment\":\"仓库名称\",\"isQuery\":\"1\",\"updateTime\":1648033303000,\"sort\":3,\"list\":true,\"params\":{},\"javaType\":\"String\",\"queryType\":\"LIKE\",\"columnType\":\"varchar(50)\",\"createBy\":\"admin\",\"isPk\":\"0\",\"createTime\":1648004248000,\"isEdit\":\"1\",\"tableId\":20,\"pk\":false,\"columnName\":\"store_name\"},{\"capJavaField\":\"UserId\",\"usableColumn\":false,\"columnId\":186,\"isIncrement\":\"0\",\"increment\":false,\"insert\":true,\"isList\":\"1\",\"dictType\":\"\",\"required\":true,\"superColumn\":false,\"updateBy\":\"\",\"isInsert\":\"1\",\"isRequired\":\"1\",\"javaField\":\"userId\",\"htmlType\":\"input\",\"edit\":true,\"que', '{\"msg\":\"操作成功\",\"code\":200}', '0', null, '2022-03-26 20:22:01');
INSERT INTO `sys_oper_log` VALUES ('355', '代码生成', '2', 'com.ruoyi.generator.controller.GenController.editSave()', 'PUT', '1', 'admin', null, '/tool/gen', '127.0.0.1', '内网IP', '{\"sub\":true,\"subTableName\":\"mms_store_material\",\"functionAuthor\":\"linyuting\",\"columns\":[{\"capJavaField\":\"StoreId\",\"usableColumn\":false,\"columnId\":183,\"isIncrement\":\"1\",\"increment\":true,\"insert\":true,\"dictType\":\"\",\"required\":false,\"superColumn\":false,\"updateBy\":\"\",\"isInsert\":\"1\",\"javaField\":\"storeId\",\"htmlType\":\"input\",\"edit\":false,\"query\":false,\"columnComment\":\"仓库ID\",\"updateTime\":1648297320000,\"sort\":1,\"list\":false,\"params\":{},\"javaType\":\"Long\",\"queryType\":\"EQ\",\"columnType\":\"int(11)\",\"createBy\":\"admin\",\"isPk\":\"1\",\"createTime\":1648004248000,\"tableId\":20,\"pk\":true,\"columnName\":\"store_id\"},{\"capJavaField\":\"ProId\",\"usableColumn\":false,\"columnId\":184,\"isIncrement\":\"0\",\"increment\":false,\"insert\":true,\"isList\":\"1\",\"dictType\":\"\",\"required\":true,\"superColumn\":false,\"updateBy\":\"\",\"isInsert\":\"1\",\"isRequired\":\"1\",\"javaField\":\"proId\",\"htmlType\":\"input\",\"edit\":true,\"query\":true,\"columnComment\":\"项目ID\",\"isQuery\":\"1\",\"updateTime\":1648297320000,\"sort\":2,\"list\":true,\"params\":{},\"javaType\":\"Long\",\"queryType\":\"EQ\",\"columnType\":\"int(11)\",\"createBy\":\"admin\",\"isPk\":\"0\",\"createTime\":1648004248000,\"isEdit\":\"1\",\"tableId\":20,\"pk\":false,\"columnName\":\"pro_id\"},{\"capJavaField\":\"StoreName\",\"usableColumn\":false,\"columnId\":185,\"isIncrement\":\"0\",\"increment\":false,\"insert\":true,\"isList\":\"1\",\"dictType\":\"\",\"required\":true,\"superColumn\":false,\"updateBy\":\"\",\"isInsert\":\"1\",\"isRequired\":\"1\",\"javaField\":\"storeName\",\"htmlType\":\"input\",\"edit\":true,\"query\":true,\"columnComment\":\"仓库名称\",\"isQuery\":\"1\",\"updateTime\":1648297320000,\"sort\":3,\"list\":true,\"params\":{},\"javaType\":\"String\",\"queryType\":\"LIKE\",\"columnType\":\"varchar(50)\",\"createBy\":\"admin\",\"isPk\":\"0\",\"createTime\":1648004248000,\"isEdit\":\"1\",\"tableId\":20,\"pk\":false,\"columnName\":\"store_name\"},{\"capJavaField\":\"UserId\",\"usableColumn\":false,\"columnId\":186,\"isIncrement\":\"0\",\"increment\":false,\"insert\":true,\"isList\":\"1\",\"dictType\":\"\",\"required\":true,\"superColumn\":false,\"updateBy\":\"\",\"isInsert\":\"1\",\"isRequired\":\"1\",\"javaField\":\"userId\",\"htmlType\":\"input\",\"edit\":true,\"que', '{\"msg\":\"操作成功\",\"code\":200}', '0', null, '2022-03-26 20:38:09');
INSERT INTO `sys_oper_log` VALUES ('356', '代码生成', '8', 'com.ruoyi.generator.controller.GenController.batchGenCode()', 'GET', '1', 'admin', null, '/tool/gen/batchGenCode', '127.0.0.1', '内网IP', '{}', null, '0', null, '2022-03-26 20:38:14');
INSERT INTO `sys_oper_log` VALUES ('357', '代码生成', '2', 'com.ruoyi.generator.controller.GenController.editSave()', 'PUT', '1', 'admin', null, '/tool/gen', '127.0.0.1', '内网IP', '{\"sub\":true,\"subTableName\":\"mms_store_material\",\"functionAuthor\":\"linyuting\",\"columns\":[{\"capJavaField\":\"StoreId\",\"usableColumn\":false,\"columnId\":183,\"isIncrement\":\"1\",\"increment\":true,\"insert\":true,\"dictType\":\"\",\"required\":false,\"superColumn\":false,\"updateBy\":\"\",\"isInsert\":\"1\",\"javaField\":\"storeId\",\"htmlType\":\"input\",\"edit\":false,\"query\":false,\"columnComment\":\"仓库ID\",\"updateTime\":1648298289000,\"sort\":1,\"list\":false,\"params\":{},\"javaType\":\"Long\",\"queryType\":\"EQ\",\"columnType\":\"int(11)\",\"createBy\":\"admin\",\"isPk\":\"1\",\"createTime\":1648004248000,\"tableId\":20,\"pk\":true,\"columnName\":\"store_id\"},{\"capJavaField\":\"ProId\",\"usableColumn\":false,\"columnId\":184,\"isIncrement\":\"0\",\"increment\":false,\"insert\":true,\"isList\":\"1\",\"dictType\":\"\",\"required\":true,\"superColumn\":false,\"updateBy\":\"\",\"isInsert\":\"1\",\"isRequired\":\"1\",\"javaField\":\"proId\",\"htmlType\":\"input\",\"edit\":true,\"query\":true,\"columnComment\":\"项目ID\",\"isQuery\":\"1\",\"updateTime\":1648298289000,\"sort\":2,\"list\":true,\"params\":{},\"javaType\":\"Long\",\"queryType\":\"EQ\",\"columnType\":\"int(11)\",\"createBy\":\"admin\",\"isPk\":\"0\",\"createTime\":1648004248000,\"isEdit\":\"1\",\"tableId\":20,\"pk\":false,\"columnName\":\"pro_id\"},{\"capJavaField\":\"StoreName\",\"usableColumn\":false,\"columnId\":185,\"isIncrement\":\"0\",\"increment\":false,\"insert\":true,\"isList\":\"1\",\"dictType\":\"\",\"required\":true,\"superColumn\":false,\"updateBy\":\"\",\"isInsert\":\"1\",\"isRequired\":\"1\",\"javaField\":\"storeName\",\"htmlType\":\"input\",\"edit\":true,\"query\":true,\"columnComment\":\"仓库名称\",\"isQuery\":\"1\",\"updateTime\":1648298289000,\"sort\":3,\"list\":true,\"params\":{},\"javaType\":\"String\",\"queryType\":\"LIKE\",\"columnType\":\"varchar(50)\",\"createBy\":\"admin\",\"isPk\":\"0\",\"createTime\":1648004248000,\"isEdit\":\"1\",\"tableId\":20,\"pk\":false,\"columnName\":\"store_name\"},{\"capJavaField\":\"UserId\",\"usableColumn\":false,\"columnId\":186,\"isIncrement\":\"0\",\"increment\":false,\"insert\":true,\"isList\":\"1\",\"dictType\":\"\",\"required\":true,\"superColumn\":false,\"updateBy\":\"\",\"isInsert\":\"1\",\"isRequired\":\"1\",\"javaField\":\"userId\",\"htmlType\":\"input\",\"edit\":true,\"que', '{\"msg\":\"操作成功\",\"code\":200}', '0', null, '2022-03-26 22:43:48');
INSERT INTO `sys_oper_log` VALUES ('358', '代码生成', '8', 'com.ruoyi.generator.controller.GenController.batchGenCode()', 'GET', '1', 'admin', null, '/tool/gen/batchGenCode', '127.0.0.1', '内网IP', '{}', null, '0', null, '2022-03-26 22:43:53');
INSERT INTO `sys_oper_log` VALUES ('359', '菜单管理', '2', 'com.ruoyi.web.controller.system.SysMenuController.edit()', 'PUT', '1', 'admin', null, '/system/menu', '127.0.0.1', '内网IP', '{\"visible\":\"0\",\"icon\":\"log\",\"orderNum\":3,\"menuName\":\"仓库管理\",\"params\":{},\"parentId\":0,\"isCache\":\"0\",\"path\":\"storage\",\"children\":[],\"createTime\":1647520011000,\"updateBy\":\"admin\",\"isFrame\":\"1\",\"menuId\":2118,\"menuType\":\"M\",\"perms\":\"\",\"status\":\"0\"}', '{\"msg\":\"操作成功\",\"code\":200}', '0', null, '2022-03-26 22:55:28');
INSERT INTO `sys_oper_log` VALUES ('360', '菜单管理', '2', 'com.ruoyi.web.controller.system.SysMenuController.edit()', 'PUT', '1', 'admin', null, '/system/menu', '127.0.0.1', '内网IP', '{\"visible\":\"0\",\"icon\":\"#\",\"orderNum\":1,\"menuName\":\"仓库管理\",\"params\":{},\"parentId\":2118,\"isCache\":\"0\",\"path\":\"storage\",\"component\":\"storage/store/index\",\"children\":[],\"createTime\":1648298368000,\"updateBy\":\"admin\",\"isFrame\":\"1\",\"menuId\":2189,\"menuType\":\"C\",\"perms\":\"storage:store:list\",\"status\":\"0\"}', '{\"msg\":\"操作成功\",\"code\":200}', '0', null, '2022-03-26 22:55:48');
INSERT INTO `sys_oper_log` VALUES ('361', '仓库管理', '1', 'com.ruoyi.web.controller.storage.MmsStoreController.add()', 'POST', '1', 'admin', null, '/storage/store', '127.0.0.1', '内网IP', '{\"params\":{},\"createTime\":1648307811295,\"storeAddress\":\"湖北宜昌\",\"proId\":1,\"storePhone\":\"15888888888\",\"storeName\":\"1号仓库\",\"mmsStoreMaterialList\":[{\"matUprice\":10,\"remark\":\"\",\"matNum\":11,\"matTprice\":110,\"params\":{},\"matId\":10002}],\"status\":\"0\"}', null, '1', '\r\n### Error updating database.  Cause: java.sql.SQLException: Field \'user_id\' doesn\'t have a default value\r\n### The error may exist in file [D:\\RuoYi-Vue-master\\ruoyi-storage\\target\\classes\\mapper\\storage\\MmsStoreMapper.xml]\r\n### The error may involve com.ruoyi.storage.mapper.MmsStoreMapper.insertMmsStore-Inline\r\n### The error occurred while setting parameters\r\n### SQL: insert into mms_store          ( pro_id,             store_name,                          store_phone,             store_address,             status,                          create_time )           values ( ?,             ?,                          ?,             ?,             ?,                          ? )\r\n### Cause: java.sql.SQLException: Field \'user_id\' doesn\'t have a default value\n; Field \'user_id\' doesn\'t have a default value; nested exception is java.sql.SQLException: Field \'user_id\' doesn\'t have a default value', '2022-03-26 23:16:52');
INSERT INTO `sys_oper_log` VALUES ('362', '仓库管理', '1', 'com.ruoyi.web.controller.storage.MmsStoreController.add()', 'POST', '1', 'admin', null, '/storage/store', '127.0.0.1', '内网IP', '{\"params\":{},\"createTime\":1648307933729,\"storeAddress\":\"湖北宜昌\",\"proId\":1,\"storePhone\":\"15888888888\",\"storeName\":\"1号仓库\",\"mmsStoreMaterialList\":[{\"matUprice\":10,\"remark\":\"\",\"matNum\":11,\"matTprice\":110,\"params\":{},\"matId\":10002}],\"status\":\"0\"}', null, '1', '\r\n### Error updating database.  Cause: java.sql.SQLException: Field \'user_id\' doesn\'t have a default value\r\n### The error may exist in file [D:\\RuoYi-Vue-master\\ruoyi-storage\\target\\classes\\mapper\\storage\\MmsStoreMapper.xml]\r\n### The error may involve com.ruoyi.storage.mapper.MmsStoreMapper.insertMmsStore-Inline\r\n### The error occurred while setting parameters\r\n### SQL: insert into mms_store          ( pro_id,             store_name,                          store_phone,             store_address,             status,                          create_time )           values ( ?,             ?,                          ?,             ?,             ?,                          ? )\r\n### Cause: java.sql.SQLException: Field \'user_id\' doesn\'t have a default value\n; Field \'user_id\' doesn\'t have a default value; nested exception is java.sql.SQLException: Field \'user_id\' doesn\'t have a default value', '2022-03-26 23:18:53');
INSERT INTO `sys_oper_log` VALUES ('363', '仓库管理', '1', 'com.ruoyi.web.controller.storage.MmsStoreController.add()', 'POST', '1', 'admin', null, '/storage/store', '127.0.0.1', '内网IP', '{\"params\":{},\"storeId\":1,\"userId\":1,\"createTime\":1648307981897,\"storeAddress\":\"湖北宜昌\",\"proId\":1,\"storePhone\":\"15888888888\",\"storeName\":\"1号仓库\",\"mmsStoreMaterialList\":[{\"matUprice\":10,\"remark\":\"\",\"matNum\":11,\"matTprice\":110,\"params\":{},\"storeId\":1,\"matId\":10002}],\"status\":\"0\"}', '{\"msg\":\"操作成功\",\"code\":200}', '0', null, '2022-03-26 23:19:42');
INSERT INTO `sys_oper_log` VALUES ('364', '仓库管理', '2', 'com.ruoyi.web.controller.storage.MmsStoreController.edit()', 'PUT', '1', 'admin', null, '/storage/store', '127.0.0.1', '内网IP', '{\"project\":{\"params\":{},\"proId\":1},\"updateTime\":1648308083867,\"params\":{},\"storeId\":1,\"userId\":1,\"createBy\":\"\",\"createTime\":1648307982000,\"storeAddress\":\"湖北宜昌\",\"updateBy\":\"\",\"proId\":1,\"storePhone\":\"15888888888\",\"storeName\":\"1号仓库\",\"mmsStoreMaterialList\":[{\"matUprice\":10,\"remark\":\"\",\"matNum\":11,\"matTprice\":110,\"params\":{},\"storeId\":1,\"matId\":10002,\"id\":1},{\"matUprice\":12,\"remark\":\"\",\"matNum\":11,\"matTprice\":132,\"params\":{},\"storeId\":1,\"matId\":10000}],\"user\":{\"admin\":true,\"params\":{},\"userId\":1},\"status\":\"0\"}', '{\"msg\":\"操作成功\",\"code\":200}', '0', null, '2022-03-26 23:21:24');
INSERT INTO `sys_oper_log` VALUES ('365', '代码生成', '2', 'com.ruoyi.generator.controller.GenController.editSave()', 'PUT', '1', 'admin', null, '/tool/gen', '127.0.0.1', '内网IP', '{\"sub\":true,\"subTableName\":\"mms_received_material\",\"functionAuthor\":\"linyuting\",\"columns\":[{\"capJavaField\":\"InId\",\"usableColumn\":false,\"columnId\":296,\"isIncrement\":\"1\",\"increment\":true,\"insert\":true,\"dictType\":\"\",\"required\":false,\"superColumn\":false,\"updateBy\":\"\",\"isInsert\":\"1\",\"javaField\":\"inId\",\"htmlType\":\"input\",\"edit\":false,\"query\":false,\"columnComment\":\"材料入库ID\",\"sort\":1,\"list\":false,\"params\":{},\"javaType\":\"Long\",\"queryType\":\"EQ\",\"columnType\":\"int(11)\",\"createBy\":\"admin\",\"isPk\":\"1\",\"createTime\":1648297167000,\"tableId\":31,\"pk\":true,\"columnName\":\"in_id\"},{\"capJavaField\":\"InName\",\"usableColumn\":false,\"columnId\":297,\"isIncrement\":\"0\",\"increment\":false,\"insert\":true,\"isList\":\"1\",\"dictType\":\"\",\"required\":true,\"superColumn\":false,\"updateBy\":\"\",\"isInsert\":\"1\",\"isRequired\":\"1\",\"javaField\":\"inName\",\"htmlType\":\"input\",\"edit\":true,\"query\":true,\"columnComment\":\"材料入库名称\",\"isQuery\":\"1\",\"sort\":2,\"list\":true,\"params\":{},\"javaType\":\"String\",\"queryType\":\"LIKE\",\"columnType\":\"varchar(50)\",\"createBy\":\"admin\",\"isPk\":\"0\",\"createTime\":1648297167000,\"isEdit\":\"1\",\"tableId\":31,\"pk\":false,\"columnName\":\"in_name\"},{\"capJavaField\":\"ConId\",\"usableColumn\":false,\"columnId\":298,\"isIncrement\":\"0\",\"increment\":false,\"insert\":true,\"isList\":\"1\",\"dictType\":\"\",\"required\":true,\"superColumn\":false,\"updateBy\":\"\",\"isInsert\":\"1\",\"isRequired\":\"1\",\"javaField\":\"conId\",\"htmlType\":\"input\",\"edit\":true,\"query\":true,\"columnComment\":\"材料合同ID\",\"isQuery\":\"1\",\"sort\":3,\"list\":true,\"params\":{},\"javaType\":\"Long\",\"queryType\":\"EQ\",\"columnType\":\"int(11)\",\"createBy\":\"admin\",\"isPk\":\"0\",\"createTime\":1648297167000,\"isEdit\":\"1\",\"tableId\":31,\"pk\":false,\"columnName\":\"con_id\"},{\"capJavaField\":\"ProId\",\"usableColumn\":false,\"columnId\":299,\"isIncrement\":\"0\",\"increment\":false,\"insert\":true,\"isList\":\"1\",\"dictType\":\"\",\"required\":true,\"superColumn\":false,\"updateBy\":\"\",\"isInsert\":\"1\",\"isRequired\":\"1\",\"javaField\":\"proId\",\"htmlType\":\"input\",\"edit\":true,\"query\":true,\"columnComment\":\"项目ID\",\"isQuery\":\"1\",\"sort\":4,\"list\":true,\"params\":{},\"javaType\":\"L', '{\"msg\":\"操作成功\",\"code\":200}', '0', null, '2022-03-26 23:27:22');
INSERT INTO `sys_oper_log` VALUES ('366', '代码生成', '8', 'com.ruoyi.generator.controller.GenController.batchGenCode()', 'GET', '1', 'admin', null, '/tool/gen/batchGenCode', '127.0.0.1', '内网IP', '{}', null, '0', null, '2022-03-26 23:27:54');
INSERT INTO `sys_oper_log` VALUES ('367', '材料入库', '1', 'com.ruoyi.web.controller.inventory.MmsReceivedController.add()', 'POST', '1', 'admin', null, '/inventory/received', '127.0.0.1', '内网IP', '{\"supplierId\":1,\"params\":{},\"storeId\":1,\"userId\":1,\"mmsReceivedMaterialList\":[{\"conUprice\":10.0,\"conTprice\":12.0,\"remark\":\"\",\"params\":{},\"inId\":1,\"conTax\":0.2,\"matId\":10000,\"id\":1},{\"conUprice\":9.0,\"conTprice\":10.8,\"remark\":\"\",\"params\":{},\"inId\":1,\"conTax\":0.2,\"matId\":10001,\"id\":2},{\"conUprice\":11.0,\"conTprice\":13.2,\"remark\":\"\",\"params\":{},\"inId\":1,\"conTax\":0.2,\"matId\":10002,\"id\":7}],\"inName\":\"1号入库材料\",\"inId\":1,\"createTime\":1648364490919,\"proId\":1,\"conId\":1,\"status\":\"0\"}', null, '1', '\r\n### Error updating database.  Cause: java.sql.SQLIntegrityConstraintViolationException: Column \'in_num\' cannot be null\r\n### The error may exist in file [D:\\RuoYi-Vue-master\\ruoyi-inventory\\target\\classes\\mapper\\inventory\\MmsReceivedMapper.xml]\r\n### The error may involve defaultParameterMap\r\n### The error occurred while setting parameters\r\n### SQL: insert into mms_received_material( id, mat_id, in_id, con_uprice, in_num, con_tax, con_tprice, create_by, create_time, update_by, update_time, remark) values                  ( ?, ?, ?, ?, ?, ?, ?, ?, ?, ?, ?, ?)          ,              ( ?, ?, ?, ?, ?, ?, ?, ?, ?, ?, ?, ?)          ,              ( ?, ?, ?, ?, ?, ?, ?, ?, ?, ?, ?, ?)\r\n### Cause: java.sql.SQLIntegrityConstraintViolationException: Column \'in_num\' cannot be null\n; Column \'in_num\' cannot be null; nested exception is java.sql.SQLIntegrityConstraintViolationException: Column \'in_num\' cannot be null', '2022-03-27 15:01:31');
INSERT INTO `sys_oper_log` VALUES ('368', '材料入库', '1', 'com.ruoyi.web.controller.inventory.MmsReceivedController.add()', 'POST', '1', 'admin', null, '/inventory/received', '127.0.0.1', '内网IP', '{\"supplierId\":1,\"params\":{},\"storeId\":1,\"userId\":1,\"mmsReceivedMaterialList\":[{\"conUprice\":10.0,\"conTprice\":12.0,\"remark\":\"\",\"params\":{},\"inId\":2,\"conTax\":0.2,\"matId\":10000,\"id\":1,\"inNum\":1000},{\"conUprice\":9.0,\"conTprice\":10.8,\"remark\":\"\",\"params\":{},\"inId\":2,\"conTax\":0.2,\"matId\":10001,\"id\":2,\"inNum\":1000},{\"conUprice\":11.0,\"conTprice\":13.2,\"remark\":\"\",\"params\":{},\"inId\":2,\"conTax\":0.2,\"matId\":10002,\"id\":7,\"inNum\":1000}],\"inName\":\"1号入库材料\",\"inId\":2,\"createTime\":1648364509624,\"proId\":1,\"conId\":1,\"status\":\"0\"}', '{\"msg\":\"操作成功\",\"code\":200}', '0', null, '2022-03-27 15:01:49');
INSERT INTO `sys_oper_log` VALUES ('369', '仓库管理', '1', 'com.ruoyi.web.controller.storage.MmsStoreController.add()', 'POST', '1', 'admin', null, '/storage/store', '127.0.0.1', '内网IP', '{\"params\":{},\"storeId\":2,\"userId\":1,\"createTime\":1648366175428,\"proId\":2,\"storePhone\":\"16888888888\",\"storeName\":\"2号仓库\",\"mmsStoreMaterialList\":[],\"status\":\"0\"}', '{\"msg\":\"操作成功\",\"code\":200}', '0', null, '2022-03-27 15:29:36');
INSERT INTO `sys_oper_log` VALUES ('370', '材料合同', '1', 'com.ruoyi.web.controller.purchase.MmsContractController.add()', 'POST', '1', 'admin', null, '/purchase/contract', '127.0.0.1', '内网IP', '{\"needId\":1,\"supplierId\":1,\"conName\":\"测试合同\",\"paymentWay\":\"1\",\"params\":{},\"userId\":1,\"clearingForm\":\"0\",\"createTime\":1648366252234,\"proId\":4,\"mmsContractMaterialList\":[{\"conUprice\":1.0,\"conTprice\":1.1,\"remark\":\"\",\"params\":{},\"conTax\":0.1,\"matId\":10000,\"conId\":2,\"conNum\":1,\"id\":4},{\"conUprice\":1.0,\"conTprice\":1.1,\"remark\":\"\",\"params\":{},\"conTax\":0.1,\"matId\":10002,\"conId\":2,\"conNum\":1,\"id\":5}],\"conId\":2,\"deliveryWay\":\"0\"}', '{\"msg\":\"操作成功\",\"code\":200}', '0', null, '2022-03-27 15:30:52');
INSERT INTO `sys_oper_log` VALUES ('371', '材料入库', '1', 'com.ruoyi.web.controller.inventory.MmsReceivedController.add()', 'POST', '1', 'admin', null, '/inventory/received', '127.0.0.1', '内网IP', '{\"supplierId\":1,\"params\":{},\"storeId\":2,\"userId\":1,\"mmsReceivedMaterialList\":[{\"conUprice\":10.0,\"conTprice\":12.0,\"remark\":\"\",\"params\":{},\"inId\":3,\"conTax\":0.2,\"matId\":10000,\"id\":1,\"inNum\":1},{\"conUprice\":9.0,\"conTprice\":10.8,\"remark\":\"\",\"params\":{},\"inId\":3,\"conTax\":0.2,\"matId\":10001,\"id\":2,\"inNum\":1},{\"conUprice\":11.0,\"conTprice\":13.2,\"remark\":\"\",\"params\":{},\"inId\":3,\"conTax\":0.2,\"matId\":10002,\"id\":7,\"inNum\":1}],\"inName\":\"2号入库材料\",\"inId\":3,\"createTime\":1648366313868,\"proId\":1,\"conId\":1,\"status\":\"0\"}', null, '1', '\r\n### Error updating database.  Cause: java.sql.SQLIntegrityConstraintViolationException: Duplicate entry \'1\' for key \'PRIMARY\'\r\n### The error may exist in file [D:\\RuoYi-Vue-master\\ruoyi-inventory\\target\\classes\\mapper\\inventory\\MmsReceivedMapper.xml]\r\n### The error may involve defaultParameterMap\r\n### The error occurred while setting parameters\r\n### SQL: insert into mms_received_material( id, mat_id, in_id, con_uprice, in_num, con_tax, con_tprice, create_by, create_time, update_by, update_time, remark) values                  ( ?, ?, ?, ?, ?, ?, ?, ?, ?, ?, ?, ?)          ,              ( ?, ?, ?, ?, ?, ?, ?, ?, ?, ?, ?, ?)          ,              ( ?, ?, ?, ?, ?, ?, ?, ?, ?, ?, ?, ?)\r\n### Cause: java.sql.SQLIntegrityConstraintViolationException: Duplicate entry \'1\' for key \'PRIMARY\'\n; Duplicate entry \'1\' for key \'PRIMARY\'; nested exception is java.sql.SQLIntegrityConstraintViolationException: Duplicate entry \'1\' for key \'PRIMARY\'', '2022-03-27 15:31:54');
INSERT INTO `sys_oper_log` VALUES ('372', '材料入库', '1', 'com.ruoyi.web.controller.inventory.MmsReceivedController.add()', 'POST', '1', 'admin', null, '/inventory/received', '127.0.0.1', '内网IP', '{\"supplierId\":1,\"params\":{},\"storeId\":2,\"userId\":1,\"mmsReceivedMaterialList\":[{\"conUprice\":1.0,\"conTprice\":1.1,\"remark\":\"\",\"params\":{},\"inId\":4,\"conTax\":0.1,\"matId\":10000,\"id\":4,\"inNum\":1},{\"conUprice\":1.0,\"conTprice\":1.1,\"remark\":\"\",\"params\":{},\"inId\":4,\"conTax\":0.1,\"matId\":10002,\"id\":5,\"inNum\":1}],\"inName\":\"2号入库材料\",\"inId\":4,\"createTime\":1648366371629,\"proId\":4,\"conId\":2,\"status\":\"0\"}', '{\"msg\":\"操作成功\",\"code\":200}', '0', null, '2022-03-27 15:32:51');
INSERT INTO `sys_oper_log` VALUES ('373', '仓库管理', '1', 'com.ruoyi.web.controller.storage.MmsStoreController.add()', 'POST', '1', 'admin', null, '/storage/store', '127.0.0.1', '内网IP', '{\"params\":{},\"storeId\":3,\"userId\":1,\"createTime\":1648366433680,\"proId\":2,\"storePhone\":\"212121212\",\"storeName\":\"1号仓库\",\"mmsStoreMaterialList\":[],\"status\":\"0\"}', '{\"msg\":\"操作成功\",\"code\":200}', '0', null, '2022-03-27 15:33:53');
INSERT INTO `sys_oper_log` VALUES ('374', '材料入库', '1', 'com.ruoyi.web.controller.inventory.MmsReceivedController.add()', 'POST', '1', 'admin', null, '/inventory/received', '127.0.0.1', '内网IP', '{\"supplierId\":1,\"params\":{},\"storeId\":2,\"userId\":1,\"mmsReceivedMaterialList\":[{\"conUprice\":1.0,\"conTprice\":1.1,\"remark\":\"\",\"params\":{},\"inId\":5,\"conTax\":0.1,\"matId\":10000,\"id\":4,\"inNum\":1},{\"conUprice\":1.0,\"conTprice\":1.1,\"remark\":\"\",\"params\":{},\"inId\":5,\"conTax\":0.1,\"matId\":10002,\"id\":5,\"inNum\":1}],\"inName\":\"3号入库材料\",\"inId\":5,\"createTime\":1648367271500,\"proId\":4,\"conId\":2,\"status\":\"0\"}', null, '1', '\r\n### Error updating database.  Cause: java.sql.SQLIntegrityConstraintViolationException: Duplicate entry \'4\' for key \'PRIMARY\'\r\n### The error may exist in file [D:\\RuoYi-Vue-master\\ruoyi-inventory\\target\\classes\\mapper\\inventory\\MmsReceivedMapper.xml]\r\n### The error may involve defaultParameterMap\r\n### The error occurred while setting parameters\r\n### SQL: insert into mms_received_material( id, mat_id, in_id, con_uprice, in_num, con_tax, con_tprice, create_by, create_time, update_by, update_time, remark) values                  ( ?, ?, ?, ?, ?, ?, ?, ?, ?, ?, ?, ?)          ,              ( ?, ?, ?, ?, ?, ?, ?, ?, ?, ?, ?, ?)\r\n### Cause: java.sql.SQLIntegrityConstraintViolationException: Duplicate entry \'4\' for key \'PRIMARY\'\n; Duplicate entry \'4\' for key \'PRIMARY\'; nested exception is java.sql.SQLIntegrityConstraintViolationException: Duplicate entry \'4\' for key \'PRIMARY\'', '2022-03-27 15:47:51');
INSERT INTO `sys_oper_log` VALUES ('375', '材料入库', '1', 'com.ruoyi.web.controller.inventory.MmsReceivedController.add()', 'POST', '1', 'admin', null, '/inventory/received', '127.0.0.1', '内网IP', '{\"supplierId\":1,\"params\":{},\"storeId\":1,\"userId\":1,\"mmsReceivedMaterialList\":[{\"conUprice\":1.0,\"conTprice\":1.1,\"remark\":\"\",\"params\":{},\"inId\":6,\"conTax\":0.1,\"matId\":10000,\"id\":4,\"inNum\":1},{\"conUprice\":1.0,\"conTprice\":1.1,\"remark\":\"\",\"params\":{},\"inId\":6,\"conTax\":0.1,\"matId\":10002,\"id\":5,\"inNum\":1}],\"inName\":\"3号入库材料\",\"inId\":6,\"createTime\":1648367278822,\"proId\":4,\"conId\":2,\"status\":\"0\"}', null, '1', '\r\n### Error updating database.  Cause: java.sql.SQLIntegrityConstraintViolationException: Duplicate entry \'4\' for key \'PRIMARY\'\r\n### The error may exist in file [D:\\RuoYi-Vue-master\\ruoyi-inventory\\target\\classes\\mapper\\inventory\\MmsReceivedMapper.xml]\r\n### The error may involve defaultParameterMap\r\n### The error occurred while setting parameters\r\n### SQL: insert into mms_received_material( id, mat_id, in_id, con_uprice, in_num, con_tax, con_tprice, create_by, create_time, update_by, update_time, remark) values                  ( ?, ?, ?, ?, ?, ?, ?, ?, ?, ?, ?, ?)          ,              ( ?, ?, ?, ?, ?, ?, ?, ?, ?, ?, ?, ?)\r\n### Cause: java.sql.SQLIntegrityConstraintViolationException: Duplicate entry \'4\' for key \'PRIMARY\'\n; Duplicate entry \'4\' for key \'PRIMARY\'; nested exception is java.sql.SQLIntegrityConstraintViolationException: Duplicate entry \'4\' for key \'PRIMARY\'', '2022-03-27 15:47:58');
INSERT INTO `sys_oper_log` VALUES ('376', '材料入库', '1', 'com.ruoyi.web.controller.inventory.MmsReceivedController.add()', 'POST', '1', 'admin', null, '/inventory/received', '127.0.0.1', '内网IP', '{\"supplierId\":1,\"params\":{},\"storeId\":2,\"userId\":1,\"mmsReceivedMaterialList\":[{\"conUprice\":1.0,\"conTprice\":1.1,\"remark\":\"\",\"params\":{},\"inId\":7,\"conTax\":0.1,\"matId\":10000,\"id\":4,\"inNum\":1},{\"conUprice\":1.0,\"conTprice\":1.1,\"remark\":\"\",\"params\":{},\"inId\":7,\"conTax\":0.1,\"matId\":10002,\"id\":5,\"inNum\":1}],\"inName\":\"3号入库材料\",\"inId\":7,\"createTime\":1648367290219,\"proId\":4,\"conId\":2,\"status\":\"0\"}', null, '1', '\r\n### Error updating database.  Cause: java.sql.SQLIntegrityConstraintViolationException: Duplicate entry \'4\' for key \'PRIMARY\'\r\n### The error may exist in file [D:\\RuoYi-Vue-master\\ruoyi-inventory\\target\\classes\\mapper\\inventory\\MmsReceivedMapper.xml]\r\n### The error may involve defaultParameterMap\r\n### The error occurred while setting parameters\r\n### SQL: insert into mms_received_material( id, mat_id, in_id, con_uprice, in_num, con_tax, con_tprice, create_by, create_time, update_by, update_time, remark) values                  ( ?, ?, ?, ?, ?, ?, ?, ?, ?, ?, ?, ?)          ,              ( ?, ?, ?, ?, ?, ?, ?, ?, ?, ?, ?, ?)\r\n### Cause: java.sql.SQLIntegrityConstraintViolationException: Duplicate entry \'4\' for key \'PRIMARY\'\n; Duplicate entry \'4\' for key \'PRIMARY\'; nested exception is java.sql.SQLIntegrityConstraintViolationException: Duplicate entry \'4\' for key \'PRIMARY\'', '2022-03-27 15:48:10');
INSERT INTO `sys_oper_log` VALUES ('377', '材料入库', '1', 'com.ruoyi.web.controller.inventory.MmsReceivedController.add()', 'POST', '1', 'admin', null, '/inventory/received', '127.0.0.1', '内网IP', '{\"supplierId\":1,\"params\":{},\"storeId\":2,\"userId\":1,\"mmsReceivedMaterialList\":[{\"conUprice\":1.0,\"conTprice\":1.1,\"remark\":\"\",\"params\":{},\"inId\":8,\"conTax\":0.1,\"matId\":10000,\"id\":4,\"inNum\":1},{\"conUprice\":1.0,\"conTprice\":1.1,\"remark\":\"\",\"params\":{},\"inId\":8,\"conTax\":0.1,\"matId\":10002,\"id\":5,\"inNum\":1}],\"inName\":\"3号入库材料\",\"inId\":8,\"createTime\":1648367308554,\"proId\":4,\"conId\":2,\"status\":\"0\"}', null, '1', '\r\n### Error updating database.  Cause: java.sql.SQLIntegrityConstraintViolationException: Duplicate entry \'4\' for key \'PRIMARY\'\r\n### The error may exist in file [D:\\RuoYi-Vue-master\\ruoyi-inventory\\target\\classes\\mapper\\inventory\\MmsReceivedMapper.xml]\r\n### The error may involve defaultParameterMap\r\n### The error occurred while setting parameters\r\n### SQL: insert into mms_received_material( id, mat_id, in_id, con_uprice, in_num, con_tax, con_tprice, create_by, create_time, update_by, update_time, remark) values                  ( ?, ?, ?, ?, ?, ?, ?, ?, ?, ?, ?, ?)          ,              ( ?, ?, ?, ?, ?, ?, ?, ?, ?, ?, ?, ?)\r\n### Cause: java.sql.SQLIntegrityConstraintViolationException: Duplicate entry \'4\' for key \'PRIMARY\'\n; Duplicate entry \'4\' for key \'PRIMARY\'; nested exception is java.sql.SQLIntegrityConstraintViolationException: Duplicate entry \'4\' for key \'PRIMARY\'', '2022-03-27 15:48:28');
INSERT INTO `sys_oper_log` VALUES ('378', '材料入库', '1', 'com.ruoyi.web.controller.inventory.MmsReceivedController.add()', 'POST', '1', 'admin', null, '/inventory/received', '127.0.0.1', '内网IP', '{\"supplierId\":1,\"params\":{},\"storeId\":2,\"userId\":1,\"mmsReceivedMaterialList\":[{\"conUprice\":10.0,\"conTprice\":12.0,\"remark\":\"\",\"params\":{},\"inId\":9,\"conTax\":0.2,\"matId\":10000,\"id\":1,\"inNum\":1000},{\"conUprice\":9.0,\"conTprice\":10.8,\"remark\":\"\",\"params\":{},\"inId\":9,\"conTax\":0.2,\"matId\":10001,\"id\":2,\"inNum\":1000},{\"conUprice\":11.0,\"conTprice\":13.2,\"remark\":\"\",\"params\":{},\"inId\":9,\"conTax\":0.2,\"matId\":10002,\"id\":7,\"inNum\":1000}],\"inName\":\"3号材料入库\",\"inId\":9,\"createTime\":1648367522794,\"proId\":1,\"conId\":1,\"status\":\"0\"}', null, '1', '\r\n### Error updating database.  Cause: java.sql.SQLIntegrityConstraintViolationException: Duplicate entry \'1\' for key \'PRIMARY\'\r\n### The error may exist in file [D:\\RuoYi-Vue-master\\ruoyi-inventory\\target\\classes\\mapper\\inventory\\MmsReceivedMapper.xml]\r\n### The error may involve defaultParameterMap\r\n### The error occurred while setting parameters\r\n### SQL: insert into mms_received_material( id, mat_id, in_id, con_uprice, in_num, con_tax, con_tprice, create_by, create_time, update_by, update_time, remark) values                  ( ?, ?, ?, ?, ?, ?, ?, ?, ?, ?, ?, ?)          ,              ( ?, ?, ?, ?, ?, ?, ?, ?, ?, ?, ?, ?)          ,              ( ?, ?, ?, ?, ?, ?, ?, ?, ?, ?, ?, ?)\r\n### Cause: java.sql.SQLIntegrityConstraintViolationException: Duplicate entry \'1\' for key \'PRIMARY\'\n; Duplicate entry \'1\' for key \'PRIMARY\'; nested exception is java.sql.SQLIntegrityConstraintViolationException: Duplicate entry \'1\' for key \'PRIMARY\'', '2022-03-27 15:52:02');
INSERT INTO `sys_oper_log` VALUES ('379', '材料入库', '1', 'com.ruoyi.web.controller.inventory.MmsReceivedController.add()', 'POST', '1', 'admin', null, '/inventory/received', '127.0.0.1', '内网IP', '{\"supplierId\":1,\"params\":{},\"storeId\":1,\"userId\":1,\"mmsReceivedMaterialList\":[{\"conUprice\":10.0,\"conTprice\":12.0,\"remark\":\"\",\"params\":{},\"inId\":10,\"conTax\":0.2,\"matId\":10000,\"id\":1,\"inNum\":1000},{\"conUprice\":9.0,\"conTprice\":10.8,\"remark\":\"\",\"params\":{},\"inId\":10,\"conTax\":0.2,\"matId\":10001,\"id\":2,\"inNum\":1000},{\"conUprice\":11.0,\"conTprice\":13.2,\"remark\":\"\",\"params\":{},\"inId\":10,\"conTax\":0.2,\"matId\":10002,\"id\":7,\"inNum\":1000}],\"inName\":\"3号材料入库\",\"inId\":10,\"createTime\":1648367531950,\"proId\":1,\"conId\":1,\"status\":\"0\"}', null, '1', '\r\n### Error updating database.  Cause: java.sql.SQLIntegrityConstraintViolationException: Duplicate entry \'1\' for key \'PRIMARY\'\r\n### The error may exist in file [D:\\RuoYi-Vue-master\\ruoyi-inventory\\target\\classes\\mapper\\inventory\\MmsReceivedMapper.xml]\r\n### The error may involve defaultParameterMap\r\n### The error occurred while setting parameters\r\n### SQL: insert into mms_received_material( id, mat_id, in_id, con_uprice, in_num, con_tax, con_tprice, create_by, create_time, update_by, update_time, remark) values                  ( ?, ?, ?, ?, ?, ?, ?, ?, ?, ?, ?, ?)          ,              ( ?, ?, ?, ?, ?, ?, ?, ?, ?, ?, ?, ?)          ,              ( ?, ?, ?, ?, ?, ?, ?, ?, ?, ?, ?, ?)\r\n### Cause: java.sql.SQLIntegrityConstraintViolationException: Duplicate entry \'1\' for key \'PRIMARY\'\n; Duplicate entry \'1\' for key \'PRIMARY\'; nested exception is java.sql.SQLIntegrityConstraintViolationException: Duplicate entry \'1\' for key \'PRIMARY\'', '2022-03-27 15:52:12');
INSERT INTO `sys_oper_log` VALUES ('380', '仓库管理', '2', 'com.ruoyi.web.controller.storage.MmsStoreController.edit()', 'PUT', '1', 'admin', null, '/storage/store', '127.0.0.1', '内网IP', '{\"project\":{\"params\":{},\"proId\":2},\"updateTime\":1648367563914,\"params\":{},\"storeId\":3,\"userId\":1,\"createBy\":\"\",\"createTime\":1648366434000,\"updateBy\":\"\",\"proId\":2,\"storePhone\":\"212121212\",\"storeName\":\"随便仓库\",\"mmsStoreMaterialList\":[],\"user\":{\"admin\":true,\"params\":{},\"userId\":1},\"status\":\"0\"}', '{\"msg\":\"操作成功\",\"code\":200}', '0', null, '2022-03-27 15:52:44');
INSERT INTO `sys_oper_log` VALUES ('381', '材料入库', '1', 'com.ruoyi.web.controller.inventory.MmsReceivedController.add()', 'POST', '1', 'admin', null, '/inventory/received', '127.0.0.1', '内网IP', '{\"supplierId\":1,\"params\":{},\"storeId\":3,\"userId\":1,\"mmsReceivedMaterialList\":[{\"conUprice\":1.0,\"conTprice\":1.1,\"remark\":\"\",\"params\":{},\"inId\":11,\"conTax\":0.1,\"matId\":10000,\"id\":4,\"inNum\":2},{\"conUprice\":1.0,\"conTprice\":1.1,\"remark\":\"\",\"params\":{},\"inId\":11,\"conTax\":0.1,\"matId\":10002,\"id\":5,\"inNum\":2}],\"inName\":\"哈哈哈哈哈\",\"inId\":11,\"createTime\":1648367615779,\"proId\":4,\"conId\":2,\"status\":\"0\"}', null, '1', '\r\n### Error updating database.  Cause: java.sql.SQLIntegrityConstraintViolationException: Duplicate entry \'4\' for key \'PRIMARY\'\r\n### The error may exist in file [D:\\RuoYi-Vue-master\\ruoyi-inventory\\target\\classes\\mapper\\inventory\\MmsReceivedMapper.xml]\r\n### The error may involve defaultParameterMap\r\n### The error occurred while setting parameters\r\n### SQL: insert into mms_received_material( id, mat_id, in_id, con_uprice, in_num, con_tax, con_tprice, create_by, create_time, update_by, update_time, remark) values                  ( ?, ?, ?, ?, ?, ?, ?, ?, ?, ?, ?, ?)          ,              ( ?, ?, ?, ?, ?, ?, ?, ?, ?, ?, ?, ?)\r\n### Cause: java.sql.SQLIntegrityConstraintViolationException: Duplicate entry \'4\' for key \'PRIMARY\'\n; Duplicate entry \'4\' for key \'PRIMARY\'; nested exception is java.sql.SQLIntegrityConstraintViolationException: Duplicate entry \'4\' for key \'PRIMARY\'', '2022-03-27 15:53:36');
INSERT INTO `sys_oper_log` VALUES ('382', '材料入库', '1', 'com.ruoyi.web.controller.inventory.MmsReceivedController.add()', 'POST', '1', 'admin', null, '/inventory/received', '127.0.0.1', '内网IP', '{\"supplierId\":1,\"params\":{},\"storeId\":3,\"userId\":1,\"mmsReceivedMaterialList\":[{\"conUprice\":10.0,\"conTprice\":12.0,\"remark\":\"\",\"params\":{},\"inId\":12,\"conTax\":0.2,\"matId\":10000,\"id\":1,\"inNum\":1},{\"conUprice\":9.0,\"conTprice\":10.8,\"remark\":\"\",\"params\":{},\"inId\":12,\"conTax\":0.2,\"matId\":10001,\"id\":2,\"inNum\":1},{\"conUprice\":11.0,\"conTprice\":13.2,\"remark\":\"\",\"params\":{},\"inId\":12,\"conTax\":0.2,\"matId\":10002,\"id\":7,\"inNum\":1}],\"inName\":\"哈哈哈哈哈\",\"inId\":12,\"createTime\":1648367626493,\"proId\":1,\"conId\":1,\"status\":\"0\"}', null, '1', '\r\n### Error updating database.  Cause: java.sql.SQLIntegrityConstraintViolationException: Duplicate entry \'1\' for key \'PRIMARY\'\r\n### The error may exist in file [D:\\RuoYi-Vue-master\\ruoyi-inventory\\target\\classes\\mapper\\inventory\\MmsReceivedMapper.xml]\r\n### The error may involve defaultParameterMap\r\n### The error occurred while setting parameters\r\n### SQL: insert into mms_received_material( id, mat_id, in_id, con_uprice, in_num, con_tax, con_tprice, create_by, create_time, update_by, update_time, remark) values                  ( ?, ?, ?, ?, ?, ?, ?, ?, ?, ?, ?, ?)          ,              ( ?, ?, ?, ?, ?, ?, ?, ?, ?, ?, ?, ?)          ,              ( ?, ?, ?, ?, ?, ?, ?, ?, ?, ?, ?, ?)\r\n### Cause: java.sql.SQLIntegrityConstraintViolationException: Duplicate entry \'1\' for key \'PRIMARY\'\n; Duplicate entry \'1\' for key \'PRIMARY\'; nested exception is java.sql.SQLIntegrityConstraintViolationException: Duplicate entry \'1\' for key \'PRIMARY\'', '2022-03-27 15:53:46');
INSERT INTO `sys_oper_log` VALUES ('383', '仓库管理', '2', 'com.ruoyi.web.controller.storage.MmsStoreController.edit()', 'PUT', '1', 'admin', null, '/storage/store', '127.0.0.1', '内网IP', '{\"project\":{\"params\":{},\"proId\":2},\"updateTime\":1648367703716,\"params\":{},\"storeId\":3,\"userId\":1,\"createBy\":\"\",\"createTime\":1648366434000,\"updateBy\":\"\",\"proId\":4,\"storePhone\":\"212121212\",\"storeName\":\"随便仓库\",\"mmsStoreMaterialList\":[],\"user\":{\"admin\":true,\"params\":{},\"userId\":1},\"status\":\"0\"}', '{\"msg\":\"操作成功\",\"code\":200}', '0', null, '2022-03-27 15:55:03');
INSERT INTO `sys_oper_log` VALUES ('384', '仓库管理', '2', 'com.ruoyi.web.controller.storage.MmsStoreController.edit()', 'PUT', '1', 'admin', null, '/storage/store', '127.0.0.1', '内网IP', '{\"project\":{\"params\":{},\"proId\":2},\"updateTime\":1648373551733,\"params\":{},\"storeId\":2,\"userId\":1,\"createBy\":\"\",\"createTime\":1648366175000,\"updateBy\":\"\",\"proId\":1,\"storePhone\":\"16888888888\",\"storeName\":\"2号仓库\",\"mmsStoreMaterialList\":[],\"user\":{\"admin\":true,\"params\":{},\"userId\":1},\"status\":\"0\"}', '{\"msg\":\"操作成功\",\"code\":200}', '0', null, '2022-03-27 17:32:32');
INSERT INTO `sys_oper_log` VALUES ('385', '材料入库', '1', 'com.ruoyi.web.controller.inventory.MmsReceivedController.add()', 'POST', '1', 'admin', null, '/inventory/received', '127.0.0.1', '内网IP', '{\"supplierId\":1,\"params\":{},\"storeId\":2,\"userId\":1,\"mmsReceivedMaterialList\":[{\"conUprice\":10.0,\"conTprice\":12.0,\"remark\":\"\",\"params\":{},\"inId\":13,\"conTax\":0.2,\"matId\":10000,\"id\":1,\"inNum\":1},{\"conUprice\":9.0,\"conTprice\":10.8,\"remark\":\"\",\"params\":{},\"inId\":13,\"conTax\":0.2,\"matId\":10001,\"id\":2,\"inNum\":1},{\"conUprice\":11.0,\"conTprice\":13.2,\"remark\":\"\",\"params\":{},\"inId\":13,\"conTax\":0.2,\"matId\":10002,\"id\":7,\"inNum\":1}],\"inName\":\"五\",\"inId\":13,\"createTime\":1648383068641,\"proId\":1,\"conId\":1,\"status\":\"0\"}', null, '1', '\r\n### Error updating database.  Cause: java.sql.SQLIntegrityConstraintViolationException: Duplicate entry \'1\' for key \'PRIMARY\'\r\n### The error may exist in file [D:\\RuoYi-Vue-master\\ruoyi-inventory\\target\\classes\\mapper\\inventory\\MmsReceivedMapper.xml]\r\n### The error may involve defaultParameterMap\r\n### The error occurred while setting parameters\r\n### SQL: insert into mms_received_material( id, mat_id, in_id, con_uprice, in_num, con_tax, con_tprice, create_by, create_time, update_by, update_time, remark) values                  ( ?, ?, ?, ?, ?, ?, ?, ?, ?, ?, ?, ?)          ,              ( ?, ?, ?, ?, ?, ?, ?, ?, ?, ?, ?, ?)          ,              ( ?, ?, ?, ?, ?, ?, ?, ?, ?, ?, ?, ?)\r\n### Cause: java.sql.SQLIntegrityConstraintViolationException: Duplicate entry \'1\' for key \'PRIMARY\'\n; Duplicate entry \'1\' for key \'PRIMARY\'; nested exception is java.sql.SQLIntegrityConstraintViolationException: Duplicate entry \'1\' for key \'PRIMARY\'', '2022-03-27 20:11:09');
INSERT INTO `sys_oper_log` VALUES ('386', '材料入库', '1', 'com.ruoyi.web.controller.inventory.MmsReceivedController.add()', 'POST', '1', 'admin', null, '/inventory/received', '127.0.0.1', '内网IP', '{\"supplierId\":1,\"params\":{},\"storeId\":2,\"userId\":1,\"mmsReceivedMaterialList\":[{\"conUprice\":1.0,\"conTprice\":1.1,\"remark\":\"\",\"params\":{},\"inId\":14,\"conTax\":0.1,\"matId\":10000,\"id\":4,\"inNum\":1},{\"conUprice\":1.0,\"conTprice\":1.1,\"remark\":\"\",\"params\":{},\"inId\":14,\"conTax\":0.1,\"matId\":10002,\"id\":5,\"inNum\":1}],\"inName\":\"五\",\"inId\":14,\"createTime\":1648383084943,\"proId\":4,\"conId\":2,\"status\":\"0\"}', null, '1', '\r\n### Error updating database.  Cause: java.sql.SQLIntegrityConstraintViolationException: Duplicate entry \'4\' for key \'PRIMARY\'\r\n### The error may exist in file [D:\\RuoYi-Vue-master\\ruoyi-inventory\\target\\classes\\mapper\\inventory\\MmsReceivedMapper.xml]\r\n### The error may involve defaultParameterMap\r\n### The error occurred while setting parameters\r\n### SQL: insert into mms_received_material( id, mat_id, in_id, con_uprice, in_num, con_tax, con_tprice, create_by, create_time, update_by, update_time, remark) values                  ( ?, ?, ?, ?, ?, ?, ?, ?, ?, ?, ?, ?)          ,              ( ?, ?, ?, ?, ?, ?, ?, ?, ?, ?, ?, ?)\r\n### Cause: java.sql.SQLIntegrityConstraintViolationException: Duplicate entry \'4\' for key \'PRIMARY\'\n; Duplicate entry \'4\' for key \'PRIMARY\'; nested exception is java.sql.SQLIntegrityConstraintViolationException: Duplicate entry \'4\' for key \'PRIMARY\'', '2022-03-27 20:11:25');
INSERT INTO `sys_oper_log` VALUES ('387', '代码生成', '6', 'com.ruoyi.generator.controller.GenController.importTableSave()', 'POST', '1', 'admin', null, '/tool/gen/importTable', '127.0.0.1', '内网IP', 'mms_delivery_material,mms_delivery', '{\"msg\":\"操作成功\",\"code\":200}', '0', null, '2022-03-28 22:03:07');
INSERT INTO `sys_oper_log` VALUES ('388', '代码生成', '2', 'com.ruoyi.generator.controller.GenController.editSave()', 'PUT', '1', 'admin', null, '/tool/gen', '127.0.0.1', '内网IP', '{\"sub\":true,\"subTableName\":\"mms_delivery_material\",\"functionAuthor\":\"linyuting\",\"columns\":[{\"capJavaField\":\"OutId\",\"usableColumn\":false,\"columnId\":321,\"isIncrement\":\"1\",\"increment\":true,\"insert\":true,\"dictType\":\"\",\"required\":false,\"superColumn\":false,\"updateBy\":\"\",\"isInsert\":\"1\",\"javaField\":\"outId\",\"htmlType\":\"input\",\"edit\":false,\"query\":false,\"columnComment\":\"材料出库ID\",\"sort\":1,\"list\":false,\"params\":{},\"javaType\":\"Long\",\"queryType\":\"EQ\",\"columnType\":\"int(11)\",\"createBy\":\"admin\",\"isPk\":\"1\",\"createTime\":1648476186000,\"tableId\":33,\"pk\":true,\"columnName\":\"out_id\"},{\"capJavaField\":\"OutName\",\"usableColumn\":false,\"columnId\":322,\"isIncrement\":\"0\",\"increment\":false,\"insert\":true,\"isList\":\"1\",\"dictType\":\"\",\"required\":true,\"superColumn\":false,\"updateBy\":\"\",\"isInsert\":\"1\",\"isRequired\":\"1\",\"javaField\":\"outName\",\"htmlType\":\"input\",\"edit\":true,\"query\":true,\"columnComment\":\"材料出库名称\",\"isQuery\":\"1\",\"sort\":2,\"list\":true,\"params\":{},\"javaType\":\"String\",\"queryType\":\"LIKE\",\"columnType\":\"varchar(50)\",\"createBy\":\"admin\",\"isPk\":\"0\",\"createTime\":1648476186000,\"isEdit\":\"1\",\"tableId\":33,\"pk\":false,\"columnName\":\"out_name\"},{\"capJavaField\":\"InId\",\"usableColumn\":false,\"columnId\":323,\"isIncrement\":\"0\",\"increment\":false,\"insert\":true,\"isList\":\"1\",\"dictType\":\"\",\"required\":true,\"superColumn\":false,\"updateBy\":\"\",\"isInsert\":\"1\",\"isRequired\":\"1\",\"javaField\":\"inId\",\"htmlType\":\"input\",\"edit\":true,\"query\":true,\"columnComment\":\"材料入库ID\",\"isQuery\":\"1\",\"sort\":3,\"list\":true,\"params\":{},\"javaType\":\"Long\",\"queryType\":\"EQ\",\"columnType\":\"int(11)\",\"createBy\":\"admin\",\"isPk\":\"0\",\"createTime\":1648476186000,\"isEdit\":\"1\",\"tableId\":33,\"pk\":false,\"columnName\":\"in_id\"},{\"capJavaField\":\"ProId\",\"usableColumn\":false,\"columnId\":324,\"isIncrement\":\"0\",\"increment\":false,\"insert\":true,\"isList\":\"1\",\"dictType\":\"\",\"required\":true,\"superColumn\":false,\"updateBy\":\"\",\"isInsert\":\"1\",\"isRequired\":\"1\",\"javaField\":\"proId\",\"htmlType\":\"input\",\"edit\":true,\"query\":true,\"columnComment\":\"项目ID\",\"isQuery\":\"1\",\"sort\":4,\"list\":true,\"params\":{},\"javaType\"', '{\"msg\":\"操作成功\",\"code\":200}', '0', null, '2022-03-28 22:04:29');
INSERT INTO `sys_oper_log` VALUES ('389', '代码生成', '8', 'com.ruoyi.generator.controller.GenController.batchGenCode()', 'GET', '1', 'admin', null, '/tool/gen/batchGenCode', '127.0.0.1', '内网IP', '{}', null, '0', null, '2022-03-28 22:04:46');
INSERT INTO `sys_oper_log` VALUES ('390', '代码生成', '6', 'com.ruoyi.generator.controller.GenController.importTableSave()', 'POST', '1', 'admin', null, '/tool/gen/importTable', '127.0.0.1', '内网IP', 'mms_back,mms_back_material', '{\"msg\":\"操作成功\",\"code\":200}', '0', null, '2022-03-28 22:10:01');
INSERT INTO `sys_oper_log` VALUES ('391', '代码生成', '2', 'com.ruoyi.generator.controller.GenController.editSave()', 'PUT', '1', 'admin', null, '/tool/gen', '127.0.0.1', '内网IP', '{\"sub\":true,\"subTableName\":\"mms_back_material\",\"functionAuthor\":\"linyuting\",\"columns\":[{\"capJavaField\":\"BackId\",\"usableColumn\":false,\"columnId\":342,\"isIncrement\":\"1\",\"increment\":true,\"insert\":true,\"dictType\":\"\",\"required\":false,\"superColumn\":false,\"updateBy\":\"\",\"isInsert\":\"1\",\"javaField\":\"backId\",\"htmlType\":\"input\",\"edit\":false,\"query\":false,\"columnComment\":\"材料退库ID\",\"sort\":1,\"list\":false,\"params\":{},\"javaType\":\"Long\",\"queryType\":\"EQ\",\"columnType\":\"int(11)\",\"createBy\":\"admin\",\"isPk\":\"1\",\"createTime\":1648476601000,\"tableId\":35,\"pk\":true,\"columnName\":\"back_id\"},{\"capJavaField\":\"BackName\",\"usableColumn\":false,\"columnId\":343,\"isIncrement\":\"0\",\"increment\":false,\"insert\":true,\"isList\":\"1\",\"dictType\":\"\",\"required\":true,\"superColumn\":false,\"updateBy\":\"\",\"isInsert\":\"1\",\"isRequired\":\"1\",\"javaField\":\"backName\",\"htmlType\":\"input\",\"edit\":true,\"query\":true,\"columnComment\":\"材料退库名称\",\"isQuery\":\"1\",\"sort\":2,\"list\":true,\"params\":{},\"javaType\":\"String\",\"queryType\":\"LIKE\",\"columnType\":\"varchar(50)\",\"createBy\":\"admin\",\"isPk\":\"0\",\"createTime\":1648476601000,\"isEdit\":\"1\",\"tableId\":35,\"pk\":false,\"columnName\":\"back_name\"},{\"capJavaField\":\"ProId\",\"usableColumn\":false,\"columnId\":344,\"isIncrement\":\"0\",\"increment\":false,\"insert\":true,\"isList\":\"1\",\"dictType\":\"\",\"required\":true,\"superColumn\":false,\"updateBy\":\"\",\"isInsert\":\"1\",\"isRequired\":\"1\",\"javaField\":\"proId\",\"htmlType\":\"input\",\"edit\":true,\"query\":true,\"columnComment\":\"项目ID\",\"isQuery\":\"1\",\"sort\":3,\"list\":true,\"params\":{},\"javaType\":\"Long\",\"queryType\":\"EQ\",\"columnType\":\"int(11)\",\"createBy\":\"admin\",\"isPk\":\"0\",\"createTime\":1648476601000,\"isEdit\":\"1\",\"tableId\":35,\"pk\":false,\"columnName\":\"pro_id\"},{\"capJavaField\":\"StoreId\",\"usableColumn\":false,\"columnId\":345,\"isIncrement\":\"0\",\"increment\":false,\"insert\":true,\"isList\":\"1\",\"dictType\":\"\",\"required\":true,\"superColumn\":false,\"updateBy\":\"\",\"isInsert\":\"1\",\"isRequired\":\"1\",\"javaField\":\"storeId\",\"htmlType\":\"input\",\"edit\":true,\"query\":true,\"columnComment\":\"仓库ID\",\"isQuery\":\"1\",\"sort\":4,\"list\":true,\"params\":{},\"ja', '{\"msg\":\"操作成功\",\"code\":200}', '0', null, '2022-03-28 22:11:10');
INSERT INTO `sys_oper_log` VALUES ('392', '代码生成', '8', 'com.ruoyi.generator.controller.GenController.batchGenCode()', 'GET', '1', 'admin', null, '/tool/gen/batchGenCode', '127.0.0.1', '内网IP', '{}', null, '0', null, '2022-03-28 22:11:19');
INSERT INTO `sys_oper_log` VALUES ('393', '菜单管理', '2', 'com.ruoyi.web.controller.system.SysMenuController.edit()', 'PUT', '1', 'admin', null, '/system/menu', '127.0.0.1', '内网IP', '{\"visible\":\"0\",\"icon\":\"#\",\"orderNum\":2,\"menuName\":\"材料出库\",\"params\":{},\"parentId\":2132,\"isCache\":\"0\",\"path\":\"delivery\",\"component\":\"inventory/delivery/index\",\"children\":[],\"createTime\":1648476341000,\"updateBy\":\"admin\",\"isFrame\":\"1\",\"menuId\":2207,\"menuType\":\"C\",\"perms\":\"inventory:delivery:list\",\"status\":\"0\"}', '{\"msg\":\"操作成功\",\"code\":200}', '0', null, '2022-03-28 22:13:58');
INSERT INTO `sys_oper_log` VALUES ('394', '菜单管理', '2', 'com.ruoyi.web.controller.system.SysMenuController.edit()', 'PUT', '1', 'admin', null, '/system/menu', '127.0.0.1', '内网IP', '{\"visible\":\"0\",\"icon\":\"#\",\"orderNum\":3,\"menuName\":\"材料退库\",\"params\":{},\"parentId\":2132,\"isCache\":\"0\",\"path\":\"back\",\"component\":\"inventory/back/index\",\"children\":[],\"createTime\":1648476733000,\"updateBy\":\"admin\",\"isFrame\":\"1\",\"menuId\":2213,\"menuType\":\"C\",\"perms\":\"inventory:back:list\",\"status\":\"0\"}', '{\"msg\":\"操作成功\",\"code\":200}', '0', null, '2022-03-28 22:14:05');
INSERT INTO `sys_oper_log` VALUES ('395', '代码生成', '6', 'com.ruoyi.generator.controller.GenController.importTableSave()', 'POST', '1', 'admin', null, '/tool/gen/importTable', '127.0.0.1', '内网IP', 'mms_check,mms_check_material', '{\"msg\":\"操作成功\",\"code\":200}', '0', null, '2022-03-28 22:15:29');
INSERT INTO `sys_oper_log` VALUES ('396', '代码生成', '2', 'com.ruoyi.generator.controller.GenController.editSave()', 'PUT', '1', 'admin', null, '/tool/gen', '127.0.0.1', '内网IP', '{\"sub\":true,\"subTableName\":\"mms_check_material\",\"functionAuthor\":\"linyuting\",\"columns\":[{\"capJavaField\":\"CheId\",\"usableColumn\":false,\"columnId\":362,\"isIncrement\":\"1\",\"increment\":true,\"insert\":true,\"dictType\":\"\",\"required\":false,\"superColumn\":false,\"updateBy\":\"\",\"isInsert\":\"1\",\"javaField\":\"cheId\",\"htmlType\":\"input\",\"edit\":false,\"query\":false,\"columnComment\":\"材料盘点ID\",\"sort\":1,\"list\":false,\"params\":{},\"javaType\":\"Long\",\"queryType\":\"EQ\",\"columnType\":\"int(11)\",\"createBy\":\"admin\",\"isPk\":\"1\",\"createTime\":1648476929000,\"tableId\":37,\"pk\":true,\"columnName\":\"che_id\"},{\"capJavaField\":\"CheName\",\"usableColumn\":false,\"columnId\":363,\"isIncrement\":\"0\",\"increment\":false,\"insert\":true,\"isList\":\"1\",\"dictType\":\"\",\"required\":true,\"superColumn\":false,\"updateBy\":\"\",\"isInsert\":\"1\",\"isRequired\":\"1\",\"javaField\":\"cheName\",\"htmlType\":\"input\",\"edit\":true,\"query\":true,\"columnComment\":\"材料盘点名称\",\"isQuery\":\"1\",\"sort\":2,\"list\":true,\"params\":{},\"javaType\":\"String\",\"queryType\":\"LIKE\",\"columnType\":\"varchar(50)\",\"createBy\":\"admin\",\"isPk\":\"0\",\"createTime\":1648476929000,\"isEdit\":\"1\",\"tableId\":37,\"pk\":false,\"columnName\":\"che_name\"},{\"capJavaField\":\"ProId\",\"usableColumn\":false,\"columnId\":364,\"isIncrement\":\"0\",\"increment\":false,\"insert\":true,\"isList\":\"1\",\"dictType\":\"\",\"required\":true,\"superColumn\":false,\"updateBy\":\"\",\"isInsert\":\"1\",\"isRequired\":\"1\",\"javaField\":\"proId\",\"htmlType\":\"input\",\"edit\":true,\"query\":true,\"columnComment\":\"项目ID\",\"isQuery\":\"1\",\"sort\":3,\"list\":true,\"params\":{},\"javaType\":\"Long\",\"queryType\":\"EQ\",\"columnType\":\"int(11)\",\"createBy\":\"admin\",\"isPk\":\"0\",\"createTime\":1648476929000,\"isEdit\":\"1\",\"tableId\":37,\"pk\":false,\"columnName\":\"pro_id\"},{\"capJavaField\":\"StoreId\",\"usableColumn\":false,\"columnId\":365,\"isIncrement\":\"0\",\"increment\":false,\"insert\":true,\"isList\":\"1\",\"dictType\":\"\",\"required\":true,\"superColumn\":false,\"updateBy\":\"\",\"isInsert\":\"1\",\"isRequired\":\"1\",\"javaField\":\"storeId\",\"htmlType\":\"input\",\"edit\":true,\"query\":true,\"columnComment\":\"仓库ID\",\"isQuery\":\"1\",\"sort\":4,\"list\":true,\"params\":{},\"javaTyp', '{\"msg\":\"操作成功\",\"code\":200}', '0', null, '2022-03-28 22:16:28');
INSERT INTO `sys_oper_log` VALUES ('397', '代码生成', '8', 'com.ruoyi.generator.controller.GenController.batchGenCode()', 'GET', '1', 'admin', null, '/tool/gen/batchGenCode', '127.0.0.1', '内网IP', '{}', null, '0', null, '2022-03-28 22:16:31');
INSERT INTO `sys_oper_log` VALUES ('398', '菜单管理', '2', 'com.ruoyi.web.controller.system.SysMenuController.edit()', 'PUT', '1', 'admin', null, '/system/menu', '127.0.0.1', '内网IP', '{\"visible\":\"0\",\"icon\":\"#\",\"orderNum\":4,\"menuName\":\"材料盘点\",\"params\":{},\"parentId\":2132,\"isCache\":\"0\",\"path\":\"check\",\"component\":\"inventory/check/index\",\"children\":[],\"createTime\":1648477340000,\"updateBy\":\"admin\",\"isFrame\":\"1\",\"menuId\":2224,\"menuType\":\"C\",\"perms\":\"inventory:check:list\",\"status\":\"0\"}', '{\"msg\":\"操作成功\",\"code\":200}', '0', null, '2022-03-28 22:22:51');
INSERT INTO `sys_oper_log` VALUES ('399', '菜单管理', '2', 'com.ruoyi.web.controller.system.SysMenuController.edit()', 'PUT', '1', 'admin', null, '/system/menu', '127.0.0.1', '内网IP', '{\"visible\":\"0\",\"icon\":\"#\",\"orderNum\":4,\"menuName\":\"材料盘点\",\"params\":{},\"parentId\":2132,\"isCache\":\"0\",\"path\":\"check\",\"component\":\"inventory/check/index\",\"children\":[],\"createTime\":1648477416000,\"updateBy\":\"admin\",\"isFrame\":\"1\",\"menuId\":2225,\"menuType\":\"C\",\"perms\":\"inventory:check:list\",\"status\":\"0\"}', '{\"msg\":\"操作成功\",\"code\":200}', '0', null, '2022-03-28 22:23:53');
INSERT INTO `sys_oper_log` VALUES ('400', '材料入库', '2', 'com.ruoyi.web.controller.inventory.MmsReceivedController.edit()', 'PUT', '1', 'admin', null, '/inventory/received', '127.0.0.1', '内网IP', '{\"supplierId\":1,\"contract\":{\"params\":{},\"proId\":4,\"conId\":2},\"project\":{\"params\":{},\"proId\":4},\"updateTime\":1648478791790,\"store\":{\"params\":{},\"storeId\":2,\"proId\":4},\"params\":{},\"storeId\":3,\"userId\":1,\"mmsReceivedMaterialList\":[{\"conUprice\":1.0,\"conTprice\":1.1,\"remark\":\"\",\"params\":{},\"inId\":4,\"conTax\":0.1,\"matId\":10000,\"id\":4,\"inNum\":1},{\"conUprice\":1.0,\"conTprice\":1.1,\"remark\":\"\",\"params\":{},\"inId\":4,\"conTax\":0.1,\"matId\":10002,\"id\":5,\"inNum\":1}],\"inName\":\"2号入库材料\",\"inId\":4,\"createBy\":\"\",\"createTime\":1648366372000,\"updateBy\":\"\",\"proId\":4,\"supplier\":{\"supplierId\":1,\"params\":{}},\"conId\":2,\"user\":{\"admin\":true,\"params\":{},\"userId\":1},\"status\":\"2\"}', '{\"msg\":\"操作成功\",\"code\":200}', '0', null, '2022-03-28 22:46:32');
INSERT INTO `sys_oper_log` VALUES ('401', '仓库管理', '2', 'com.ruoyi.web.controller.storage.MmsStoreController.edit()', 'PUT', '1', 'admin', null, '/storage/store', '127.0.0.1', '内网IP', '{\"updateTime\":1648478791790,\"params\":{},\"storeId\":3,\"userId\":1,\"proId\":4,\"mmsStoreMaterialList\":[{\"remark\":\"\",\"params\":{},\"storeId\":3,\"matId\":10000,\"id\":4},{\"remark\":\"\",\"params\":{},\"storeId\":3,\"matId\":10002,\"id\":5}],\"status\":\"0\"}', null, '1', '\r\n### Error updating database.  Cause: java.sql.SQLIntegrityConstraintViolationException: Column \'mat_num\' cannot be null\r\n### The error may exist in file [D:\\RuoYi-Vue-master\\ruoyi-storage\\target\\classes\\mapper\\storage\\MmsStoreMapper.xml]\r\n### The error may involve defaultParameterMap\r\n### The error occurred while setting parameters\r\n### SQL: insert into mms_store_material( id, mat_id, store_id, mat_uprice, mat_num, mat_tprice, create_by, create_time, update_by, update_time, remark) values                  ( ?, ?, ?, ?, ?, ?, ?, ?, ?, ?, ?)          ,              ( ?, ?, ?, ?, ?, ?, ?, ?, ?, ?, ?)\r\n### Cause: java.sql.SQLIntegrityConstraintViolationException: Column \'mat_num\' cannot be null\n; Column \'mat_num\' cannot be null; nested exception is java.sql.SQLIntegrityConstraintViolationException: Column \'mat_num\' cannot be null', '2022-03-28 22:46:32');
INSERT INTO `sys_oper_log` VALUES ('402', '材料入库', '2', 'com.ruoyi.web.controller.inventory.MmsReceivedController.edit()', 'PUT', '1', 'admin', null, '/inventory/received', '127.0.0.1', '内网IP', '{\"supplierId\":1,\"contract\":{\"params\":{},\"proId\":4,\"conId\":2},\"project\":{\"params\":{},\"proId\":4},\"updateTime\":1648478820068,\"store\":{\"params\":{},\"storeId\":3,\"proId\":4},\"params\":{},\"storeId\":3,\"userId\":1,\"mmsReceivedMaterialList\":[{\"conUprice\":1.0,\"conTprice\":1.1,\"remark\":\"\",\"params\":{},\"inId\":4,\"conTax\":0.1,\"matId\":10000,\"id\":4,\"inNum\":1},{\"conUprice\":1.0,\"conTprice\":1.1,\"remark\":\"\",\"params\":{},\"inId\":4,\"conTax\":0.1,\"matId\":10002,\"id\":5,\"inNum\":1}],\"inName\":\"2号入库材料\",\"inId\":4,\"createBy\":\"\",\"createTime\":1648366372000,\"updateBy\":\"\",\"proId\":4,\"supplier\":{\"supplierId\":1,\"params\":{}},\"conId\":2,\"user\":{\"admin\":true,\"params\":{},\"userId\":1},\"status\":\"2\"}', '{\"msg\":\"操作成功\",\"code\":200}', '0', null, '2022-03-28 22:47:00');
INSERT INTO `sys_oper_log` VALUES ('403', '仓库管理', '2', 'com.ruoyi.web.controller.storage.MmsStoreController.edit()', 'PUT', '1', 'admin', null, '/storage/store', '127.0.0.1', '内网IP', '{\"updateTime\":1648478820374,\"params\":{},\"storeId\":3,\"userId\":1,\"proId\":4,\"mmsStoreMaterialList\":[{\"remark\":\"\",\"params\":{},\"storeId\":3,\"matId\":10000,\"id\":4},{\"remark\":\"\",\"params\":{},\"storeId\":3,\"matId\":10002,\"id\":5}],\"status\":\"0\"}', null, '1', '\r\n### Error updating database.  Cause: java.sql.SQLIntegrityConstraintViolationException: Column \'mat_num\' cannot be null\r\n### The error may exist in file [D:\\RuoYi-Vue-master\\ruoyi-storage\\target\\classes\\mapper\\storage\\MmsStoreMapper.xml]\r\n### The error may involve defaultParameterMap\r\n### The error occurred while setting parameters\r\n### SQL: insert into mms_store_material( id, mat_id, store_id, mat_uprice, mat_num, mat_tprice, create_by, create_time, update_by, update_time, remark) values                  ( ?, ?, ?, ?, ?, ?, ?, ?, ?, ?, ?)          ,              ( ?, ?, ?, ?, ?, ?, ?, ?, ?, ?, ?)\r\n### Cause: java.sql.SQLIntegrityConstraintViolationException: Column \'mat_num\' cannot be null\n; Column \'mat_num\' cannot be null; nested exception is java.sql.SQLIntegrityConstraintViolationException: Column \'mat_num\' cannot be null', '2022-03-28 22:47:00');
INSERT INTO `sys_oper_log` VALUES ('404', '仓库管理', '2', 'com.ruoyi.web.controller.storage.MmsStoreController.edit()', 'PUT', '1', 'admin', null, '/storage/store', '127.0.0.1', '内网IP', '{\"updateTime\":1648478912109,\"params\":{},\"storeId\":3,\"userId\":1,\"proId\":4,\"mmsStoreMaterialList\":[{\"remark\":\"\",\"params\":{},\"storeId\":3,\"matId\":10000,\"id\":4},{\"remark\":\"\",\"params\":{},\"storeId\":3,\"matId\":10002,\"id\":5}],\"status\":\"0\"}', null, '1', '\r\n### Error updating database.  Cause: java.sql.SQLIntegrityConstraintViolationException: Column \'mat_num\' cannot be null\r\n### The error may exist in file [D:\\RuoYi-Vue-master\\ruoyi-storage\\target\\classes\\mapper\\storage\\MmsStoreMapper.xml]\r\n### The error may involve defaultParameterMap\r\n### The error occurred while setting parameters\r\n### SQL: insert into mms_store_material( id, mat_id, store_id, mat_uprice, mat_num, mat_tprice, create_by, create_time, update_by, update_time, remark) values                  ( ?, ?, ?, ?, ?, ?, ?, ?, ?, ?, ?)          ,              ( ?, ?, ?, ?, ?, ?, ?, ?, ?, ?, ?)\r\n### Cause: java.sql.SQLIntegrityConstraintViolationException: Column \'mat_num\' cannot be null\n; Column \'mat_num\' cannot be null; nested exception is java.sql.SQLIntegrityConstraintViolationException: Column \'mat_num\' cannot be null', '2022-03-28 22:48:32');
INSERT INTO `sys_oper_log` VALUES ('405', '材料入库', '2', 'com.ruoyi.web.controller.inventory.MmsReceivedController.edit()', 'PUT', '1', 'admin', null, '/inventory/received', '127.0.0.1', '内网IP', '{\"supplierId\":1,\"contract\":{\"params\":{},\"proId\":4,\"conId\":2},\"project\":{\"params\":{},\"proId\":4},\"updateTime\":1648478911804,\"store\":{\"params\":{},\"storeId\":3,\"proId\":4},\"params\":{},\"storeId\":3,\"userId\":1,\"mmsReceivedMaterialList\":[{\"conUprice\":1.0,\"conTprice\":1.1,\"remark\":\"\",\"params\":{},\"inId\":4,\"conTax\":0.1,\"matId\":10000,\"id\":4,\"inNum\":1},{\"conUprice\":1.0,\"conTprice\":1.1,\"remark\":\"\",\"params\":{},\"inId\":4,\"conTax\":0.1,\"matId\":10002,\"id\":5,\"inNum\":1}],\"inName\":\"2号入库材料\",\"inId\":4,\"createBy\":\"\",\"createTime\":1648366372000,\"updateBy\":\"\",\"proId\":4,\"supplier\":{\"supplierId\":1,\"params\":{}},\"conId\":2,\"user\":{\"admin\":true,\"params\":{},\"userId\":1},\"status\":\"2\"}', '{\"msg\":\"操作成功\",\"code\":200}', '0', null, '2022-03-28 22:48:32');
INSERT INTO `sys_oper_log` VALUES ('406', '材料入库', '2', 'com.ruoyi.web.controller.inventory.MmsReceivedController.edit()', 'PUT', '1', 'admin', null, '/inventory/received', '127.0.0.1', '内网IP', '{\"supplierId\":1,\"contract\":{\"params\":{},\"proId\":4,\"conId\":2},\"project\":{\"params\":{},\"proId\":4},\"updateTime\":1648478995556,\"store\":{\"params\":{},\"storeId\":3,\"proId\":4},\"params\":{},\"storeId\":3,\"userId\":1,\"mmsReceivedMaterialList\":[{\"conUprice\":1.0,\"conTprice\":1.1,\"remark\":\"\",\"params\":{},\"inId\":4,\"conTax\":0.1,\"matId\":10000,\"id\":4,\"inNum\":1},{\"conUprice\":1.0,\"conTprice\":1.1,\"remark\":\"\",\"params\":{},\"inId\":4,\"conTax\":0.1,\"matId\":10002,\"id\":5,\"inNum\":1}],\"inName\":\"2号入库材料\",\"inId\":4,\"createBy\":\"\",\"createTime\":1648366372000,\"updateBy\":\"\",\"proId\":4,\"supplier\":{\"supplierId\":1,\"params\":{}},\"conId\":2,\"user\":{\"admin\":true,\"params\":{},\"userId\":1},\"status\":\"2\"}', '{\"msg\":\"操作成功\",\"code\":200}', '0', null, '2022-03-28 22:49:55');
INSERT INTO `sys_oper_log` VALUES ('407', '仓库管理', '2', 'com.ruoyi.web.controller.storage.MmsStoreController.edit()', 'PUT', '1', 'admin', null, '/storage/store', '127.0.0.1', '内网IP', '{\"updateTime\":1648478995861,\"params\":{},\"storeId\":3,\"userId\":1,\"proId\":4,\"mmsStoreMaterialList\":[{\"remark\":\"\",\"params\":{},\"storeId\":3,\"matId\":10000,\"id\":4},{\"remark\":\"\",\"params\":{},\"storeId\":3,\"matId\":10002,\"id\":5}],\"status\":\"0\"}', null, '1', '\r\n### Error updating database.  Cause: java.sql.SQLIntegrityConstraintViolationException: Column \'mat_num\' cannot be null\r\n### The error may exist in file [D:\\RuoYi-Vue-master\\ruoyi-storage\\target\\classes\\mapper\\storage\\MmsStoreMapper.xml]\r\n### The error may involve defaultParameterMap\r\n### The error occurred while setting parameters\r\n### SQL: insert into mms_store_material( id, mat_id, store_id, mat_uprice, mat_num, mat_tprice, create_by, create_time, update_by, update_time, remark) values                  ( ?, ?, ?, ?, ?, ?, ?, ?, ?, ?, ?)          ,              ( ?, ?, ?, ?, ?, ?, ?, ?, ?, ?, ?)\r\n### Cause: java.sql.SQLIntegrityConstraintViolationException: Column \'mat_num\' cannot be null\n; Column \'mat_num\' cannot be null; nested exception is java.sql.SQLIntegrityConstraintViolationException: Column \'mat_num\' cannot be null', '2022-03-28 22:49:55');
INSERT INTO `sys_oper_log` VALUES ('408', '材料入库', '2', 'com.ruoyi.web.controller.inventory.MmsReceivedController.edit()', 'PUT', '1', 'admin', null, '/inventory/received', '127.0.0.1', '内网IP', '{\"supplierId\":1,\"contract\":{\"params\":{},\"proId\":1,\"conId\":1},\"project\":{\"params\":{},\"proId\":1},\"updateTime\":1648885840290,\"store\":{\"params\":{},\"storeId\":1,\"proId\":1},\"params\":{},\"storeId\":1,\"userId\":1,\"mmsReceivedMaterialList\":[{\"conUprice\":10.0,\"conTprice\":12.0,\"remark\":\"\",\"params\":{},\"inId\":2,\"conTax\":0.2,\"matId\":10000,\"id\":1,\"inNum\":1000},{\"conUprice\":9.0,\"conTprice\":10.8,\"remark\":\"\",\"params\":{},\"inId\":2,\"conTax\":0.2,\"matId\":10001,\"id\":2,\"inNum\":1000},{\"conUprice\":11.0,\"conTprice\":13.2,\"remark\":\"\",\"params\":{},\"inId\":2,\"conTax\":0.2,\"matId\":10002,\"id\":7,\"inNum\":1000}],\"inName\":\"1号入库材料\",\"inId\":2,\"createBy\":\"\",\"createTime\":1648364510000,\"updateBy\":\"\",\"proId\":1,\"supplier\":{\"supplierId\":1,\"params\":{}},\"conId\":1,\"user\":{\"admin\":true,\"params\":{},\"userId\":1},\"status\":\"2\"}', '{\"msg\":\"操作成功\",\"code\":200}', '0', null, '2022-04-02 15:50:41');
INSERT INTO `sys_oper_log` VALUES ('409', '材料入库', '2', 'com.ruoyi.web.controller.inventory.MmsReceivedController.edit()', 'PUT', '1', 'admin', null, '/inventory/received', '127.0.0.1', '内网IP', '{\"supplierId\":1,\"contract\":{\"params\":{},\"proId\":1,\"conId\":1},\"project\":{\"params\":{},\"proId\":1},\"updateTime\":1648886032593,\"store\":{\"params\":{},\"storeId\":1,\"proId\":1},\"params\":{},\"storeId\":1,\"userId\":1,\"mmsReceivedMaterialList\":[{\"conUprice\":10.0,\"conTprice\":12.0,\"remark\":\"\",\"params\":{},\"inId\":2,\"conTax\":0.2,\"matId\":10000,\"id\":1,\"inNum\":1000},{\"conUprice\":9.0,\"conTprice\":10.8,\"remark\":\"\",\"params\":{},\"inId\":2,\"conTax\":0.2,\"matId\":10001,\"id\":2,\"inNum\":1000},{\"conUprice\":11.0,\"conTprice\":13.2,\"remark\":\"\",\"params\":{},\"inId\":2,\"conTax\":0.2,\"matId\":10002,\"id\":7,\"inNum\":1000}],\"inName\":\"1号入库材料\",\"inId\":2,\"createBy\":\"\",\"createTime\":1648364510000,\"updateBy\":\"\",\"proId\":1,\"supplier\":{\"supplierId\":1,\"params\":{}},\"conId\":1,\"user\":{\"admin\":true,\"params\":{},\"userId\":1},\"status\":\"0\"}', '{\"msg\":\"操作成功\",\"code\":200}', '0', null, '2022-04-02 15:53:52');
INSERT INTO `sys_oper_log` VALUES ('410', '材料入库', '2', 'com.ruoyi.web.controller.inventory.MmsReceivedController.edit()', 'PUT', '1', 'admin', null, '/inventory/received', '127.0.0.1', '内网IP', '{\"supplierId\":1,\"contract\":{\"params\":{},\"proId\":4,\"conId\":2},\"project\":{\"params\":{},\"proId\":4},\"updateTime\":1648886038005,\"store\":{\"params\":{},\"storeId\":3,\"proId\":4},\"params\":{},\"storeId\":3,\"userId\":1,\"mmsReceivedMaterialList\":[{\"conUprice\":1.0,\"conTprice\":1.1,\"remark\":\"\",\"params\":{},\"inId\":4,\"conTax\":0.1,\"matId\":10000,\"id\":4,\"inNum\":1},{\"conUprice\":1.0,\"conTprice\":1.1,\"remark\":\"\",\"params\":{},\"inId\":4,\"conTax\":0.1,\"matId\":10002,\"id\":5,\"inNum\":1}],\"inName\":\"2号入库材料\",\"inId\":4,\"createBy\":\"\",\"createTime\":1648366372000,\"updateBy\":\"\",\"proId\":4,\"supplier\":{\"supplierId\":1,\"params\":{}},\"conId\":2,\"user\":{\"admin\":true,\"params\":{},\"userId\":1},\"status\":\"0\"}', '{\"msg\":\"操作成功\",\"code\":200}', '0', null, '2022-04-02 15:53:58');
INSERT INTO `sys_oper_log` VALUES ('411', '材料入库', '2', 'com.ruoyi.web.controller.inventory.MmsReceivedController.edit()', 'PUT', '1', 'admin', null, '/inventory/received', '127.0.0.1', '内网IP', '{\"supplierId\":1,\"contract\":{\"params\":{},\"proId\":1,\"conId\":1},\"project\":{\"params\":{},\"proId\":1},\"updateTime\":1648886046306,\"store\":{\"params\":{},\"storeId\":1,\"proId\":1},\"params\":{},\"storeId\":1,\"userId\":1,\"mmsReceivedMaterialList\":[{\"conUprice\":10.0,\"conTprice\":12.0,\"remark\":\"\",\"params\":{},\"inId\":2,\"conTax\":0.2,\"matId\":10000,\"id\":1,\"inNum\":1000},{\"conUprice\":9.0,\"conTprice\":10.8,\"remark\":\"\",\"params\":{},\"inId\":2,\"conTax\":0.2,\"matId\":10001,\"id\":2,\"inNum\":1000},{\"conUprice\":11.0,\"conTprice\":13.2,\"remark\":\"\",\"params\":{},\"inId\":2,\"conTax\":0.2,\"matId\":10002,\"id\":7,\"inNum\":1000}],\"inName\":\"1号入库材料\",\"inId\":2,\"createBy\":\"\",\"createTime\":1648364510000,\"updateBy\":\"\",\"proId\":1,\"supplier\":{\"supplierId\":1,\"params\":{}},\"conId\":1,\"user\":{\"admin\":true,\"params\":{},\"userId\":1},\"status\":\"2\"}', '{\"msg\":\"操作成功\",\"code\":200}', '0', null, '2022-04-02 15:54:06');
INSERT INTO `sys_oper_log` VALUES ('412', '材料入库', '2', 'com.ruoyi.web.controller.inventory.MmsReceivedController.edit()', 'PUT', '1', 'admin', null, '/inventory/received', '127.0.0.1', '内网IP', '{\"supplierId\":1,\"contract\":{\"params\":{},\"proId\":1,\"conId\":1},\"project\":{\"params\":{},\"proId\":1},\"updateTime\":1648886058703,\"store\":{\"params\":{},\"storeId\":1,\"proId\":1},\"params\":{},\"storeId\":1,\"userId\":1,\"mmsReceivedMaterialList\":[{\"conUprice\":10.0,\"conTprice\":12.0,\"remark\":\"\",\"params\":{},\"inId\":2,\"conTax\":0.2,\"matId\":10000,\"id\":1,\"inNum\":1000},{\"conUprice\":9.0,\"conTprice\":10.8,\"remark\":\"\",\"params\":{},\"inId\":2,\"conTax\":0.2,\"matId\":10001,\"id\":2,\"inNum\":1000},{\"conUprice\":11.0,\"conTprice\":13.2,\"remark\":\"\",\"params\":{},\"inId\":2,\"conTax\":0.2,\"matId\":10002,\"id\":7,\"inNum\":1000}],\"inName\":\"1号入库材料\",\"inId\":2,\"createBy\":\"\",\"createTime\":1648364510000,\"updateBy\":\"\",\"proId\":1,\"supplier\":{\"supplierId\":1,\"params\":{}},\"conId\":1,\"user\":{\"admin\":true,\"params\":{},\"userId\":1},\"status\":\"0\"}', '{\"msg\":\"操作成功\",\"code\":200}', '0', null, '2022-04-02 15:54:18');
INSERT INTO `sys_oper_log` VALUES ('413', '材料入库', '2', 'com.ruoyi.web.controller.inventory.MmsReceivedController.edit()', 'PUT', '1', 'admin', null, '/inventory/received', '127.0.0.1', '内网IP', '{\"supplierId\":1,\"contract\":{\"params\":{},\"proId\":1,\"conId\":1},\"project\":{\"params\":{},\"proId\":1},\"updateTime\":1648886065395,\"store\":{\"params\":{},\"storeId\":1,\"proId\":1},\"params\":{},\"storeId\":1,\"userId\":1,\"mmsReceivedMaterialList\":[{\"conUprice\":10.0,\"conTprice\":12.0,\"remark\":\"\",\"params\":{},\"inId\":2,\"conTax\":0.2,\"matId\":10000,\"id\":1,\"inNum\":1000},{\"conUprice\":9.0,\"conTprice\":10.8,\"remark\":\"\",\"params\":{},\"inId\":2,\"conTax\":0.2,\"matId\":10001,\"id\":2,\"inNum\":1000},{\"conUprice\":11.0,\"conTprice\":13.2,\"remark\":\"\",\"params\":{},\"inId\":2,\"conTax\":0.2,\"matId\":10002,\"id\":7,\"inNum\":1000}],\"inName\":\"1号入库材料\",\"inId\":2,\"createBy\":\"\",\"createTime\":1648364510000,\"updateBy\":\"\",\"proId\":1,\"supplier\":{\"supplierId\":1,\"params\":{}},\"conId\":1,\"user\":{\"admin\":true,\"params\":{},\"userId\":1},\"status\":\"2\"}', '{\"msg\":\"操作成功\",\"code\":200}', '0', null, '2022-04-02 15:54:26');
INSERT INTO `sys_oper_log` VALUES ('414', '材料入库', '2', 'com.ruoyi.web.controller.inventory.MmsReceivedController.edit()', 'PUT', '1', 'admin', null, '/inventory/received', '127.0.0.1', '内网IP', '{\"supplierId\":1,\"contract\":{\"params\":{},\"proId\":1,\"conId\":1},\"project\":{\"params\":{},\"proId\":1},\"updateTime\":1648886972890,\"store\":{\"params\":{},\"storeId\":1,\"proId\":1},\"params\":{},\"storeId\":1,\"userId\":1,\"mmsReceivedMaterialList\":[{\"conUprice\":10.0,\"conTprice\":12.0,\"remark\":\"\",\"params\":{},\"inId\":2,\"conTax\":0.2,\"matId\":10000,\"id\":1,\"inNum\":1000},{\"conUprice\":9.0,\"conTprice\":10.8,\"remark\":\"\",\"params\":{},\"inId\":2,\"conTax\":0.2,\"matId\":10001,\"id\":2,\"inNum\":1000},{\"conUprice\":11.0,\"conTprice\":13.2,\"remark\":\"\",\"params\":{},\"inId\":2,\"conTax\":0.2,\"matId\":10002,\"id\":7,\"inNum\":1000}],\"inName\":\"1号入库材料\",\"inId\":2,\"createBy\":\"\",\"createTime\":1648364510000,\"updateBy\":\"\",\"proId\":1,\"supplier\":{\"supplierId\":1,\"params\":{}},\"conId\":1,\"user\":{\"admin\":true,\"params\":{},\"userId\":1},\"status\":\"2\"}', '{\"msg\":\"操作成功\",\"code\":200}', '0', null, '2022-04-02 16:09:33');
INSERT INTO `sys_oper_log` VALUES ('415', '材料入库', '2', 'com.ruoyi.web.controller.inventory.MmsReceivedController.edit()', 'PUT', '1', 'admin', null, '/inventory/received', '127.0.0.1', '内网IP', '{\"supplierId\":1,\"contract\":{\"params\":{},\"proId\":4,\"conId\":2},\"project\":{\"params\":{},\"proId\":4},\"updateTime\":1648887331767,\"store\":{\"params\":{},\"storeId\":3,\"proId\":4},\"params\":{},\"storeId\":3,\"userId\":1,\"mmsReceivedMaterialList\":[{\"conUprice\":1.0,\"conTprice\":1.1,\"remark\":\"\",\"params\":{},\"inId\":4,\"conTax\":0.1,\"matId\":10000,\"id\":4,\"inNum\":1},{\"conUprice\":1.0,\"conTprice\":1.1,\"remark\":\"\",\"params\":{},\"inId\":4,\"conTax\":0.1,\"matId\":10002,\"id\":5,\"inNum\":1}],\"inName\":\"2号入库材料\",\"inId\":4,\"createBy\":\"\",\"createTime\":1648366372000,\"updateBy\":\"\",\"proId\":4,\"supplier\":{\"supplierId\":1,\"params\":{}},\"conId\":2,\"user\":{\"admin\":true,\"params\":{},\"userId\":1},\"status\":\"2\"}', '{\"msg\":\"操作成功\",\"code\":200}', '0', null, '2022-04-02 16:15:31');
INSERT INTO `sys_oper_log` VALUES ('416', '材料入库修改仓库管理', '2', 'com.ruoyi.web.controller.storage.MmsStoreController.editDueToReceived()', 'PUT', '1', 'admin', null, '/storage/store/received', '127.0.0.1', '内网IP', '{\"updateTime\":1648887332001,\"params\":{},\"storeId\":3,\"userId\":1,\"proId\":4,\"mmsStoreMaterialList\":[{\"remark\":\"\",\"params\":{},\"storeId\":3,\"matId\":10000,\"id\":4},{\"remark\":\"\",\"params\":{},\"storeId\":3,\"matId\":10002,\"id\":5}],\"status\":\"0\"}', null, '1', 'nested exception is org.apache.ibatis.reflection.ReflectionException: There is no getter for property named \'conUprice\' in \'class com.ruoyi.storage.domain.MmsStoreMaterial\'', '2022-04-02 16:15:32');
INSERT INTO `sys_oper_log` VALUES ('417', '材料入库', '2', 'com.ruoyi.web.controller.inventory.MmsReceivedController.edit()', 'PUT', '1', 'admin', null, '/inventory/received', '127.0.0.1', '内网IP', '{\"supplierId\":1,\"contract\":{\"params\":{},\"proId\":4,\"conId\":2},\"project\":{\"params\":{},\"proId\":4},\"updateTime\":1648887415088,\"store\":{\"params\":{},\"storeId\":3,\"proId\":4},\"params\":{},\"storeId\":3,\"userId\":1,\"mmsReceivedMaterialList\":[{\"conUprice\":1.0,\"conTprice\":1.1,\"remark\":\"\",\"params\":{},\"inId\":4,\"conTax\":0.1,\"matId\":10000,\"id\":4,\"inNum\":1},{\"conUprice\":1.0,\"conTprice\":1.1,\"remark\":\"\",\"params\":{},\"inId\":4,\"conTax\":0.1,\"matId\":10002,\"id\":5,\"inNum\":1}],\"inName\":\"2号入库材料\",\"inId\":4,\"createBy\":\"\",\"createTime\":1648366372000,\"updateBy\":\"\",\"proId\":4,\"supplier\":{\"supplierId\":1,\"params\":{}},\"conId\":2,\"user\":{\"admin\":true,\"params\":{},\"userId\":1},\"status\":\"2\"}', '{\"msg\":\"操作成功\",\"code\":200}', '0', null, '2022-04-02 16:16:55');
INSERT INTO `sys_oper_log` VALUES ('418', '材料入库修改仓库管理', '2', 'com.ruoyi.web.controller.storage.MmsStoreController.editDueToReceived()', 'PUT', '1', 'admin', null, '/storage/store/received', '127.0.0.1', '内网IP', '{\"updateTime\":1648887415390,\"params\":{},\"storeId\":3,\"userId\":1,\"proId\":4,\"mmsStoreMaterialList\":[{\"remark\":\"\",\"params\":{},\"storeId\":3,\"matId\":10000,\"id\":4},{\"remark\":\"\",\"params\":{},\"storeId\":3,\"matId\":10002,\"id\":5}],\"status\":\"0\"}', null, '1', 'nested exception is org.apache.ibatis.reflection.ReflectionException: There is no getter for property named \'conUprice\' in \'class com.ruoyi.storage.domain.MmsStoreMaterial\'', '2022-04-02 16:16:55');
INSERT INTO `sys_oper_log` VALUES ('419', '材料入库修改仓库管理', '2', 'com.ruoyi.web.controller.storage.MmsStoreController.editDueToReceived()', 'PUT', '1', 'admin', null, '/storage/store/received', '127.0.0.1', '内网IP', '{\"updateTime\":1648890061587,\"params\":{},\"storeId\":3,\"userId\":1,\"proId\":4,\"mmsStoreMaterialList\":[{\"remark\":\"\",\"params\":{},\"storeId\":3,\"matId\":10000,\"id\":4},{\"remark\":\"\",\"params\":{},\"storeId\":3,\"matId\":10002,\"id\":5}],\"status\":\"0\"}', null, '1', 'nested exception is org.apache.ibatis.reflection.ReflectionException: There is no getter for property named \'conUprice\' in \'class com.ruoyi.storage.domain.MmsStoreMaterial\'', '2022-04-02 17:01:01');
INSERT INTO `sys_oper_log` VALUES ('420', '材料入库', '2', 'com.ruoyi.web.controller.inventory.MmsReceivedController.edit()', 'PUT', '1', 'admin', null, '/inventory/received', '127.0.0.1', '内网IP', '{\"supplierId\":1,\"contract\":{\"params\":{},\"proId\":4,\"conId\":2},\"project\":{\"params\":{},\"proId\":4},\"updateTime\":1648890061328,\"store\":{\"params\":{},\"storeId\":3,\"proId\":4},\"params\":{},\"storeId\":3,\"userId\":1,\"mmsReceivedMaterialList\":[{\"conUprice\":1.0,\"conTprice\":1.1,\"remark\":\"\",\"params\":{},\"inId\":4,\"conTax\":0.1,\"matId\":10000,\"id\":4,\"inNum\":1},{\"conUprice\":1.0,\"conTprice\":1.1,\"remark\":\"\",\"params\":{},\"inId\":4,\"conTax\":0.1,\"matId\":10002,\"id\":5,\"inNum\":1}],\"inName\":\"2号入库材料\",\"inId\":4,\"createBy\":\"\",\"createTime\":1648366372000,\"updateBy\":\"\",\"proId\":4,\"supplier\":{\"supplierId\":1,\"params\":{}},\"conId\":2,\"user\":{\"admin\":true,\"params\":{},\"userId\":1},\"status\":\"2\"}', '{\"msg\":\"操作成功\",\"code\":200}', '0', null, '2022-04-02 17:01:01');
INSERT INTO `sys_oper_log` VALUES ('421', '材料入库修改仓库管理', '2', 'com.ruoyi.web.controller.storage.MmsStoreController.editDueToReceived()', 'PUT', '1', 'admin', null, '/storage/store/received', '127.0.0.1', '内网IP', '{\"updateTime\":1648895718028,\"params\":{},\"storeId\":1,\"userId\":1,\"proId\":1,\"mmsStoreMaterialList\":[{\"remark\":\"\",\"params\":{},\"matId\":10000,\"id\":1},{\"remark\":\"\",\"params\":{},\"matId\":10001,\"id\":2},{\"remark\":\"\",\"params\":{},\"matId\":10002,\"id\":7}],\"status\":\"0\"}', '{\"msg\":\"操作成功\",\"code\":200}', '0', null, '2022-04-02 18:35:18');
INSERT INTO `sys_oper_log` VALUES ('422', '材料入库', '2', 'com.ruoyi.web.controller.inventory.MmsReceivedController.edit()', 'PUT', '1', 'admin', null, '/inventory/received', '127.0.0.1', '内网IP', '{\"supplierId\":1,\"contract\":{\"params\":{},\"proId\":1,\"conId\":1},\"project\":{\"params\":{},\"proId\":1},\"updateTime\":1648895718373,\"store\":{\"params\":{},\"storeId\":1,\"proId\":1},\"params\":{},\"storeId\":1,\"userId\":1,\"mmsReceivedMaterialList\":[{\"conUprice\":10.0,\"conTprice\":12.0,\"remark\":\"\",\"params\":{},\"inId\":2,\"conTax\":0.2,\"matId\":10000,\"id\":1,\"inNum\":1000},{\"conUprice\":9.0,\"conTprice\":10.8,\"remark\":\"\",\"params\":{},\"inId\":2,\"conTax\":0.2,\"matId\":10001,\"id\":2,\"inNum\":1000},{\"conUprice\":11.0,\"conTprice\":13.2,\"remark\":\"\",\"params\":{},\"inId\":2,\"conTax\":0.2,\"matId\":10002,\"id\":7,\"inNum\":1000}],\"inName\":\"1号入库材料\",\"inId\":2,\"createBy\":\"\",\"createTime\":1648364510000,\"updateBy\":\"\",\"proId\":1,\"supplier\":{\"supplierId\":1,\"params\":{}},\"conId\":1,\"user\":{\"admin\":true,\"params\":{},\"userId\":1},\"status\":\"2\"}', '{\"msg\":\"操作成功\",\"code\":200}', '0', null, '2022-04-02 18:35:18');
INSERT INTO `sys_oper_log` VALUES ('423', '材料入库', '2', 'com.ruoyi.web.controller.inventory.MmsReceivedController.edit()', 'PUT', '1', 'admin', null, '/inventory/received', '127.0.0.1', '内网IP', '{\"supplierId\":1,\"contract\":{\"params\":{},\"proId\":1,\"conId\":1},\"project\":{\"params\":{},\"proId\":1},\"updateTime\":1648895828288,\"store\":{\"params\":{},\"storeId\":1,\"proId\":1},\"params\":{},\"storeId\":1,\"userId\":1,\"mmsReceivedMaterialList\":[{\"conUprice\":10.0,\"conTprice\":12.0,\"remark\":\"\",\"params\":{},\"inId\":2,\"conTax\":0.2,\"matId\":10000,\"id\":1,\"inNum\":1000},{\"conUprice\":9.0,\"conTprice\":10.8,\"remark\":\"\",\"params\":{},\"inId\":2,\"conTax\":0.2,\"matId\":10001,\"id\":2,\"inNum\":1000},{\"conUprice\":11.0,\"conTprice\":13.2,\"remark\":\"\",\"params\":{},\"inId\":2,\"conTax\":0.2,\"matId\":10002,\"id\":7,\"inNum\":1000}],\"inName\":\"1号入库材料\",\"inId\":2,\"createBy\":\"\",\"createTime\":1648364510000,\"updateBy\":\"\",\"proId\":1,\"supplier\":{\"supplierId\":1,\"params\":{}},\"conId\":1,\"user\":{\"admin\":true,\"params\":{},\"userId\":1},\"status\":\"2\"}', '{\"msg\":\"操作成功\",\"code\":200}', '0', null, '2022-04-02 18:37:08');
INSERT INTO `sys_oper_log` VALUES ('424', '材料入库修改仓库管理', '2', 'com.ruoyi.web.controller.storage.MmsStoreController.editDueToReceived()', 'PUT', '1', 'admin', null, '/storage/store/received', '127.0.0.1', '内网IP', '{\"updateTime\":1648895828281,\"params\":{},\"storeId\":1,\"userId\":1,\"proId\":1,\"mmsStoreMaterialList\":[{\"remark\":\"\",\"params\":{},\"matId\":10000,\"id\":1},{\"remark\":\"\",\"params\":{},\"matId\":10001,\"id\":2},{\"remark\":\"\",\"params\":{},\"matId\":10002,\"id\":7}],\"status\":\"0\"}', '{\"msg\":\"操作成功\",\"code\":200}', '0', null, '2022-04-02 18:37:08');
INSERT INTO `sys_oper_log` VALUES ('425', '仓库管理', '2', 'com.ruoyi.web.controller.storage.MmsStoreController.edit()', 'PUT', '1', 'admin', null, '/storage/store', '127.0.0.1', '内网IP', '{\"project\":{\"params\":{},\"proId\":1},\"updateTime\":1648897395879,\"params\":{},\"storeId\":1,\"userId\":1,\"createBy\":\"\",\"createTime\":1648307982000,\"storeAddress\":\"湖北宜昌\",\"updateBy\":\"\",\"proId\":1,\"storePhone\":\"15888888888\",\"storeName\":\"1号仓库\",\"mmsStoreMaterialList\":[{\"matUprice\":1,\"remark\":\"\",\"matNum\":1,\"matTprice\":1,\"params\":{},\"storeId\":1,\"matId\":10000}],\"user\":{\"admin\":true,\"params\":{},\"userId\":1},\"status\":\"0\"}', '{\"msg\":\"操作成功\",\"code\":200}', '0', null, '2022-04-02 19:03:16');
INSERT INTO `sys_oper_log` VALUES ('426', '材料入库', '2', 'com.ruoyi.web.controller.inventory.MmsReceivedController.edit()', 'PUT', '1', 'admin', null, '/inventory/received', '127.0.0.1', '内网IP', '{\"supplierId\":1,\"contract\":{\"params\":{},\"proId\":1,\"conId\":1},\"project\":{\"params\":{},\"proId\":1},\"updateTime\":1648897425307,\"store\":{\"params\":{},\"storeId\":1,\"proId\":1},\"params\":{},\"storeId\":1,\"userId\":1,\"mmsReceivedMaterialList\":[{\"conUprice\":10.0,\"conTprice\":12.0,\"remark\":\"\",\"params\":{},\"inId\":2,\"conTax\":0.2,\"matId\":10000,\"id\":1,\"inNum\":1000},{\"conUprice\":9.0,\"conTprice\":10.8,\"remark\":\"\",\"params\":{},\"inId\":2,\"conTax\":0.2,\"matId\":10001,\"id\":2,\"inNum\":1000},{\"conUprice\":11.0,\"conTprice\":13.2,\"remark\":\"\",\"params\":{},\"inId\":2,\"conTax\":0.2,\"matId\":10002,\"id\":7,\"inNum\":1000}],\"inName\":\"1号入库材料\",\"inId\":2,\"createBy\":\"\",\"createTime\":1648364510000,\"updateBy\":\"\",\"proId\":1,\"supplier\":{\"supplierId\":1,\"params\":{}},\"conId\":1,\"user\":{\"admin\":true,\"params\":{},\"userId\":1},\"status\":\"2\"}', '{\"msg\":\"操作成功\",\"code\":200}', '0', null, '2022-04-02 19:03:45');
INSERT INTO `sys_oper_log` VALUES ('427', '材料入库修改仓库管理', '2', 'com.ruoyi.web.controller.storage.MmsStoreController.editDueToReceived()', 'PUT', '1', 'admin', null, '/storage/store/received', '127.0.0.1', '内网IP', '{\"updateTime\":1648897425303,\"params\":{},\"storeId\":1,\"userId\":1,\"proId\":1,\"mmsStoreMaterialList\":[{\"remark\":\"\",\"params\":{},\"matId\":10000,\"id\":1},{\"remark\":\"\",\"params\":{},\"matId\":10001,\"id\":2},{\"remark\":\"\",\"params\":{},\"matId\":10002,\"id\":7}],\"status\":\"0\"}', '{\"msg\":\"操作成功\",\"code\":200}', '0', null, '2022-04-02 19:03:45');
INSERT INTO `sys_oper_log` VALUES ('428', '仓库管理', '2', 'com.ruoyi.web.controller.storage.MmsStoreController.edit()', 'PUT', '1', 'admin', null, '/storage/store', '127.0.0.1', '内网IP', '{\"project\":{\"params\":{},\"proId\":1},\"updateTime\":1648898224136,\"params\":{},\"storeId\":1,\"userId\":1,\"createBy\":\"\",\"createTime\":1648307982000,\"storeAddress\":\"湖北宜昌\",\"updateBy\":\"\",\"proId\":1,\"storePhone\":\"15888888888\",\"storeName\":\"1号仓库\",\"mmsStoreMaterialList\":[{\"matUprice\":1,\"remark\":\"\",\"matNum\":1,\"matTprice\":1,\"params\":{},\"storeId\":1,\"matId\":10002}],\"user\":{\"admin\":true,\"params\":{},\"userId\":1},\"status\":\"0\"}', '{\"msg\":\"操作成功\",\"code\":200}', '0', null, '2022-04-02 19:17:04');
INSERT INTO `sys_oper_log` VALUES ('429', '材料入库', '2', 'com.ruoyi.web.controller.inventory.MmsReceivedController.edit()', 'PUT', '1', 'admin', null, '/inventory/received', '127.0.0.1', '内网IP', '{\"supplierId\":1,\"contract\":{\"params\":{},\"proId\":1,\"conId\":1},\"project\":{\"params\":{},\"proId\":1},\"updateTime\":1648898237037,\"store\":{\"params\":{},\"storeId\":1,\"proId\":1},\"params\":{},\"storeId\":1,\"userId\":1,\"mmsReceivedMaterialList\":[{\"conUprice\":10.0,\"conTprice\":12.0,\"remark\":\"\",\"params\":{},\"inId\":2,\"conTax\":0.2,\"matId\":10000,\"id\":1,\"inNum\":1000},{\"conUprice\":9.0,\"conTprice\":10.8,\"remark\":\"\",\"params\":{},\"inId\":2,\"conTax\":0.2,\"matId\":10001,\"id\":2,\"inNum\":1000},{\"conUprice\":11.0,\"conTprice\":13.2,\"remark\":\"\",\"params\":{},\"inId\":2,\"conTax\":0.2,\"matId\":10002,\"id\":7,\"inNum\":1000}],\"inName\":\"1号入库材料\",\"inId\":2,\"createBy\":\"\",\"createTime\":1648364510000,\"updateBy\":\"\",\"proId\":1,\"supplier\":{\"supplierId\":1,\"params\":{}},\"conId\":1,\"user\":{\"admin\":true,\"params\":{},\"userId\":1},\"status\":\"2\"}', '{\"msg\":\"操作成功\",\"code\":200}', '0', null, '2022-04-02 19:17:17');
INSERT INTO `sys_oper_log` VALUES ('430', '材料入库修改仓库管理', '2', 'com.ruoyi.web.controller.storage.MmsStoreController.editDueToReceived()', 'PUT', '1', 'admin', null, '/storage/store/received', '127.0.0.1', '内网IP', '{\"updateTime\":1648898237332,\"params\":{},\"storeId\":1,\"userId\":1,\"proId\":1,\"mmsStoreMaterialList\":[{\"remark\":\"\",\"params\":{},\"matId\":10000,\"id\":1},{\"remark\":\"\",\"params\":{},\"matId\":10001,\"id\":2},{\"remark\":\"\",\"params\":{},\"matId\":10002,\"id\":7}],\"status\":\"0\"}', '{\"msg\":\"操作成功\",\"code\":200}', '0', null, '2022-04-02 19:17:17');
INSERT INTO `sys_oper_log` VALUES ('431', '仓库管理', '2', 'com.ruoyi.web.controller.storage.MmsStoreController.edit()', 'PUT', '1', 'admin', null, '/storage/store', '127.0.0.1', '内网IP', '{\"project\":{\"params\":{},\"proId\":1},\"updateTime\":1648898681592,\"params\":{},\"storeId\":1,\"userId\":1,\"createBy\":\"\",\"createTime\":1648307982000,\"storeAddress\":\"湖北宜昌\",\"updateBy\":\"\",\"proId\":1,\"storePhone\":\"15888888888\",\"storeName\":\"1号仓库\",\"mmsStoreMaterialList\":[{\"matUprice\":1,\"remark\":\"\",\"matNum\":1,\"matTprice\":1,\"params\":{},\"storeId\":1,\"matId\":10002}],\"user\":{\"admin\":true,\"params\":{},\"userId\":1},\"status\":\"0\"}', '{\"msg\":\"操作成功\",\"code\":200}', '0', null, '2022-04-02 19:24:41');
INSERT INTO `sys_oper_log` VALUES ('432', '材料入库', '2', 'com.ruoyi.web.controller.inventory.MmsReceivedController.edit()', 'PUT', '1', 'admin', null, '/inventory/received', '127.0.0.1', '内网IP', '{\"supplierId\":1,\"contract\":{\"params\":{},\"proId\":1,\"conId\":1},\"project\":{\"params\":{},\"proId\":1},\"updateTime\":1648898691950,\"store\":{\"params\":{},\"storeId\":1,\"proId\":1},\"params\":{},\"storeId\":1,\"userId\":1,\"mmsReceivedMaterialList\":[{\"conUprice\":10.0,\"conTprice\":12.0,\"remark\":\"\",\"params\":{},\"inId\":2,\"conTax\":0.2,\"matId\":10000,\"id\":1,\"inNum\":1000},{\"conUprice\":9.0,\"conTprice\":10.8,\"remark\":\"\",\"params\":{},\"inId\":2,\"conTax\":0.2,\"matId\":10001,\"id\":2,\"inNum\":1000},{\"conUprice\":11.0,\"conTprice\":13.2,\"remark\":\"\",\"params\":{},\"inId\":2,\"conTax\":0.2,\"matId\":10002,\"id\":7,\"inNum\":1000}],\"inName\":\"1号入库材料\",\"inId\":2,\"createBy\":\"\",\"createTime\":1648364510000,\"updateBy\":\"\",\"proId\":1,\"supplier\":{\"supplierId\":1,\"params\":{}},\"conId\":1,\"user\":{\"admin\":true,\"params\":{},\"userId\":1},\"status\":\"2\"}', '{\"msg\":\"操作成功\",\"code\":200}', '0', null, '2022-04-02 19:24:52');
INSERT INTO `sys_oper_log` VALUES ('433', '材料入库修改仓库管理', '2', 'com.ruoyi.web.controller.storage.MmsStoreController.editDueToReceived()', 'PUT', '1', 'admin', null, '/storage/store/received', '127.0.0.1', '内网IP', '{\"updateTime\":1648898691940,\"params\":{},\"storeId\":1,\"userId\":1,\"proId\":1,\"mmsStoreMaterialList\":[{\"remark\":\"\",\"params\":{},\"matId\":10000,\"id\":1},{\"remark\":\"\",\"params\":{},\"matId\":10001,\"id\":2},{\"remark\":\"\",\"params\":{},\"matId\":10002,\"id\":7}],\"status\":\"0\"}', '{\"msg\":\"操作成功\",\"code\":200}', '0', null, '2022-04-02 19:24:52');
INSERT INTO `sys_oper_log` VALUES ('434', '材料入库', '2', 'com.ruoyi.web.controller.inventory.MmsReceivedController.edit()', 'PUT', '1', 'admin', null, '/inventory/received', '127.0.0.1', '内网IP', '{\"supplierId\":1,\"contract\":{\"params\":{},\"proId\":1,\"conId\":1},\"project\":{\"params\":{},\"proId\":1},\"updateTime\":1648900032050,\"store\":{\"params\":{},\"storeId\":1,\"proId\":1},\"params\":{},\"storeId\":1,\"userId\":1,\"mmsReceivedMaterialList\":[{\"conUprice\":10.0,\"conTprice\":12.0,\"remark\":\"\",\"params\":{},\"inId\":2,\"conTax\":0.2,\"matId\":10000,\"id\":1,\"inNum\":1000},{\"conUprice\":9.0,\"conTprice\":10.8,\"remark\":\"\",\"params\":{},\"inId\":2,\"conTax\":0.2,\"matId\":10001,\"id\":2,\"inNum\":1000},{\"conUprice\":11.0,\"conTprice\":13.2,\"remark\":\"\",\"params\":{},\"inId\":2,\"conTax\":0.2,\"matId\":10002,\"id\":7,\"inNum\":1000}],\"inName\":\"1号入库材料\",\"inId\":2,\"createBy\":\"\",\"createTime\":1648364510000,\"updateBy\":\"\",\"proId\":1,\"supplier\":{\"supplierId\":1,\"params\":{}},\"conId\":1,\"user\":{\"admin\":true,\"params\":{},\"userId\":1},\"status\":\"2\"}', '{\"msg\":\"操作成功\",\"code\":200}', '0', null, '2022-04-02 19:47:12');
INSERT INTO `sys_oper_log` VALUES ('435', '材料入库修改仓库管理', '2', 'com.ruoyi.web.controller.storage.MmsStoreController.editDueToReceived()', 'PUT', '1', 'admin', null, '/storage/store/received', '127.0.0.1', '内网IP', '{\"updateTime\":1648900032277,\"params\":{},\"storeId\":1,\"userId\":1,\"proId\":1,\"mmsStoreMaterialList\":[{\"remark\":\"\",\"params\":{},\"matId\":10000,\"id\":1},{\"remark\":\"\",\"params\":{},\"matId\":10001,\"id\":2},{\"remark\":\"\",\"params\":{},\"matId\":10002,\"id\":7}],\"status\":\"0\"}', '{\"msg\":\"操作成功\",\"code\":200}', '0', null, '2022-04-02 19:47:12');
INSERT INTO `sys_oper_log` VALUES ('436', '材料入库修改仓库管理', '2', 'com.ruoyi.web.controller.storage.MmsStoreController.editDueToReceived()', 'PUT', '1', 'admin', null, '/storage/store/received', '127.0.0.1', '内网IP', '{\"updateTime\":1648900320051,\"params\":{},\"storeId\":1,\"userId\":1,\"proId\":1,\"mmsStoreMaterialList\":[{\"remark\":\"\",\"params\":{},\"matId\":10000,\"id\":1},{\"remark\":\"\",\"params\":{},\"matId\":10001,\"id\":2},{\"remark\":\"\",\"params\":{},\"matId\":10002,\"id\":7}],\"status\":\"0\"}', '{\"msg\":\"操作成功\",\"code\":200}', '0', null, '2022-04-02 19:52:00');
INSERT INTO `sys_oper_log` VALUES ('437', '材料入库', '2', 'com.ruoyi.web.controller.inventory.MmsReceivedController.edit()', 'PUT', '1', 'admin', null, '/inventory/received', '127.0.0.1', '内网IP', '{\"supplierId\":1,\"contract\":{\"params\":{},\"proId\":1,\"conId\":1},\"project\":{\"params\":{},\"proId\":1},\"updateTime\":1648900320069,\"store\":{\"params\":{},\"storeId\":1,\"proId\":1},\"params\":{},\"storeId\":1,\"userId\":1,\"mmsReceivedMaterialList\":[{\"conUprice\":10.0,\"conTprice\":12.0,\"remark\":\"\",\"params\":{},\"inId\":2,\"conTax\":0.2,\"matId\":10000,\"id\":1,\"inNum\":1000},{\"conUprice\":9.0,\"conTprice\":10.8,\"remark\":\"\",\"params\":{},\"inId\":2,\"conTax\":0.2,\"matId\":10001,\"id\":2,\"inNum\":1000},{\"conUprice\":11.0,\"conTprice\":13.2,\"remark\":\"\",\"params\":{},\"inId\":2,\"conTax\":0.2,\"matId\":10002,\"id\":7,\"inNum\":1000}],\"inName\":\"1号入库材料\",\"inId\":2,\"createBy\":\"\",\"createTime\":1648364510000,\"updateBy\":\"\",\"proId\":1,\"supplier\":{\"supplierId\":1,\"params\":{}},\"conId\":1,\"user\":{\"admin\":true,\"params\":{},\"userId\":1},\"status\":\"2\"}', '{\"msg\":\"操作成功\",\"code\":200}', '0', null, '2022-04-02 19:52:00');
INSERT INTO `sys_oper_log` VALUES ('438', '材料入库修改仓库管理', '2', 'com.ruoyi.web.controller.storage.MmsStoreController.editDueToReceived()', 'PUT', '1', 'admin', null, '/storage/store/received', '127.0.0.1', '内网IP', '{\"updateTime\":1648900870911,\"params\":{},\"storeId\":1,\"userId\":1,\"proId\":1,\"mmsStoreMaterialList\":[{\"remark\":\"\",\"params\":{},\"matId\":10000,\"id\":1},{\"remark\":\"\",\"params\":{},\"matId\":10001,\"id\":2},{\"remark\":\"\",\"params\":{},\"matId\":10002,\"id\":7}],\"status\":\"0\"}', '{\"msg\":\"操作成功\",\"code\":200}', '0', null, '2022-04-02 20:01:11');
INSERT INTO `sys_oper_log` VALUES ('439', '材料入库', '2', 'com.ruoyi.web.controller.inventory.MmsReceivedController.edit()', 'PUT', '1', 'admin', null, '/inventory/received', '127.0.0.1', '内网IP', '{\"supplierId\":1,\"contract\":{\"params\":{},\"proId\":1,\"conId\":1},\"project\":{\"params\":{},\"proId\":1},\"updateTime\":1648900870913,\"store\":{\"params\":{},\"storeId\":1,\"proId\":1},\"params\":{},\"storeId\":1,\"userId\":1,\"mmsReceivedMaterialList\":[{\"conUprice\":10.0,\"conTprice\":12.0,\"remark\":\"\",\"params\":{},\"inId\":2,\"conTax\":0.2,\"matId\":10000,\"id\":1,\"inNum\":1000},{\"conUprice\":9.0,\"conTprice\":10.8,\"remark\":\"\",\"params\":{},\"inId\":2,\"conTax\":0.2,\"matId\":10001,\"id\":2,\"inNum\":1000},{\"conUprice\":11.0,\"conTprice\":13.2,\"remark\":\"\",\"params\":{},\"inId\":2,\"conTax\":0.2,\"matId\":10002,\"id\":7,\"inNum\":1000}],\"inName\":\"1号入库材料\",\"inId\":2,\"createBy\":\"\",\"createTime\":1648364510000,\"updateBy\":\"\",\"proId\":1,\"supplier\":{\"supplierId\":1,\"params\":{}},\"conId\":1,\"user\":{\"admin\":true,\"params\":{},\"userId\":1},\"status\":\"2\"}', '{\"msg\":\"操作成功\",\"code\":200}', '0', null, '2022-04-02 20:01:11');
INSERT INTO `sys_oper_log` VALUES ('440', '材料入库', '2', 'com.ruoyi.web.controller.inventory.MmsReceivedController.edit()', 'PUT', '1', 'admin', null, '/inventory/received', '127.0.0.1', '内网IP', '{\"supplierId\":1,\"contract\":{\"params\":{},\"proId\":1,\"conId\":1},\"project\":{\"params\":{},\"proId\":1},\"updateTime\":1648901092487,\"store\":{\"params\":{},\"storeId\":1,\"proId\":1},\"params\":{},\"storeId\":1,\"userId\":1,\"mmsReceivedMaterialList\":[{\"conUprice\":10.0,\"conTprice\":12.0,\"remark\":\"\",\"params\":{},\"inId\":2,\"conTax\":0.2,\"matId\":10000,\"id\":1,\"inNum\":1000},{\"conUprice\":9.0,\"conTprice\":10.8,\"remark\":\"\",\"params\":{},\"inId\":2,\"conTax\":0.2,\"matId\":10001,\"id\":2,\"inNum\":1000},{\"conUprice\":11.0,\"conTprice\":13.2,\"remark\":\"\",\"params\":{},\"inId\":2,\"conTax\":0.2,\"matId\":10002,\"id\":7,\"inNum\":1000}],\"inName\":\"1号入库材料\",\"inId\":2,\"createBy\":\"\",\"createTime\":1648364510000,\"updateBy\":\"\",\"proId\":1,\"supplier\":{\"supplierId\":1,\"params\":{}},\"conId\":1,\"user\":{\"admin\":true,\"params\":{},\"userId\":1},\"status\":\"2\"}', '{\"msg\":\"操作成功\",\"code\":200}', '0', null, '2022-04-02 20:04:52');
INSERT INTO `sys_oper_log` VALUES ('441', '材料入库修改仓库管理', '2', 'com.ruoyi.web.controller.storage.MmsStoreController.editDueToReceived()', 'PUT', '1', 'admin', null, '/storage/store/received', '127.0.0.1', '内网IP', '{\"updateTime\":1648901092786,\"params\":{},\"storeId\":1,\"userId\":1,\"proId\":1,\"mmsStoreMaterialList\":[{\"remark\":\"\",\"params\":{},\"matId\":10000,\"id\":1},{\"remark\":\"\",\"params\":{},\"matId\":10001,\"id\":2},{\"remark\":\"\",\"params\":{},\"matId\":10002,\"id\":7}],\"status\":\"0\"}', '{\"msg\":\"操作成功\",\"code\":200}', '0', null, '2022-04-02 20:04:52');

-- ----------------------------
-- Table structure for sys_post
-- ----------------------------
DROP TABLE IF EXISTS `sys_post`;
CREATE TABLE `sys_post` (
  `post_id` bigint(20) NOT NULL AUTO_INCREMENT COMMENT '岗位ID',
  `post_code` varchar(64) NOT NULL COMMENT '岗位编码',
  `post_name` varchar(50) NOT NULL COMMENT '岗位名称',
  `post_sort` int(4) NOT NULL COMMENT '显示顺序',
  `status` char(1) NOT NULL COMMENT '状态（0正常 1停用）',
  `create_by` varchar(64) DEFAULT '' COMMENT '创建者',
  `create_time` datetime DEFAULT NULL COMMENT '创建时间',
  `update_by` varchar(64) DEFAULT '' COMMENT '更新者',
  `update_time` datetime DEFAULT NULL COMMENT '更新时间',
  `remark` varchar(500) DEFAULT NULL COMMENT '备注',
  PRIMARY KEY (`post_id`)
) ENGINE=InnoDB AUTO_INCREMENT=5 DEFAULT CHARSET=utf8mb4 COLLATE=utf8mb4_0900_ai_ci COMMENT='岗位信息表';

-- ----------------------------
-- Records of sys_post
-- ----------------------------
INSERT INTO `sys_post` VALUES ('1', 'ceo', '董事长', '1', '0', 'admin', '2022-03-04 13:37:45', '', null, '');
INSERT INTO `sys_post` VALUES ('2', 'se', '项目经理', '2', '0', 'admin', '2022-03-04 13:37:45', '', null, '');
INSERT INTO `sys_post` VALUES ('3', 'hr', '人力资源', '3', '0', 'admin', '2022-03-04 13:37:46', '', null, '');
INSERT INTO `sys_post` VALUES ('4', 'user', '普通员工', '4', '0', 'admin', '2022-03-04 13:37:46', '', null, '');

-- ----------------------------
-- Table structure for sys_role
-- ----------------------------
DROP TABLE IF EXISTS `sys_role`;
CREATE TABLE `sys_role` (
  `role_id` bigint(20) NOT NULL AUTO_INCREMENT COMMENT '角色ID',
  `role_name` varchar(30) NOT NULL COMMENT '角色名称',
  `role_key` varchar(100) NOT NULL COMMENT '角色权限字符串',
  `role_sort` int(4) NOT NULL COMMENT '显示顺序',
  `data_scope` char(1) DEFAULT '1' COMMENT '数据范围（1：全部数据权限 2：自定数据权限 3：本部门数据权限 4：本部门及以下数据权限）',
  `menu_check_strictly` tinyint(1) DEFAULT '1' COMMENT '菜单树选择项是否关联显示',
  `dept_check_strictly` tinyint(1) DEFAULT '1' COMMENT '部门树选择项是否关联显示',
  `status` char(1) NOT NULL COMMENT '角色状态（0正常 1停用）',
  `del_flag` char(1) DEFAULT '0' COMMENT '删除标志（0代表存在 2代表删除）',
  `create_by` varchar(64) DEFAULT '' COMMENT '创建者',
  `create_time` datetime DEFAULT NULL COMMENT '创建时间',
  `update_by` varchar(64) DEFAULT '' COMMENT '更新者',
  `update_time` datetime DEFAULT NULL COMMENT '更新时间',
  `remark` varchar(500) DEFAULT NULL COMMENT '备注',
  PRIMARY KEY (`role_id`)
) ENGINE=InnoDB AUTO_INCREMENT=101 DEFAULT CHARSET=utf8mb4 COLLATE=utf8mb4_0900_ai_ci COMMENT='角色信息表';

-- ----------------------------
-- Records of sys_role
-- ----------------------------
INSERT INTO `sys_role` VALUES ('1', '超级管理员', 'admin', '1', '1', '1', '1', '0', '0', 'admin', '2022-03-04 13:37:46', '', null, '超级管理员');
INSERT INTO `sys_role` VALUES ('2', '普通角色', 'common', '2', '2', '1', '1', '0', '0', 'admin', '2022-03-04 13:37:46', '', null, '普通角色');
INSERT INTO `sys_role` VALUES ('100', '仓管角色', 'keeper', '3', '1', '1', '1', '0', '0', 'admin', '2022-03-18 14:10:48', 'admin', '2022-03-18 14:14:44', null);

-- ----------------------------
-- Table structure for sys_role_dept
-- ----------------------------
DROP TABLE IF EXISTS `sys_role_dept`;
CREATE TABLE `sys_role_dept` (
  `role_id` bigint(20) NOT NULL COMMENT '角色ID',
  `dept_id` bigint(20) NOT NULL COMMENT '部门ID',
  PRIMARY KEY (`role_id`,`dept_id`)
) ENGINE=InnoDB DEFAULT CHARSET=utf8mb4 COLLATE=utf8mb4_0900_ai_ci COMMENT='角色和部门关联表';

-- ----------------------------
-- Records of sys_role_dept
-- ----------------------------
INSERT INTO `sys_role_dept` VALUES ('2', '100');
INSERT INTO `sys_role_dept` VALUES ('2', '101');
INSERT INTO `sys_role_dept` VALUES ('2', '105');

-- ----------------------------
-- Table structure for sys_role_menu
-- ----------------------------
DROP TABLE IF EXISTS `sys_role_menu`;
CREATE TABLE `sys_role_menu` (
  `role_id` bigint(20) NOT NULL COMMENT '角色ID',
  `menu_id` bigint(20) NOT NULL COMMENT '菜单ID',
  PRIMARY KEY (`role_id`,`menu_id`)
) ENGINE=InnoDB DEFAULT CHARSET=utf8mb4 COLLATE=utf8mb4_0900_ai_ci COMMENT='角色和菜单关联表';

-- ----------------------------
-- Records of sys_role_menu
-- ----------------------------
INSERT INTO `sys_role_menu` VALUES ('2', '1');
INSERT INTO `sys_role_menu` VALUES ('2', '2');
INSERT INTO `sys_role_menu` VALUES ('2', '3');
INSERT INTO `sys_role_menu` VALUES ('2', '4');
INSERT INTO `sys_role_menu` VALUES ('2', '100');
INSERT INTO `sys_role_menu` VALUES ('2', '101');
INSERT INTO `sys_role_menu` VALUES ('2', '102');
INSERT INTO `sys_role_menu` VALUES ('2', '103');
INSERT INTO `sys_role_menu` VALUES ('2', '104');
INSERT INTO `sys_role_menu` VALUES ('2', '105');
INSERT INTO `sys_role_menu` VALUES ('2', '106');
INSERT INTO `sys_role_menu` VALUES ('2', '107');
INSERT INTO `sys_role_menu` VALUES ('2', '108');
INSERT INTO `sys_role_menu` VALUES ('2', '109');
INSERT INTO `sys_role_menu` VALUES ('2', '110');
INSERT INTO `sys_role_menu` VALUES ('2', '111');
INSERT INTO `sys_role_menu` VALUES ('2', '112');
INSERT INTO `sys_role_menu` VALUES ('2', '113');
INSERT INTO `sys_role_menu` VALUES ('2', '114');
INSERT INTO `sys_role_menu` VALUES ('2', '115');
INSERT INTO `sys_role_menu` VALUES ('2', '116');
INSERT INTO `sys_role_menu` VALUES ('2', '500');
INSERT INTO `sys_role_menu` VALUES ('2', '501');
INSERT INTO `sys_role_menu` VALUES ('2', '1000');
INSERT INTO `sys_role_menu` VALUES ('2', '1001');
INSERT INTO `sys_role_menu` VALUES ('2', '1002');
INSERT INTO `sys_role_menu` VALUES ('2', '1003');
INSERT INTO `sys_role_menu` VALUES ('2', '1004');
INSERT INTO `sys_role_menu` VALUES ('2', '1005');
INSERT INTO `sys_role_menu` VALUES ('2', '1006');
INSERT INTO `sys_role_menu` VALUES ('2', '1007');
INSERT INTO `sys_role_menu` VALUES ('2', '1008');
INSERT INTO `sys_role_menu` VALUES ('2', '1009');
INSERT INTO `sys_role_menu` VALUES ('2', '1010');
INSERT INTO `sys_role_menu` VALUES ('2', '1011');
INSERT INTO `sys_role_menu` VALUES ('2', '1012');
INSERT INTO `sys_role_menu` VALUES ('2', '1013');
INSERT INTO `sys_role_menu` VALUES ('2', '1014');
INSERT INTO `sys_role_menu` VALUES ('2', '1015');
INSERT INTO `sys_role_menu` VALUES ('2', '1016');
INSERT INTO `sys_role_menu` VALUES ('2', '1017');
INSERT INTO `sys_role_menu` VALUES ('2', '1018');
INSERT INTO `sys_role_menu` VALUES ('2', '1019');
INSERT INTO `sys_role_menu` VALUES ('2', '1020');
INSERT INTO `sys_role_menu` VALUES ('2', '1021');
INSERT INTO `sys_role_menu` VALUES ('2', '1022');
INSERT INTO `sys_role_menu` VALUES ('2', '1023');
INSERT INTO `sys_role_menu` VALUES ('2', '1024');
INSERT INTO `sys_role_menu` VALUES ('2', '1025');
INSERT INTO `sys_role_menu` VALUES ('2', '1026');
INSERT INTO `sys_role_menu` VALUES ('2', '1027');
INSERT INTO `sys_role_menu` VALUES ('2', '1028');
INSERT INTO `sys_role_menu` VALUES ('2', '1029');
INSERT INTO `sys_role_menu` VALUES ('2', '1030');
INSERT INTO `sys_role_menu` VALUES ('2', '1031');
INSERT INTO `sys_role_menu` VALUES ('2', '1032');
INSERT INTO `sys_role_menu` VALUES ('2', '1033');
INSERT INTO `sys_role_menu` VALUES ('2', '1034');
INSERT INTO `sys_role_menu` VALUES ('2', '1035');
INSERT INTO `sys_role_menu` VALUES ('2', '1036');
INSERT INTO `sys_role_menu` VALUES ('2', '1037');
INSERT INTO `sys_role_menu` VALUES ('2', '1038');
INSERT INTO `sys_role_menu` VALUES ('2', '1039');
INSERT INTO `sys_role_menu` VALUES ('2', '1040');
INSERT INTO `sys_role_menu` VALUES ('2', '1041');
INSERT INTO `sys_role_menu` VALUES ('2', '1042');
INSERT INTO `sys_role_menu` VALUES ('2', '1043');
INSERT INTO `sys_role_menu` VALUES ('2', '1044');
INSERT INTO `sys_role_menu` VALUES ('2', '1045');
INSERT INTO `sys_role_menu` VALUES ('2', '1046');
INSERT INTO `sys_role_menu` VALUES ('2', '1047');
INSERT INTO `sys_role_menu` VALUES ('2', '1048');
INSERT INTO `sys_role_menu` VALUES ('2', '1049');
INSERT INTO `sys_role_menu` VALUES ('2', '1050');
INSERT INTO `sys_role_menu` VALUES ('2', '1051');
INSERT INTO `sys_role_menu` VALUES ('2', '1052');
INSERT INTO `sys_role_menu` VALUES ('2', '1053');
INSERT INTO `sys_role_menu` VALUES ('2', '1054');
INSERT INTO `sys_role_menu` VALUES ('2', '1055');
INSERT INTO `sys_role_menu` VALUES ('2', '1056');
INSERT INTO `sys_role_menu` VALUES ('2', '1057');
INSERT INTO `sys_role_menu` VALUES ('2', '1058');
INSERT INTO `sys_role_menu` VALUES ('2', '1059');
INSERT INTO `sys_role_menu` VALUES ('2', '1060');
INSERT INTO `sys_role_menu` VALUES ('100', '2099');
INSERT INTO `sys_role_menu` VALUES ('100', '2106');
INSERT INTO `sys_role_menu` VALUES ('100', '2107');
INSERT INTO `sys_role_menu` VALUES ('100', '2111');
INSERT INTO `sys_role_menu` VALUES ('100', '2112');
INSERT INTO `sys_role_menu` VALUES ('100', '2113');
INSERT INTO `sys_role_menu` VALUES ('100', '2117');
INSERT INTO `sys_role_menu` VALUES ('100', '2118');
INSERT INTO `sys_role_menu` VALUES ('100', '2125');
INSERT INTO `sys_role_menu` VALUES ('100', '2126');
INSERT INTO `sys_role_menu` VALUES ('100', '2127');
INSERT INTO `sys_role_menu` VALUES ('100', '2128');
INSERT INTO `sys_role_menu` VALUES ('100', '2129');
INSERT INTO `sys_role_menu` VALUES ('100', '2130');

-- ----------------------------
-- Table structure for sys_user
-- ----------------------------
DROP TABLE IF EXISTS `sys_user`;
CREATE TABLE `sys_user` (
  `user_id` bigint(20) NOT NULL AUTO_INCREMENT COMMENT '用户ID',
  `dept_id` bigint(20) DEFAULT NULL COMMENT '部门ID',
  `user_name` varchar(30) NOT NULL COMMENT '用户账号',
  `nick_name` varchar(30) NOT NULL COMMENT '用户昵称',
  `user_type` varchar(2) DEFAULT '00' COMMENT '用户类型（00系统用户）',
  `email` varchar(50) DEFAULT '' COMMENT '用户邮箱',
  `phonenumber` varchar(11) DEFAULT '' COMMENT '手机号码',
  `sex` char(1) DEFAULT '0' COMMENT '用户性别（0男 1女 2未知）',
  `avatar` varchar(100) DEFAULT '' COMMENT '头像地址',
  `password` varchar(100) DEFAULT '' COMMENT '密码',
  `status` char(1) DEFAULT '0' COMMENT '帐号状态（0正常 1停用）',
  `del_flag` char(1) DEFAULT '0' COMMENT '删除标志（0代表存在 2代表删除）',
  `login_ip` varchar(128) DEFAULT '' COMMENT '最后登录IP',
  `login_date` datetime DEFAULT NULL COMMENT '最后登录时间',
  `create_by` varchar(64) DEFAULT '' COMMENT '创建者',
  `create_time` datetime DEFAULT NULL COMMENT '创建时间',
  `update_by` varchar(64) DEFAULT '' COMMENT '更新者',
  `update_time` datetime DEFAULT NULL COMMENT '更新时间',
  `remark` varchar(500) DEFAULT NULL COMMENT '备注',
  PRIMARY KEY (`user_id`)
) ENGINE=InnoDB AUTO_INCREMENT=103 DEFAULT CHARSET=utf8mb4 COLLATE=utf8mb4_0900_ai_ci COMMENT='用户信息表';

-- ----------------------------
-- Records of sys_user
-- ----------------------------
INSERT INTO `sys_user` VALUES ('1', '103', 'admin', '林玉婷', '00', 'ry@163.com', '15888888888', '1', '', '$2a$10$7JB720yubVSZvUI0rEqK/.VqGOZTH.ulu33dHOiBE8ByOhJIrdAu2', '0', '0', '127.0.0.1', '2022-04-11 19:50:17', 'admin', '2022-03-04 13:37:45', '', '2022-04-11 19:50:17', '管理员');
INSERT INTO `sys_user` VALUES ('2', '105', 'ry', '若依', '00', 'ry@qq.com', '15666666666', '1', '', '$2a$10$7JB720yubVSZvUI0rEqK/.VqGOZTH.ulu33dHOiBE8ByOhJIrdAu2', '0', '0', '127.0.0.1', '2022-03-04 13:37:45', 'admin', '2022-03-04 13:37:45', '', null, '测试员');
INSERT INTO `sys_user` VALUES ('100', '108', 'anonymous', 'anonymous', '00', '', '', '0', '', '', '0', '0', '', null, '', null, '', null, null);
INSERT INTO `sys_user` VALUES ('101', '105', '林玉婷', 'tingting', '00', '828289933@qq.com', '19898222322', '1', '', '$2a$10$hURHw88KiYA.hzS1tLMh/.3mxM8Bfb60tO8l5WZ7hDUkCbnQgYVpq', '0', '0', '127.0.0.1', '2022-03-18 22:32:43', 'admin', '2022-03-09 20:56:25', 'admin', '2022-03-18 22:32:42', null);
INSERT INTO `sys_user` VALUES ('102', '105', '停停', '林玉婷', '00', '828289933@qq.com', '19898222322', '1', '', '$2a$10$5nl8uyR8i5KlUKEYJbcy/egiHQYWd9VnO4MP1q8A9xt6YjLe6VrdW', '0', '2', '', null, 'admin', '2022-03-09 20:56:27', '', null, null);

-- ----------------------------
-- Table structure for sys_user_post
-- ----------------------------
DROP TABLE IF EXISTS `sys_user_post`;
CREATE TABLE `sys_user_post` (
  `user_id` bigint(20) NOT NULL COMMENT '用户ID',
  `post_id` bigint(20) NOT NULL COMMENT '岗位ID',
  PRIMARY KEY (`user_id`,`post_id`)
) ENGINE=InnoDB DEFAULT CHARSET=utf8mb4 COLLATE=utf8mb4_0900_ai_ci COMMENT='用户与岗位关联表';

-- ----------------------------
-- Records of sys_user_post
-- ----------------------------
INSERT INTO `sys_user_post` VALUES ('1', '1');
INSERT INTO `sys_user_post` VALUES ('2', '2');
INSERT INTO `sys_user_post` VALUES ('101', '4');

-- ----------------------------
-- Table structure for sys_user_role
-- ----------------------------
DROP TABLE IF EXISTS `sys_user_role`;
CREATE TABLE `sys_user_role` (
  `user_id` bigint(20) NOT NULL COMMENT '用户ID',
  `role_id` bigint(20) NOT NULL COMMENT '角色ID',
  PRIMARY KEY (`user_id`,`role_id`)
) ENGINE=InnoDB DEFAULT CHARSET=utf8mb4 COLLATE=utf8mb4_0900_ai_ci COMMENT='用户和角色关联表';

-- ----------------------------
-- Records of sys_user_role
-- ----------------------------
INSERT INTO `sys_user_role` VALUES ('1', '1');
INSERT INTO `sys_user_role` VALUES ('2', '2');
INSERT INTO `sys_user_role` VALUES ('101', '100');
